state,decision_id,decision,score,distinctive_max,distance_km,grid3_id,grid3_code,grid3_name,grid3_admin_path,hfr_id,hfr_code,hfr_name,hfr_admin_path,evidence,review_outcome,reviewer,reviewed_at,reason
Edo,xwd:sha256:0027623667a6f82ab87aae580e4d65df6e0a542c4f80c23e4e108b37bcce44b7,match,0.8312,0.86,0.0,grid3:7dfc4755-d4e1-4696-8469-c86ae9785543,12/17/1/1/1/0028,Ikpeyan Primary Health Center,"{""admin1"": ""Edo"", ""admin2"": ""Owan West"", ""settlement"": ""Okpuje""}",hfr:7dfc4755-d4e1-4696-8469-c86ae9785543,7dfc4755-d4e1-4696-8469-c86ae9785543,Ikpeyan Health Center,"{""admin1"": ""Edo"", ""admin2"": ""Owan West"", ""settlement"": ""EDSSGD10""}","{""admin_path"": 0.6, ""distance_km"": 0.0, ""geo"": 1.0, ""name"": 0.888, ""name_tftoken"": 0.806, ""name_type"": 1.0}",,,,
Edo,xwd:sha256:01432c234d5b958079b019044bbf57c1269bcb7d28952043e8d9df1cfd62ccfe,match,0.9333,1.0,0.0,grid3:7bb37cdf-e26d-4367-8e09-35d39a626feb,12/16/1/1/1/0054,Ikhin Primary Health Center,"{""admin1"": ""Edo"", ""admin2"": ""Owan East"", ""settlement"": ""4 Bimion""}",hfr:7bb37cdf-e26d-4367-8e09-35d39a626feb,7bb37cdf-e26d-4367-8e09-35d39a626feb,Ikhin Primary Health Center,"{""admin1"": ""Edo"", ""admin2"": ""Owan East"", ""settlement"": ""EDSAFZ10""}","{""admin_path"": 0.6, ""distance_km"": 0.0, ""geo"": 1.0, ""name"": 1.0, ""name_tftoken"": 1.0, ""name_type"": 1.0}",,,,
Edo,xwd:sha256:01a3d40fdf39a0e9bd9841392943f37a458fc2b65cf1d7e381ec3c629ce1689f,match,0.7084,0.86,0.27,grid3:4e0992cf-bacb-442a-9e24-31fe0d93a6da,12/16/1/1/1/0056,Ohanmi Primary Health Center,"{""admin1"": ""Edo"", ""admin2"": ""Owan East"", ""settlement"": ""4 Bimion""}",hfr:da6e8622-1425-475f-8519-df9c8cb95f4f,da6e8622-1425-475f-8519-df9c8cb95f4f,Ohami Primary Health Center,"{""admin1"": ""Edo"", ""admin2"": ""Owan East"", ""settlement"": ""EDSAFZ10""}","{""admin_path"": 0.6, ""distance_km"": 0.27, ""geo"": 0.914, ""name"": 0.992, ""name_tftoken"": 0.377, ""name_type"": 1.0}",,,,
Edo,xwd:sha256:021c45f1bd9f6979bc1fe6ddf4fb80a7b616550710f0e9c93c09d20311930f4e,match,0.9333,1.0,0.0,grid3:fea9b58b-bd9e-45f4-aa1d-fcc90590b7f9,12/04/1/1/1/0004,Efandion Primary Health Center,"{""admin1"": ""Edo"", ""admin2"": ""Esan North-East"", ""settlement"": ""Efandion""}",hfr:fea9b58b-bd9e-45f4-aa1d-fcc90590b7f9,fea9b58b-bd9e-45f4-aa1d-fcc90590b7f9,Efandion Primary Health Center,"{""admin1"": ""Edo"", ""admin2"": ""Esan North-East"", ""settlement"": ""EDSURM06""}","{""admin_path"": 0.6, ""distance_km"": 0.0, ""geo"": 1.0, ""name"": 1.0, ""name_tftoken"": 1.0, ""name_type"": 1.0}",,,,
Edo,xwd:sha256:021d4e304dc1fedb5cb92402e0d94a1ef180586a2b274b6e0d59e5e2816dd10b,match,0.7039,0.938,1.42,grid3:81dc2cec-e8b9-4503-b2bb-ed1eaf320b13,12/17/1/1/1/0040,Ukhuse Oke Primary Health Center,"{""admin1"": ""Edo"", ""admin2"": ""Owan West"", ""settlement"": ""Ogbagun/Iloje""}",hfr:b7d3c1cc-6860-4bd9-8a85-071e531e10a0,b7d3c1cc-6860-4bd9-8a85-071e531e10a0,Ukhuse Osi Primary Health Center,"{""admin1"": ""Edo"", ""admin2"": ""Owan West"", ""settlement"": ""EDSSGD07""}","{""admin_path"": 0.6, ""distance_km"": 1.42, ""geo"": 0.624, ""name"": 0.938, ""name_tftoken"": 0.563, ""name_type"": 1.0}",,,,
Edo,xwd:sha256:023b592b4bc40f1b1813a300608aeb3199627b2a16542f69bbca69500b5d6275,match,0.9333,0.86,0.0,grid3:2cec0252-bd47-43fe-a906-b13d977c03e4,12/12/1/1/2/0112,Ariowa Clinic,"{""admin1"": ""Edo"", ""admin2"": ""Oredo"", ""settlement"": ""Oredo 4""}",hfr:2cec0252-bd47-43fe-a906-b13d977c03e4,2cec0252-bd47-43fe-a906-b13d977c03e4,Ariowa Clinic,"{""admin1"": ""Edo"", ""admin2"": ""Oredo"", ""settlement"": ""EDSBEN06""}","{""admin_path"": 0.6, ""distance_km"": 0.0, ""geo"": 1.0, ""name"": 1.0, ""name_tftoken"": 1.0, ""name_type"": 1.0}",,,,
Edo,xwd:sha256:0283163ec1511f22081ad28d4f9c4c6277824da89458fe6e3f230971d2d36858,match,0.8643,0.947,0.0,grid3:eae4c253-3417-47de-bc4c-a2f5f803e3d5,12/12/1/2/2/0010,Time Medical Clinic Maternity,"{""admin1"": ""Edo"", ""admin2"": ""Oredo"", ""settlement"": ""Oredo 3""}",hfr:eae4c253-3417-47de-bc4c-a2f5f803e3d5,eae4c253-3417-47de-bc4c-a2f5f803e3d5,Time Medical Clinic and Maternity,"{""admin1"": ""Edo"", ""admin2"": ""Oredo"", ""settlement"": ""EDSBEN11""}","{""admin_path"": 0.6, ""distance_km"": 0.0, ""geo"": 1.0, ""name"": 0.955, ""name_phrase"": ""time medical"", ""name_phrase_rarity"": 0.947, ""name_tftoken"": 0.838, ""name_type"": 1.0}",,,,
Edo,xwd:sha256:02ec17e698a274c7df9852d473b6a354dbeb9f5dd08381ce837bb616b274cf1e,match,0.9333,0.86,0.0,grid3:a90ccec1-7f54-4930-9d73-dc772d396fdc,12/16/1/1/1/0034,Arokho Primary Health Center,"{""admin1"": ""Edo"", ""admin2"": ""Owan East"", ""settlement"": ""4 Bimion""}",hfr:a90ccec1-7f54-4930-9d73-dc772d396fdc,a90ccec1-7f54-4930-9d73-dc772d396fdc,Arokho Primary Health Center,"{""admin1"": ""Edo"", ""admin2"": ""Owan East"", ""settlement"": ""EDSAFZ10""}","{""admin_path"": 0.6, ""distance_km"": 0.0, ""geo"": 1.0, ""name"": 1.0, ""name_tftoken"": 1.0, ""name_type"": 1.0}",,,,
Edo,xwd:sha256:02ff3142e7cb0ac877080248312ac305b4f4cda7aac1eba9cd1237f27642fc73,match,0.9333,0.86,0.0,grid3:d18fea90-424f-469a-a0f0-88428831194c,12/01/1/1/1/0037,Ugbogbo Primary Health Center,"{""admin1"": ""Edo"", ""admin2"": ""Akoko-Edo"", ""settlement"": ""Ugbogbo""}",hfr:d18fea90-424f-469a-a0f0-88428831194c,d18fea90-424f-469a-a0f0-88428831194c,Ugbogbo Primary Health Center,"{""admin1"": ""Edo"", ""admin2"": ""Akoko-Edo"", ""settlement"": ""EDSGAR01""}","{""admin_path"": 0.6, ""distance_km"": 0.0, ""geo"": 1.0, ""name"": 1.0, ""name_tftoken"": 1.0, ""name_type"": 1.0}",,,,
Edo,xwd:sha256:0305b6696304fa33393a580b9ad1eb243c41e8cac33a4b095744b4961149d745,match,0.9333,0.976,0.0,grid3:bae5e40f-23fb-4432-bf87-c46ac9eed916,12/05/1/1/1/0007,Okhuesan Primary Health Center,"{""admin1"": ""Edo"", ""admin2"": ""Esan South-East"", ""settlement"": ""Emu""}",hfr:bae5e40f-23fb-4432-bf87-c46ac9eed916,bae5e40f-23fb-4432-bf87-c46ac9eed916,Okhuesan Primary Health Center,"{""admin1"": ""Edo"", ""admin2"": ""Esan South-East"", ""settlement"": ""EDSUBJ05""}","{""admin_path"": 0.6, ""distance_km"": 0.0, ""geo"": 1.0, ""name"": 1.0, ""name_tftoken"": 1.0, ""name_type"": 1.0}",,,,
Edo,xwd:sha256:03d85bafcd63bd0e921d7a69c4cd440360b890f6efe1b1d222fd74045acd2a97,match,0.7498,0.861,0.0,grid3:4916ec99-4c8d-4a48-9dbc-92084b3e4d22,12/01/1/1/2/0004,Auchi Polyclinic Cottage Hospital,"{""admin1"": ""Edo"", ""admin2"": ""Etsako West"", ""settlement"": ""Auchi 3""}",hfr:4916ec99-4c8d-4a48-9dbc-92084b3e4d22,4916ec99-4c8d-4a48-9dbc-92084b3e4d22,Auchi Polytechnic Cottage Hospital,"{""admin1"": ""Edo"", ""admin2"": ""Etsako West"", ""settlement"": ""EDSAUC12""}","{""admin_path"": 0.6, ""distance_km"": 0.0, ""geo"": 1.0, ""name"": 0.925, ""name_tftoken"": 0.524, ""name_type"": 1.0}",,,,
Edo,xwd:sha256:03e843887fd1fe87885202d6e3bd51cc65f3b36fedda3b2d42bd743ebe186f5e,match,0.7936,0.88,0.0,grid3:6d535866-be6d-4d56-8447-1e3f2e84a5e7,12/09/1/1/1/0019,Jattu Primary Health Center,"{""admin1"": ""Edo"", ""admin2"": ""Etsako West"", ""settlement"": ""Uzairue S E""}",hfr:6d535866-be6d-4d56-8447-1e3f2e84a5e7,6d535866-be6d-4d56-8447-1e3f2e84a5e7,Jattu Uzairue Primary Health Center,"{""admin1"": ""Edo"", ""admin2"": ""Etsako West"", ""settlement"": ""EDSAUC07""}","{""admin_path"": 0.6, ""distance_km"": 0.0, ""geo"": 1.0, ""name"": 0.88, ""name_tftoken"": 0.701, ""name_type"": 1.0}",,,,
Edo,xwd:sha256:04342dcbbea5f210a646a0dd07530384dbd7560a46fc174fe5b2028e57866ffd,match,0.8048,0.961,0.0,grid3:8aa25e89-c59d-4206-8238-3d1992ee99f0,12/14/1/1/1/0041,Utese Primary Health Center,"{""admin1"": ""Edo"", ""admin2"": ""Ovia North-East"", ""settlement"": ""Uhen""}",hfr:8aa25e89-c59d-4206-8238-3d1992ee99f0,8aa25e89-c59d-4206-8238-3d1992ee99f0,Utese Primary Health Care,"{""admin1"": ""Edo"", ""admin2"": ""Ovia North-East"", ""settlement"": ""EDSAKA07""}","{""admin_path"": 0.6, ""distance_km"": 0.0, ""geo"": 1.0, ""name"": 0.961, ""name_tftoken"": 0.653}",,,,
Edo,xwd:sha256:0469b961a16066bb1a21596efea1bfeb94691927baa2dd1b84448155529d8376,match,0.9333,0.772,0.0,grid3:dd169ead-21db-48f2-b9fe-c63a5a06f399,,Private Dental Clinic,"{""admin1"": ""Edo"", ""admin2"": ""Esan West"", ""settlement"": ""Eguare""}",hfr:dd169ead-21db-48f2-b9fe-c63a5a06f399,dd169ead-21db-48f2-b9fe-c63a5a06f399,Private Dental Clinic,"{""admin1"": ""Edo"", ""admin2"": ""Esan West"", ""settlement"": ""EDSEKP06""}","{""admin_path"": 0.6, ""distance_km"": 0.0, ""geo"": 1.0, ""name"": 1.0, ""name_tftoken"": 1.0, ""name_type"": 1.0}",,,,
Edo,xwd:sha256:04a6dd89d8cdd952103e392b107ab5718c222545be0988492214d0dea5542219,match,0.7948,0.943,0.0,grid3:9a927cc1-4469-4aef-8ebc-b1409de7d223,12/01/1/1/1/0040,Egbetua Primary Health Clinic,"{""admin1"": ""Edo"", ""admin2"": ""Akoko-Edo"", ""settlement"": ""Ososo""}",hfr:9a927cc1-4469-4aef-8ebc-b1409de7d223,9a927cc1-4469-4aef-8ebc-b1409de7d223,Egbetua Primary Health Care,"{""admin1"": ""Edo"", ""admin2"": ""Akoko-Edo"", ""settlement"": ""EDSGAR10""}","{""admin_path"": 0.6, ""distance_km"": 0.0, ""geo"": 1.0, ""name"": 0.943, ""name_tftoken"": 0.641}",,,,
Edo,xwd:sha256:05c653ae851e07d0364a40c671b4ae892297d4577a80cf5526a25816ee179a0d,match,0.8833,0.86,0.0,grid3:ad5a85ed-b528-4131-aab9-a9d996f877ac,,Dominin Nursing and Maternity,"{""admin1"": ""Edo"", ""admin2"": ""Uhunmwode"", ""settlement"": ""Ehor""}",hfr:ad5a85ed-b528-4131-aab9-a9d996f877ac,ad5a85ed-b528-4131-aab9-a9d996f877ac,Dominin Nursing and Maternity,"{""admin1"": ""Edo"", ""admin2"": ""Uhunmwonde"", ""settlement"": ""EDSEHR06""}","{""admin_path"": 0.3, ""distance_km"": 0.0, ""geo"": 1.0, ""name"": 1.0, ""name_tftoken"": 1.0, ""name_type"": 1.0}",,,,
Edo,xwd:sha256:05c7e1a2b086080cf13c51fa9c018784bad138243423c64c779d498b6f025084,match,0.7241,0.842,0.0,grid3:7309c6f3-8bd0-4267-9e35-577c0f7edde7,12/01/1/1/1/0002,Akpama Health Post,"{""admin1"": ""Edo"", ""admin2"": ""Akoko-Edo"", ""settlement"": ""Uneme""}",hfr:7309c6f3-8bd0-4267-9e35-577c0f7edde7,7309c6f3-8bd0-4267-9e35-577c0f7edde7,Akpama Primary Health Center,"{""admin1"": ""Edo"", ""admin2"": ""Akoko-Edo"", ""settlement"": ""EDSGAR09""}","{""admin_path"": 0.6, ""distance_km"": 0.0, ""geo"": 1.0, ""name"": 0.842, ""name_tftoken"": 0.53, ""name_type"": 0.0}",,,,
Edo,xwd:sha256:06412e18118915221fb7d431b84d72f0b19973889e25d7a3729499970d7ed61d,match,0.9333,1.0,0.0,grid3:448863c6-1f6f-44e6-8265-a1e14f303deb,12/04/1/1/1/0005,Arue Primary Health Center,"{""admin1"": ""Edo"", ""admin2"": ""Esan North-East"", ""settlement"": ""Arue""}",hfr:448863c6-1f6f-44e6-8265-a1e14f303deb,448863c6-1f6f-44e6-8265-a1e14f303deb,Arue Primary Health Center,"{""admin1"": ""Edo"", ""admin2"": ""Esan North-East"", ""settlement"": ""EDSURM04""}","{""admin_path"": 0.6, ""distance_km"": 0.0, ""geo"": 1.0, ""name"": 1.0, ""name_tftoken"": 1.0, ""name_type"": 1.0}",,,,
Edo,xwd:sha256:06a75694e5439063ef946895f470b3d2c87216eae15f0b8795ce8bae51b73b06,match,0.9333,1.0,0.0,grid3:353ebfbc-0056-4474-b2ad-87c834de098a,,Atiti Clinic,"{""admin1"": ""Edo"", ""admin2"": ""Esan West"", ""settlement"": ""Ihumudumu""}",hfr:353ebfbc-0056-4474-b2ad-87c834de098a,353ebfbc-0056-4474-b2ad-87c834de098a,Atiti Clinic,"{""admin1"": ""Edo"", ""admin2"": ""Esan West"", ""settlement"": ""EDSEKP02""}","{""admin_path"": 0.6, ""distance_km"": 0.0, ""geo"": 1.0, ""name"": 1.0, ""name_tftoken"": 1.0, ""name_type"": 1.0}",,,,
Edo,xwd:sha256:06b7387423db6a49e60dca634652fcbe2c64092d327731e48ad62b96ce1d404a,match,0.9333,1.0,0.0,grid3:d79dde7d-295f-419a-924c-2c115b23c472,12/16/1/1/1/0032,Otua Primary Health Center,"{""admin1"": ""Edo"", ""admin2"": ""Owan East"", ""settlement"": ""Ihievbe""}",hfr:d79dde7d-295f-419a-924c-2c115b23c472,d79dde7d-295f-419a-924c-2c115b23c472,Otua Primary Health Center,"{""admin1"": ""Edo"", ""admin2"": ""Owan East"", ""settlement"": ""EDSAFZ11""}","{""admin_path"": 0.6, ""distance_km"": 0.0, ""geo"": 1.0, ""name"": 1.0, ""name_tftoken"": 1.0, ""name_type"": 1.0}",,,,
Edo,xwd:sha256:07236167dca7742706e8b1a33c9a94800d193b3b55a03ac2e578a867a26d1520,match,0.7513,0.876,0.0,grid3:d0c306ee-fed9-43af-9a1e-d8196db5ff42,12/12/1/1/2/0002,Aburime Changsu Hospital,"{""admin1"": ""Edo"", ""admin2"": ""Oredo"", ""settlement"": ""New Benin""}",hfr:d0c306ee-fed9-43af-9a1e-d8196db5ff42,d0c306ee-fed9-43af-9a1e-d8196db5ff42,Aburime Changsu Oriental Diagnostic Hospital,"{""admin1"": ""Edo"", ""admin2"": ""Oredo"", ""settlement"": ""EDSBEN02""}","{""admin_path"": 0.6, ""distance_km"": 0.0, ""geo"": 1.0, ""name"": 0.876, ""name_tftoken"": 0.578, ""name_type"": 1.0}",,,,
Edo,xwd:sha256:07449ecdcbd26b65bcce3690ed491a71424e591d072e84d3e1f80ff9ae277564,match,0.9333,1.0,0.0,grid3:29829e30-cd51-4fc0-87a8-cd8b9044f0f1,12/13/1/1/1/0027,Oza Primary Health Center,"{""admin1"": ""Edo"", ""admin2"": ""Orhionmwon"", ""settlement"": ""Abiokunla 2""}",hfr:29829e30-cd51-4fc0-87a8-cd8b9044f0f1,29829e30-cd51-4fc0-87a8-cd8b9044f0f1,Oza Primary Health Center,"{""admin1"": ""Edo"", ""admin2"": ""Orhionmwon"", ""settlement"": ""EDSABD06""}","{""admin_path"": 0.6, ""distance_km"": 0.0, ""geo"": 1.0, ""name"": 1.0, ""name_tftoken"": 1.0, ""name_type"": 1.0}",,,,
Edo,xwd:sha256:074e3b88015bb229ae0a3586d51740a3a5c3938705f3d19b3bf9cae6394757be,match,0.9333,0.885,0.0,grid3:96742429-b636-44c3-be7a-3484f55a297e,12/02/1/1/2/0097,Trinity Clinic and Maternity,"{""admin1"": ""Edo"", ""admin2"": ""Egor"", ""settlement"": ""Uselu 1""}",hfr:96742429-b636-44c3-be7a-3484f55a297e,96742429-b636-44c3-be7a-3484f55a297e,Trinity Clinic and Maternity,"{""admin1"": ""Edo"", ""admin2"": ""Egor"", ""settlement"": ""EDSUSL05""}","{""admin_path"": 0.6, ""distance_km"": 0.0, ""geo"": 1.0, ""name"": 1.0, ""name_phrase"": ""trinity clinic"", ""name_phrase_rarity"": 0.885, ""name_tftoken"": 1.0, ""name_type"": 1.0}",,,,
Edo,xwd:sha256:07afd8b192d8d055422e584d67137c1b9931c19dd9c06fb6c1e3fcca4b2dfedb,match,0.8048,0.961,0.0,grid3:5a8cfdf4-8d99-4c38-a41b-a0adaee53ff5,12/14/1/1/1/0021,Oduna Primary Health Center,"{""admin1"": ""Edo"", ""admin2"": ""Ovia North-East"", ""settlement"": ""Oduna""}",hfr:5a8cfdf4-8d99-4c38-a41b-a0adaee53ff5,5a8cfdf4-8d99-4c38-a41b-a0adaee53ff5,Oduna Primary Health Care,"{""admin1"": ""Edo"", ""admin2"": ""Ovia North-East"", ""settlement"": ""EDSAKA03""}","{""admin_path"": 0.6, ""distance_km"": 0.0, ""geo"": 1.0, ""name"": 0.961, ""name_tftoken"": 0.653}",,,,
Edo,xwd:sha256:08123d700d8231e2282451e4a84a43b514fcea6e0dd9e626ff520601805639de,match,0.9333,1.0,0.0,grid3:9c6bddb9-656c-4cdf-9f82-272fdd76ad84,,Oghede Primary Health Center,"{""admin1"": ""Edo"", ""admin2"": ""Egor"", ""settlement"": ""Evbuotubu""}",hfr:9c6bddb9-656c-4cdf-9f82-272fdd76ad84,9c6bddb9-656c-4cdf-9f82-272fdd76ad84,Oghede Primary Health Center,"{""admin1"": ""Edo"", ""admin2"": ""Egor"", ""settlement"": ""EDSUSL01""}","{""admin_path"": 0.6, ""distance_km"": 0.0, ""geo"": 1.0, ""name"": 1.0, ""name_tftoken"": 1.0, ""name_type"": 1.0}",,,,
Edo,xwd:sha256:08918c3f13a31ef69deaca0b9db9eb0184971b41846c3da887f9a590785ac881,match,0.7136,0.86,0.0,grid3:91445bae-e496-4272-ac92-ade490fe0f99,12/13/1/1/1/0026,Orogho Primary Health Center,"{""admin1"": ""Edo"", ""admin2"": ""Orhionmwon"", ""settlement"": ""Ugu""}",hfr:91445bae-e496-4272-ac92-ade490fe0f99,91445bae-e496-4272-ac92-ade490fe0f99,Orhogho Primary Health Center,"{""admin1"": ""Edo"", ""admin2"": ""Orhionmwon"", ""settlement"": ""EDSABD05""}","{""admin_path"": 0.6, ""distance_km"": 0.0, ""geo"": 1.0, ""name"": 0.982, ""name_tftoken"": 0.358, ""name_type"": 1.0}",,,,
Edo,xwd:sha256:0988c61a1b85e7cb2dfbe9302abcb7db6ccfaa6b0a9f2bff5d80e0503bdd00c1,match,0.9333,0.895,0.0,grid3:0483be0e-57fe-43b6-9c96-1ac400ca27e0,,Ese Maternity,"{""admin1"": ""Edo"", ""admin2"": ""Ikpoba-Okha"", ""settlement"": ""Ukhiri""}",hfr:0483be0e-57fe-43b6-9c96-1ac400ca27e0,0483be0e-57fe-43b6-9c96-1ac400ca27e0,Ese Maternity,"{""admin1"": ""Edo"", ""admin2"": ""Ikpoba-Okha"", ""settlement"": ""EDSDGE06""}","{""admin_path"": 0.6, ""distance_km"": 0.0, ""geo"": 1.0, ""name"": 1.0, ""name_tftoken"": 1.0, ""name_type"": 1.0}",,,,
Edo,xwd:sha256:09a3aef2230f119b9b3fe4e44e73c2aeb39c5526db215d9cafcef6c20a14a7e1,match,0.8014,0.94,4.71,grid3:9c517981-dd10-4c8e-a37d-96b54843097e,12/02/1/1/1/0005,Egor Primary Health Center,"{""admin1"": ""Edo"", ""admin2"": ""Egor"", ""settlement"": ""Egor""}",hfr:41570a69-f1cf-4b56-95e2-72c18bd8a3e8,41570a69-f1cf-4b56-95e2-72c18bd8a3e8,Egor Primary Health Center,"{""admin1"": ""Edo"", ""admin2"": ""Egor"", ""settlement"": ""EDSUSL07""}","{""admin_path"": 0.6, ""distance_km"": 4.71, ""geo"": 0.208, ""name"": 1.0, ""name_tftoken"": 1.0, ""name_type"": 1.0}",,,,
Edo,xwd:sha256:0a50ee6d8a02d0a28407a5188de80cb35358cddd4782e0f08cc30835ce122fc6,match,0.8833,1.0,0.0,grid3:94478244-addf-4a65-af72-bec8ae71abc0,12/18/1/1/1/0021,Obadan Primary Health Center,"{""admin1"": ""Edo"", ""admin2"": ""Uhunmwode"", ""settlement"": ""Ohuan""}",hfr:94478244-addf-4a65-af72-bec8ae71abc0,94478244-addf-4a65-af72-bec8ae71abc0,Obadan Primary Health Center,"{""admin1"": ""Edo"", ""admin2"": ""Uhunmwonde"", ""settlement"": ""EDSEHR07""}","{""admin_path"": 0.3, ""distance_km"": 0.0, ""geo"": 1.0, ""name"": 1.0, ""name_tftoken"": 1.0, ""name_type"": 1.0}",,,,
Edo,xwd:sha256:0ab83eec8a736ea2cce2f454870f7e3d91dce1604894ef3100de4aa45f9ad28a,match,0.9333,0.976,0.0,grid3:576ff428-8705-42a1-a4d0-b8e7eb611c77,,Olinlin Primary Health Center,"{""admin1"": ""Edo"", ""admin2"": ""Esan North-East"", ""settlement"": ""Arue""}",hfr:576ff428-8705-42a1-a4d0-b8e7eb611c77,576ff428-8705-42a1-a4d0-b8e7eb611c77,Olinlin Primary Health Center,"{""admin1"": ""Edo"", ""admin2"": ""Esan North-East"", ""settlement"": ""EDSURM04""}","{""admin_path"": 0.6, ""distance_km"": 0.0, ""geo"": 1.0, ""name"": 1.0, ""name_tftoken"": 1.0, ""name_type"": 1.0}",,,,
Edo,xwd:sha256:0af2926138258ffa386caf9a59af3a8943d61a0abbcfe5ae976674c2a307b1a4,match,0.9281,0.973,0.1,grid3:73908bb2-5750-4181-9dea-02a4b32d7e73,12/07/1/1/1/0005,Ogbona Comprehensive Health Center,"{""admin1"": ""Edo"", ""admin2"": ""Etsako Central"", ""settlement"": ""Ogbona""}",hfr:73908bb2-5750-4181-9dea-02a4b32d7e73,73908bb2-5750-4181-9dea-02a4b32d7e73,Ogbona Comprehensive Health Center,"{""admin1"": ""Edo"", ""admin2"": ""Etsako Central"", ""settlement"": ""EDSFUG05""}","{""admin_path"": 0.6, ""distance_km"": 0.1, ""geo"": 0.969, ""name"": 1.0, ""name_tftoken"": 1.0, ""name_type"": 1.0}",,,,
Edo,xwd:sha256:0b292196801d6d989e7acc446c2db464ca5a5d3fb38258d819cf4145ad19e32e,match,0.8833,1.0,0.0,grid3:d4f5f4eb-e15a-46aa-bcf8-f35ecf66a055,12/18/1/1/1/0033,Izikhiri Primary Health Center,"{""admin1"": ""Edo"", ""admin2"": ""Uhunmwode"", ""settlement"": ""Isi South""}",hfr:d4f5f4eb-e15a-46aa-bcf8-f35ecf66a055,d4f5f4eb-e15a-46aa-bcf8-f35ecf66a055,Izikhiri Primary Health Center,"{""admin1"": ""Edo"", ""admin2"": ""Uhunmwonde"", ""settlement"": ""EDSEHR09""}","{""admin_path"": 0.3, ""distance_km"": 0.0, ""geo"": 1.0, ""name"": 1.0, ""name_tftoken"": 1.0, ""name_type"": 1.0}",,,,
Edo,xwd:sha256:0ba51926d37570ef4dd26c09e16919f39cfd1f93533465cc3aa2650dc6472be8,match,0.9333,0.86,0.0,grid3:fa1165ef-90f5-49c9-a8a2-a3a51b82a6fe,,Obeh Primary Health Center,"{""admin1"": ""Edo"", ""admin2"": ""Oredo"", ""settlement"": ""Iyekeogba""}",hfr:fa1165ef-90f5-49c9-a8a2-a3a51b82a6fe,fa1165ef-90f5-49c9-a8a2-a3a51b82a6fe,Obeh Primary Health Center,"{""admin1"": ""Edo"", ""admin2"": ""Oredo"", ""settlement"": ""EDSBEN07""}","{""admin_path"": 0.6, ""distance_km"": 0.0, ""geo"": 1.0, ""name"": 1.0, ""name_tftoken"": 1.0, ""name_type"": 1.0}",,,,
Edo,xwd:sha256:0cea58798eac203354d49316116313c47afa9037640df5b7f251c06d195ca546,match,0.7969,0.885,0.0,grid3:86bcbdb7-42e1-4f94-bd82-8f8b2e5c995b,12/06/1/1/1/0023,Eguare Urohi Primary Health Center,"{""admin1"": ""Edo"", ""admin2"": ""Esan West"", ""settlement"": ""Urohi""}",hfr:86bcbdb7-42e1-4f94-bd82-8f8b2e5c995b,86bcbdb7-42e1-4f94-bd82-8f8b2e5c995b,Urohi Primary Health Center,"{""admin1"": ""Edo"", ""admin2"": ""Esan West"", ""settlement"": ""EDSEKP04""}","{""admin_path"": 0.6, ""distance_km"": 0.0, ""geo"": 1.0, ""name"": 0.885, ""name_tftoken"": 0.706, ""name_type"": 1.0}",,,,
Edo,xwd:sha256:0d12a9fc3ff6b7711e891142dffe01d6b8ff66e67bd296c30d07611765528a03,match,0.7084,0.86,0.27,grid3:da6e8622-1425-475f-8519-df9c8cb95f4f,12/16/1/1/1/0018,Ohami Primary Health Center,"{""admin1"": ""Edo"", ""admin2"": ""Owan East"", ""settlement"": ""4 Bimion""}",hfr:4e0992cf-bacb-442a-9e24-31fe0d93a6da,4e0992cf-bacb-442a-9e24-31fe0d93a6da,Ohanmi Primary Health Center,"{""admin1"": ""Edo"", ""admin2"": ""Owan East"", ""settlement"": ""EDSAFZ10""}","{""admin_path"": 0.6, ""distance_km"": 0.27, ""geo"": 0.914, ""name"": 0.992, ""name_tftoken"": 0.377, ""name_type"": 1.0}",,,,
Edo,xwd:sha256:0dc39f62c9089d5193bd1aee5055d4dbe01356e375745fb519f5b67f3c4770aa,match,0.9333,0.86,0.0,grid3:15694716-9a22-4fd3-86d1-6543fef51420,,Ayunko Clinic and Maternity Home,"{""admin1"": ""Edo"", ""admin2"": ""Akoko-Edo"", ""settlement"": ""Ibillo""}",hfr:15694716-9a22-4fd3-86d1-6543fef51420,15694716-9a22-4fd3-86d1-6543fef51420,Ayunko Clinic and Maternity Home,"{""admin1"": ""Edo"", ""admin2"": ""Akoko-Edo"", ""settlement"": ""EDSGAR06""}","{""admin_path"": 0.6, ""distance_km"": 0.0, ""geo"": 1.0, ""name"": 1.0, ""name_tftoken"": 1.0, ""name_type"": 1.0}",,,,
Edo,xwd:sha256:0dec0f05cededfc0efb1f8a46712cdb0bf9dfa8bb15def59336a6881c5a70980,match,0.9333,0.985,0.0,grid3:2623e0f3-f53e-442c-b8c8-76f036758b68,,Agama Primary Health Care,"{""admin1"": ""Edo"", ""admin2"": ""Etsako East"", ""settlement"": ""Afokpella""}",hfr:2623e0f3-f53e-442c-b8c8-76f036758b68,2623e0f3-f53e-442c-b8c8-76f036758b68,Agama Primary Health Care,"{""admin1"": ""Edo"", ""admin2"": ""Etsako East"", ""settlement"": ""EDSAGD09""}","{""admin_path"": 0.6, ""distance_km"": 0.0, ""geo"": 1.0, ""name"": 1.0, ""name_tftoken"": 1.0}",,,,
Edo,xwd:sha256:0df1f6ed2d82ef1a234bbf8452b22ab5b3a4003ed9b66ea08eddcbbf7c8db72b,match,0.7812,0.921,0.0,grid3:9d021a94-240f-48b0-a8e9-5fe3c89dcda9,12/15/1/1/1/0016,Iguogun Health Post,"{""admin1"": ""Edo"", ""admin2"": ""Ovia South-West"", ""settlement"": ""Iguobazuwa East""}",hfr:9d021a94-240f-48b0-a8e9-5fe3c89dcda9,9d021a94-240f-48b0-a8e9-5fe3c89dcda9,Iguogun Health Center,"{""admin1"": ""Edo"", ""admin2"": ""Ovia South-West"", ""settlement"": ""EDSGBZ03""}","{""admin_path"": 0.6, ""distance_km"": 0.0, ""geo"": 1.0, ""name"": 0.921, ""name_tftoken"": 0.623, ""name_type"": 0.0}",,,,
Edo,xwd:sha256:0e603e9363a77280dee13b9e91b3461db7e2f5628f28cce1398f4d52cd0afbe3,match,0.8095,0.876,0.3,grid3:bdca7057-1482-4e8b-8d07-9fc74373aa43,12/02/1/3/1/0001,University Of Benin Teaching Hospital,"{""admin1"": ""Edo"", ""admin2"": ""Egor"", ""settlement"": ""Ugbowo""}",hfr:1a2eec4f-b714-4709-8943-08689a59a233,1a2eec4f-b714-4709-8943-08689a59a233,Gpc University of Benin Teaching Hospital,"{""admin1"": ""Edo"", ""admin2"": ""Egor"", ""settlement"": ""EDSUSL10""}","{""admin_path"": 0.6, ""distance_km"": 0.3, ""geo"": 0.906, ""name"": 0.949, ""name_phrase"": ""benin teaching"", ""name_phrase_rarity"": 0.876, ""name_tftoken"": 0.727, ""name_type"": 1.0}",,,,
Edo,xwd:sha256:0e70bd183317cc0ffaf0f2747a9004522bb20f7a4bd51a69fa058355c9e2afea,match,0.7365,0.891,0.07,grid3:8a28b7b9-1b43-4d50-a53f-0bdb8755b862,12/11/1/1/1/0109,Ugbekun Dot Unit Primary Health Center,"{""admin1"": ""Edo"", ""admin2"": ""Ikpoba-Okha"", ""settlement"": ""Ugbekun""}",hfr:790cb936-4476-469a-bae6-91e47b472025,790cb936-4476-469a-bae6-91e47b472025,Ugbekun Primary Health Center,"{""admin1"": ""Edo"", ""admin2"": ""Ikpoba-Okha"", ""settlement"": ""EDSDGE03""}","{""admin_path"": 0.6, ""distance_km"": 0.07, ""geo"": 0.976, ""name"": 0.891, ""name_tftoken"": 0.531, ""name_type"": 1.0}",,,,
Edo,xwd:sha256:0e929e9f74b446d59475698f1633bc7f1e25adec0174aea5849d511a453a47ed,match,0.9333,1.0,0.0,grid3:df7e5d4d-eafa-4647-8a34-0b509e80859d,12/11/1/1/2/0017,Christway Medical Center,"{""admin1"": ""Edo"", ""admin2"": ""Ikpoba-Okha"", ""settlement"": ""Evbouriaria""}",hfr:df7e5d4d-eafa-4647-8a34-0b509e80859d,df7e5d4d-eafa-4647-8a34-0b509e80859d,Christway Medical Center,"{""admin1"": ""Edo"", ""admin2"": ""Ikpoba-Okha"", ""settlement"": ""EDSDGE06""}","{""admin_path"": 0.6, ""distance_km"": 0.0, ""geo"": 1.0, ""name"": 1.0, ""name_tftoken"": 1.0, ""name_type"": 1.0}",,,,
Edo,xwd:sha256:0e99a73c664c8678754d03c27277fa9cd42dacd0a6f16d377447aec1509d67fa,match,0.9333,0.925,0.0,grid3:0043fc70-95ab-485b-9342-f0f894850b7c,,Owen Nursing and Maternity Home,"{""admin1"": ""Edo"", ""admin2"": ""Ikpoba-Okha"", ""settlement"": ""Ogbesun""}",hfr:0043fc70-95ab-485b-9342-f0f894850b7c,0043fc70-95ab-485b-9342-f0f894850b7c,Owen Nursing and Maternity Home,"{""admin1"": ""Edo"", ""admin2"": ""Ikpoba-Okha"", ""settlement"": ""EDSDGE01""}","{""admin_path"": 0.6, ""distance_km"": 0.0, ""geo"": 1.0, ""name"": 1.0, ""name_tftoken"": 1.0, ""name_type"": 1.0}",,,,
Edo,xwd:sha256:0ec15e857ee1383c97921a90200238d1a91665ee653e39907dd9af8d7db27174,match,0.9333,0.86,0.0,grid3:5cf16497-2132-4b68-b0cb-898bc9ff94d9,,Galex Medical Center,"{""admin1"": ""Edo"", ""admin2"": ""Ikpoba-Okha"", ""settlement"": ""Ukhiri""}",hfr:5cf16497-2132-4b68-b0cb-898bc9ff94d9,5cf16497-2132-4b68-b0cb-898bc9ff94d9,Galex Medical Center,"{""admin1"": ""Edo"", ""admin2"": ""Ikpoba-Okha"", ""settlement"": ""EDSDGE06""}","{""admin_path"": 0.6, ""distance_km"": 0.0, ""geo"": 1.0, ""name"": 1.0, ""name_tftoken"": 1.0, ""name_type"": 1.0}",,,,
Edo,xwd:sha256:0edff0fe5c5335785b745b4a4e761e193c55b4263c749d8eda7bfe79bb96eee3,match,0.7975,0.938,0.16,grid3:f9e2be01-9005-4a78-a00a-2420c5e80366,12/16/1/1/1/0032,Uroe Primary Health Clinic,"{""admin1"": ""Edo"", ""admin2"": ""Owan East"", ""settlement"": ""Uokha/Ake""}",hfr:8bb390e8-faa6-4664-bd30-c18bf52f61f7,8bb390e8-faa6-4664-bd30-c18bf52f61f7,Uroe Primary Health Center,"{""admin1"": ""Edo"", ""admin2"": ""Owan East"", ""settlement"": ""EDSAFZ10""}","{""admin_path"": 0.6, ""distance_km"": 0.16, ""geo"": 0.949, ""name"": 0.938, ""name_tftoken"": 0.68, ""name_type"": 0.0}",,,,
Edo,xwd:sha256:0f0457edc86e8b8e26afb40ac3e2ad6aa7b44dd03672a948f10e4c609e4645f0,match,0.9333,0.973,0.0,grid3:a420d19a-d7d2-468e-a515-f6580bd42b1a,12/14/1/1/1/0010,Iguiye Primary Health Center,"{""admin1"": ""Edo"", ""admin2"": ""Ovia North-East"", ""settlement"": ""Okada East""}",hfr:a420d19a-d7d2-468e-a515-f6580bd42b1a,a420d19a-d7d2-468e-a515-f6580bd42b1a,Iguiye Primary Health Center,"{""admin1"": ""Edo"", ""admin2"": ""Ovia North-East"", ""settlement"": ""EDSAKA06""}","{""admin_path"": 0.6, ""distance_km"": 0.0, ""geo"": 1.0, ""name"": 1.0, ""name_tftoken"": 1.0, ""name_type"": 1.0}",,,,
Edo,xwd:sha256:0f54ff8fd0b16702ecf79633bdfbc89ded3e7f8f14c8aeeb78d5c522c3b569fa,match,0.8324,0.9,0.0,grid3:b93103a2-6227-4827-9991-3f855d27fb46,12/03/1/1/1/0006,Eko Ewu Primary Health Center,"{""admin1"": ""Edo"", ""admin2"": ""Esan Central"", ""settlement"": ""Ewu""}",hfr:b93103a2-6227-4827-9991-3f855d27fb46,b93103a2-6227-4827-9991-3f855d27fb46,Eko Ewu Primary Health Care,"{""admin1"": ""Edo"", ""admin2"": ""Esan Central"", ""settlement"": ""EDSRRU06""}","{""admin_path"": 0.6, ""distance_km"": 0.0, ""geo"": 1.0, ""name"": 0.964, ""name_tftoken"": 0.733}",,,,
Edo,xwd:sha256:0f9de0b5e45476fd349ed4e8d6fb597a02357f4e364819d99e2297f2ca5f939c,match,0.9333,0.86,0.0,grid3:2cb6415e-9b8d-4b4f-87a7-e2c4362fdd9f,,Uloshi Primary Health Care,"{""admin1"": ""Edo"", ""admin2"": ""Esan South-East"", ""settlement"": ""Oria""}",hfr:2cb6415e-9b8d-4b4f-87a7-e2c4362fdd9f,2cb6415e-9b8d-4b4f-87a7-e2c4362fdd9f,Uloshi Primary Health Care,"{""admin1"": ""Edo"", ""admin2"": ""Esan South-East"", ""settlement"": ""EDSUBJ03""}","{""admin_path"": 0.6, ""distance_km"": 0.0, ""geo"": 1.0, ""name"": 1.0, ""name_tftoken"": 1.0}",,,,
Edo,xwd:sha256:0fcba35f18777f50b2c28f7176925946cf8e382d95d74e455504db99c7dcda6a,match,0.9333,1.0,0.0,grid3:e402d496-833a-4b0e-b50d-935858afe22a,,Felano Clinic and Maternity,"{""admin1"": ""Edo"", ""admin2"": ""Oredo"", ""settlement"": ""New Benin""}",hfr:e402d496-833a-4b0e-b50d-935858afe22a,e402d496-833a-4b0e-b50d-935858afe22a,Felano Clinic and Maternity,"{""admin1"": ""Edo"", ""admin2"": ""Oredo"", ""settlement"": ""EDSBEN02""}","{""admin_path"": 0.6, ""distance_km"": 0.0, ""geo"": 1.0, ""name"": 1.0, ""name_tftoken"": 1.0, ""name_type"": 1.0}",,,,
Edo,xwd:sha256:0fed885cbfbf10985c7785ed12dc704201a61c4b05f8b084a4c6ae0dfdd05e6f,match,0.9333,0.947,0.0,grid3:ff829fe4-16cf-455e-9240-97ac4e74e9d7,,Christ Cottage Clinic and Maternity,"{""admin1"": ""Edo"", ""admin2"": ""Egor"", ""settlement"": ""Evbuotubu""}",hfr:ff829fe4-16cf-455e-9240-97ac4e74e9d7,ff829fe4-16cf-455e-9240-97ac4e74e9d7,Christ Cottage Clinic and Maternity,"{""admin1"": ""Edo"", ""admin2"": ""Egor"", ""settlement"": ""EDSUSL01""}","{""admin_path"": 0.6, ""distance_km"": 0.0, ""geo"": 1.0, ""name"": 1.0, ""name_phrase"": ""christ cottage"", ""name_phrase_rarity"": 0.947, ""name_tftoken"": 1.0, ""name_type"": 1.0}",,,,
Edo,xwd:sha256:1027d8085345bdf769291f1f70bd4044c7e1334c7da87960a9cc52c76e42a32d,match,0.7356,0.853,0.08,grid3:debe60e4-8672-4a7b-9c1c-b5e103e89485,12/16/1/1/1/0046,Otua Ihievbe Model Primary Health Center,"{""admin1"": ""Edo"", ""admin2"": ""Owan East"", ""settlement"": ""Ihievbe""}",hfr:d79dde7d-295f-419a-924c-2c115b23c472,d79dde7d-295f-419a-924c-2c115b23c472,Otua Primary Health Center,"{""admin1"": ""Edo"", ""admin2"": ""Owan East"", ""settlement"": ""EDSAFZ11""}","{""admin_path"": 0.6, ""distance_km"": 0.08, ""geo"": 0.973, ""name"": 0.853, ""name_tftoken"": 0.567, ""name_type"": 1.0}",,,,
Edo,xwd:sha256:104fc91f26c0f21e771b10c5e97e4ae3afbb5e05a1e1875d0bf03e318a98e36d,match,0.7955,0.892,0.0,grid3:dd67e5a4-9a3a-4610-8807-77e0fc985eb7,12/05/1/1/1/0018,Equare Ewohimi Primary Health Center,"{""admin1"": ""Edo"", ""admin2"": ""Esan South-East"", ""settlement"": ""Ewohimi 1""}",hfr:dd67e5a4-9a3a-4610-8807-77e0fc985eb7,dd67e5a4-9a3a-4610-8807-77e0fc985eb7,Ewohimi Primary Health Center,"{""admin1"": ""Edo"", ""admin2"": ""Esan South-East"", ""settlement"": ""EDSUBJ10""}","{""admin_path"": 0.6, ""distance_km"": 0.0, ""geo"": 1.0, ""name"": 0.892, ""name_tftoken"": 0.694, ""name_type"": 1.0}",,,,
Edo,xwd:sha256:10b0adc7ea588ddeb1762cd29d13e94e7101cd83a791fa5aec356fe0dcda25dc,match,0.9333,0.974,0.0,grid3:5b309fba-5a23-420a-b534-3fc8798fd925,,Okpekpe Primary Health Center,"{""admin1"": ""Edo"", ""admin2"": ""Etsako Central"", ""settlement"": ""Iviarua""}",hfr:5b309fba-5a23-420a-b534-3fc8798fd925,5b309fba-5a23-420a-b534-3fc8798fd925,Okpekpe Primary Health Center,"{""admin1"": ""Edo"", ""admin2"": ""Etsako Central"", ""settlement"": ""EDSFUG03""}","{""admin_path"": 0.6, ""distance_km"": 0.0, ""geo"": 1.0, ""name"": 1.0, ""name_tftoken"": 1.0, ""name_type"": 1.0}",,,,
Edo,xwd:sha256:10f91d64c9d846f59058742de2864dd5a4119945b74be9efbdc52a8e733f2d77,match,0.9333,0.973,0.0,grid3:f78e5f94-7755-4713-9ca8-8d092d0038e4,,New Opoji Health Center,"{""admin1"": ""Edo"", ""admin2"": ""Esan Central"", ""settlement"": ""Opoji""}",hfr:f78e5f94-7755-4713-9ca8-8d092d0038e4,f78e5f94-7755-4713-9ca8-8d092d0038e4,New Opoji Health Center,"{""admin1"": ""Edo"", ""admin2"": ""Esan Central"", ""settlement"": ""EDSRRU02""}","{""admin_path"": 0.6, ""distance_km"": 0.0, ""geo"": 1.0, ""name"": 1.0, ""name_tftoken"": 1.0, ""name_type"": 1.0}",,,,
Edo,xwd:sha256:117f45b7f2c80df8b09e83dc5b9b11fcc5255df2b86f3a708e2bd9f4c471533c,match,0.8172,0.86,0.0,grid3:fa22d6d2-2d8b-44e5-b792-d60ad3e8a57e,12/05/1/1/1/0006,Okede Comprehensive Health Center,"{""admin1"": ""Edo"", ""admin2"": ""Esan South-East"", ""settlement"": ""Okede""}",hfr:fa22d6d2-2d8b-44e5-b792-d60ad3e8a57e,fa22d6d2-2d8b-44e5-b792-d60ad3e8a57e,Okede Comprehensive Health Clinic,"{""admin1"": ""Edo"", ""admin2"": ""Esan South-East"", ""settlement"": ""EDSUBJ01""}","{""admin_path"": 0.6, ""distance_km"": 0.0, ""geo"": 1.0, ""name"": 0.952, ""name_tftoken"": 0.7, ""name_type"": 0.0}",,,,
Edo,xwd:sha256:11be737ee4b36da234f8756deb04fee96e52c9030627bff8fbff86a12e6d1b59,match,0.8833,1.0,0.0,grid3:240260a4-8919-4f65-8352-ecbba2a77112,12/18/1/1/1/0027,Orhua Primary Health Center,"{""admin1"": ""Edo"", ""admin2"": ""Uhunmwode"", ""settlement"": ""Irhue""}",hfr:240260a4-8919-4f65-8352-ecbba2a77112,240260a4-8919-4f65-8352-ecbba2a77112,Orhua Primary Health Center,"{""admin1"": ""Edo"", ""admin2"": ""Uhunmwonde"", ""settlement"": ""EDSEHR04""}","{""admin_path"": 0.3, ""distance_km"": 0.0, ""geo"": 1.0, ""name"": 1.0, ""name_tftoken"": 1.0, ""name_type"": 1.0}",,,,
Edo,xwd:sha256:11e2151fc4675a67d7b1ac388bd7380474dca46b97ba1706a8aabe5674d0b43b,match,0.7496,0.95,0.6,grid3:df1640ea-bb1c-401e-ade9-ac3bf6da4dad,12/08/1/1/1/0013,Iviebua Health Center,"{""admin1"": ""Edo"", ""admin2"": ""Etsako East"", ""settlement"": ""Egori""}",hfr:4e274655-b543-45ce-9bf6-f475a6b59f5a,4e274655-b543-45ce-9bf6-f475a6b59f5a,Iviebua Health Care,"{""admin1"": ""Edo"", ""admin2"": ""Etsako East"", ""settlement"": ""EDSAGD01""}","{""admin_path"": 0.6, ""distance_km"": 0.6, ""geo"": 0.818, ""name"": 0.95, ""name_tftoken"": 0.59}",,,,
Edo,xwd:sha256:1212ea14e8a2436c01eb696f981b5bae89b53a3db339313f5a8ba9f351443be4,match,0.8052,0.963,0.0,grid3:1ca1c743-50e7-41a3-9354-0160e29c677e,12/14/1/1/1/0038,Uhiere Primary Health Center,"{""admin1"": ""Edo"", ""admin2"": ""Ovia North-East"", ""settlement"": ""Uhiere""}",hfr:1ca1c743-50e7-41a3-9354-0160e29c677e,1ca1c743-50e7-41a3-9354-0160e29c677e,Uhiere Primary Health Care,"{""admin1"": ""Edo"", ""admin2"": ""Ovia North-East"", ""settlement"": ""EDSAKA04""}","{""admin_path"": 0.6, ""distance_km"": 0.0, ""geo"": 1.0, ""name"": 0.963, ""name_tftoken"": 0.653}",,,,
Edo,xwd:sha256:1223007070051f0431863450afae55afa16d2eb2a92df5ec3e82a40267c6b677,match,0.9333,1.0,0.0,grid3:732f1a75-4b09-4f8e-bae0-4fbdfa47d3f8,,Uffa Primary Health Center,"{""admin1"": ""Edo"", ""admin2"": ""Akoko-Edo"", ""settlement"": ""Uffa/Akuku""}",hfr:732f1a75-4b09-4f8e-bae0-4fbdfa47d3f8,732f1a75-4b09-4f8e-bae0-4fbdfa47d3f8,Uffa Primary Health Center,"{""admin1"": ""Edo"", ""admin2"": ""Akoko-Edo"", ""settlement"": ""EDSGAR01""}","{""admin_path"": 0.6, ""distance_km"": 0.0, ""geo"": 1.0, ""name"": 1.0, ""name_tftoken"": 1.0, ""name_type"": 1.0}",,,,
Edo,xwd:sha256:1275eadec080739a8b69171429e79971426578607b425a92ecdc599eceded2dd,match,0.7146,0.853,0.0,grid3:ea4e1b43-776d-4e6c-ac79-98934ce72503,12/13/1/1/1/0008,Iguododo,"{""admin1"": ""Edo"", ""admin2"": ""Orhionmwon"", ""settlement"": ""Ugboko""}",hfr:ea4e1b43-776d-4e6c-ac79-98934ce72503,ea4e1b43-776d-4e6c-ac79-98934ce72503,Iguododo Primary Health Center,"{""admin1"": ""Edo"", ""admin2"": ""Orhionmwon"", ""settlement"": ""EDSABD12""}","{""admin_path"": 0.6, ""distance_km"": 0.0, ""geo"": 1.0, ""name"": 0.853, ""name_tftoken"": 0.49}",,,,
Edo,xwd:sha256:12ad6e0ee1802c2b386a723a32d2fedcf96d4d188580eaec967c88c4128e42d6,match,0.9333,1.0,0.0,grid3:fc3d0748-19a8-4b9e-8ddb-781e34518023,,Imiegba Primary Health Center,"{""admin1"": ""Edo"", ""admin2"": ""Etsako West"", ""settlement"": ""Uzairue S E""}",hfr:fc3d0748-19a8-4b9e-8ddb-781e34518023,fc3d0748-19a8-4b9e-8ddb-781e34518023,Imiegba Primary Health Center,"{""admin1"": ""Edo"", ""admin2"": ""Etsako West"", ""settlement"": ""EDSAUC08""}","{""admin_path"": 0.6, ""distance_km"": 0.0, ""geo"": 1.0, ""name"": 1.0, ""name_tftoken"": 1.0, ""name_type"": 1.0}",,,,
Edo,xwd:sha256:00240e18b067e21a04c4a191fa813974bbd3b64d74cdf29c90d07827a0542b1c,review,0.6113,0.86,0.0,grid3:f216ee04-095d-4db0-883e-16e61b82b56a,12/01/1/1/1/0039,Ugboshi Ele Primary Health Clinic,"{""admin1"": ""Edo"", ""admin2"": ""Akoko-Edo"", ""settlement"": ""Aiyegunle""}",hfr:f216ee04-095d-4db0-883e-16e61b82b56a,f216ee04-095d-4db0-883e-16e61b82b56a,Ugbosihele Primary Health Center,"{""admin1"": ""Edo"", ""admin2"": ""Akoko-Edo"", ""settlement"": ""EDSGAR02""}","{""admin_path"": 0.6, ""distance_km"": 0.0, ""geo"": 1.0, ""name"": 0.873, ""name_tftoken"": 0.161, ""name_type"": 0.0}",,,,
Edo,xwd:sha256:0047fbddba08ea50e96e7e08324fab5394e5af85cc74d28457574563f30346ff,review,0.6323,0.798,0.33,grid3:c96b826c-c236-4227-8f05-a43422eae818,,Ihumudumu Primary Health Center,"{""admin1"": ""Edo"", ""admin2"": ""Esan West"", ""settlement"": ""Eguare""}",hfr:2120a6fc-eea4-4ce5-a56e-a9d48097e619,2120a6fc-eea4-4ce5-a56e-a9d48097e619,Ujiogba Primary Health Center,"{""admin1"": ""Edo"", ""admin2"": ""Esan West"", ""settlement"": ""EDSEKP06""}","{""admin_path"": 0.6, ""distance_km"": 0.33, ""geo"": 0.895, ""name"": 0.798, ""name_tftoken"": 0.352, ""name_type"": 1.0}",,,,
Edo,xwd:sha256:01041a0794915f44b8351a857f076d8574dc257a03952ce604bb948b538968bf,review,0.6097,0.697,0.45,grid3:7b5a0de1-536e-4b3d-a619-8bdce033998b,12/17/1/1/2/0009,Osamaye Maternity Home,"{""admin1"": ""Edo"", ""admin2"": ""Owan West"", ""settlement"": ""Eme-Ora / Oke""}",hfr:0cbf2a04-5255-46a3-8751-47d30a26d888,0cbf2a04-5255-46a3-8751-47d30a26d888,Faith Maternity Home,"{""admin1"": ""Edo"", ""admin2"": ""Owan West"", ""settlement"": ""EDSSGD04""}","{""admin_path"": 0.6, ""distance_km"": 0.45, ""geo"": 0.86, ""name"": 0.697, ""name_tftoken"": 0.403, ""name_type"": 1.0}",,,,
Edo,xwd:sha256:01100e3a4e768973a5316007389ddaea45baad387dbe25833163b59ef315ccfb,review,0.6066,0.852,1.13,grid3:e18c033c-2685-4b2e-aec6-0c792d501847,,Okpujie Health Facility,"{""admin1"": ""Edo"", ""admin2"": ""Igueben"", ""settlement"": ""Okalo""}",hfr:339e0d6f-5271-449c-bfb8-0a7c09f246fa,339e0d6f-5271-449c-bfb8-0a7c09f246fa,Okpujie Primary Health Center,"{""admin1"": ""Edo"", ""admin2"": ""Iguegben"", ""settlement"": ""EDSGUE06""}","{""admin_path"": 0.3, ""distance_km"": 1.13, ""geo"": 0.686, ""name"": 0.852, ""name_tftoken"": 0.475}",,,,
Edo,xwd:sha256:012d5c94097c45bbc74653dcb25129495bf83935dddf01ea0d3b8b9b04ffe542,review,0.5744,0.847,2.33,grid3:4056aa8a-c1d7-4cd8-975c-ed330ca69b9c,12/06/1/1/1/0020,Uke Primary Health Center,"{""admin1"": ""Edo"", ""admin2"": ""Esan West"", ""settlement"": ""Ihumudumu""}",hfr:51e8eebe-cf44-46a4-809f-80638db3c326,51e8eebe-cf44-46a4-809f-80638db3c326,Ikhideu Primary Health Center,"{""admin1"": ""Edo"", ""admin2"": ""Esan West"", ""settlement"": ""EDSEKP02""}","{""admin_path"": 0.6, ""distance_km"": 2.33, ""geo"": 0.46, ""name"": 0.847, ""name_tftoken"": 0.346, ""name_type"": 1.0}",,,,
Edo,xwd:sha256:0189cffa1071c1711baaabf586bd53adbda4d53bbca7bb77cf6e1cd2cec58aad,review,0.5844,0.748,0.51,grid3:11c16f95-23f4-4235-948b-c7e7aa4523aa,12/12/1/1/2/0073,Redemption Medical Center,"{""admin1"": ""Edo"", ""admin2"": ""Oredo"", ""settlement"": ""Unknown""}",hfr:38e199ff-5472-4157-964f-91272a08d824,38e199ff-5472-4157-964f-91272a08d824,Wisdom Medical Center,"{""admin1"": ""Edo"", ""admin2"": ""Oredo"", ""settlement"": ""EDSBEN12""}","{""admin_path"": 0.6, ""distance_km"": 0.51, ""geo"": 0.843, ""name"": 0.748, ""name_phrase"": ""medical center"", ""name_phrase_rarity"": 0.483, ""name_tftoken"": 0.284, ""name_type"": 1.0}",,,,
Edo,xwd:sha256:018d6350fa248171ac595b58ef10f4ffda70815b264bfef70834bc94f379e3d0,review,0.6981,0.86,0.35,grid3:1323171d-cf99-451a-a4d7-8918bc1f6b50,12/17/1/1/1/0039,Illoje Primary Health Center,"{""admin1"": ""Edo"", ""admin2"": ""Owan West"", ""settlement"": ""Ogbagun/Iloje""}",hfr:870933d2-f5c2-4ed6-941e-5839ff6a50c7,870933d2-f5c2-4ed6-941e-5839ff6a50c7,Iloje Primary Health Center,"{""admin1"": ""Edo"", ""admin2"": ""Owan West"", ""settlement"": ""EDSSGD07""}","{""admin_path"": 0.6, ""distance_km"": 0.35, ""geo"": 0.891, ""name"": 0.99, ""name_tftoken"": 0.358, ""name_type"": 1.0}",,,,
Edo,xwd:sha256:01c75885790850ab2dcb032dce6ff570be9ccbc1a1b504ae13cd4d2c234b1862,review,0.6728,0.879,3.77,grid3:344088ca-2617-4ba3-ad03-0ebb0754c1cd,12/16/1/1/1/0045,Ihievbe Primary Health Center,"{""admin1"": ""Edo"", ""admin2"": ""Owan East"", ""settlement"": ""Ihievbe""}",hfr:5757a627-dfea-4b4b-8d54-961ede820011,5757a627-dfea-4b4b-8d54-961ede820011,Ekhueye Primary Health Center Ihievbe,"{""admin1"": ""Edo"", ""admin2"": ""Owan East"", ""settlement"": ""EDSAFZ04""}","{""admin_path"": 0.6, ""distance_km"": 3.77, ""geo"": 0.285, ""name"": 0.879, ""name_tftoken"": 0.697, ""name_type"": 1.0}",,,,
Edo,xwd:sha256:01c8638d9350dee370a063187152c13d979e8ad8876a9aee7086839af985dc18,review,0.5663,0.793,1.95,grid3:0ebfe96c-51e7-4a2b-ae28-04bf91bbbb97,12/04/1/1/1/0010,Idumoza Primary Health Center,"{""admin1"": ""Edo"", ""admin2"": ""Esan North-East"", ""settlement"": ""Ubierumu / Idumoza""}",hfr:576ff428-8705-42a1-a4d0-b8e7eb611c77,576ff428-8705-42a1-a4d0-b8e7eb611c77,Olinlin Primary Health Center,"{""admin1"": ""Edo"", ""admin2"": ""Esan North-East"", ""settlement"": ""EDSURM04""}","{""admin_path"": 0.6, ""distance_km"": 1.95, ""geo"": 0.523, ""name"": 0.793, ""name_tftoken"": 0.345, ""name_type"": 1.0}",,,,
Edo,xwd:sha256:01ecd76d8d542c833d9da490da2bd1db41b8394071687a663388d32f3047370a,review,0.7167,0.786,26.2,grid3:f9b9c9f4-39e5-47f3-84d8-20dc75c39ada,12/04/1/1/1/0013,Oke Primary Health Center,"{""admin1"": ""Edo"", ""admin2"": ""Owan West"", ""settlement"": ""Eme-Ora / Oke""}",hfr:3a34aac8-693c-4ac8-be0f-5fa3874b0268,3a34aac8-693c-4ac8-be0f-5fa3874b0268,Oke Primary Health Center,"{""admin1"": ""Edo"", ""admin2"": ""Uhunmwonde"", ""settlement"": ""EDSEHR04""}","{""admin_path"": 0.3, ""distance_km"": 26.2, ""geo"": 0.0, ""geo_conflict_km"": 26.2, ""name"": 1.0, ""name_phrase"": ""oke primary"", ""name_phrase_rarity"": 0.786, ""name_tftoken"": 1.0, ""name_type"": 1.0}",,,,
Edo,xwd:sha256:0211576c4484880aedde08abe5177caebe7f7a5fb9f3ced3235800081bdbc1c3,review,0.5655,0.882,3.31,grid3:65d4b746-68d7-4a5e-8544-6c4e5f24385a,,Ibore Primary Health Center,"{""admin1"": ""Edo"", ""admin2"": ""Esan North-East"", ""settlement"": ""Ubierumu / Idumoza""}",hfr:644a9bc4-4fc9-4afe-80d9-e0e2ec386b4e,644a9bc4-4fc9-4afe-80d9-e0e2ec386b4e,Ebun Primary Health Center,"{""admin1"": ""Edo"", ""admin2"": ""Esan North-East"", ""settlement"": ""EDSURM01""}","{""admin_path"": 0.6, ""distance_km"": 3.31, ""geo"": 0.332, ""name"": 0.882, ""name_tftoken"": 0.349, ""name_type"": 1.0}",,,,
Edo,xwd:sha256:0244df1e0f26b95f309b151c033fd996a874fd0182f720cb901ad86fa95037b1,review,0.6089,0.86,0.0,grid3:3f9289e1-0678-4504-9d1f-e38943809428,12/14/1/1/1/0034,Ugbogiobo Health Post,"{""admin1"": ""Edo"", ""admin2"": ""Ovia North-East"", ""settlement"": ""Isiuwa""}",hfr:3f9289e1-0678-4504-9d1f-e38943809428,3f9289e1-0678-4504-9d1f-e38943809428,Ugbogobo Health Center,"{""admin1"": ""Edo"", ""admin2"": ""Ovia North-East"", ""settlement"": ""EDSAKA02""}","{""admin_path"": 0.6, ""distance_km"": 0.0, ""geo"": 1.0, ""name"": 0.916, ""name_tftoken"": 0.11, ""name_type"": 0.0}",,,,
Edo,xwd:sha256:02753318a116478d947c38fd37aee66bc642b3b6904f92e5f923ee6b38aaf540,review,0.6001,0.839,1.83,grid3:5003bc8a-c878-4c32-b59d-7cd6c7aeeb13,,Auchi General Hospital,"{""admin1"": ""Edo"", ""admin2"": ""Etsako West"", ""settlement"": ""Auchi 1""}",hfr:4916ec99-4c8d-4a48-9dbc-92084b3e4d22,4916ec99-4c8d-4a48-9dbc-92084b3e4d22,Auchi Polytechnic Cottage Hospital,"{""admin1"": ""Edo"", ""admin2"": ""Etsako West"", ""settlement"": ""EDSAUC12""}","{""admin_path"": 0.6, ""distance_km"": 1.83, ""geo"": 0.544, ""name"": 0.839, ""name_tftoken"": 0.389, ""name_type"": 1.0}",,,,
Edo,xwd:sha256:02bca96b03e369819f24ee63a960b4ef91e47277f51b353c446a2481ef2910b5,review,0.6008,0.793,0.95,grid3:90acfbc6-54b8-42ae-84dd-8a3959041d1d,,Imiakebu Primary Health Center,"{""admin1"": ""Edo"", ""admin2"": ""Etsako West"", ""settlement"": ""Uzairue N E""}",hfr:4e7ec9eb-d04a-4b8f-94e2-fddc3628c9ea,4e7ec9eb-d04a-4b8f-94e2-fddc3628c9ea,Ogbido Primary Health Center,"{""admin1"": ""Edo"", ""admin2"": ""Etsako West"", ""settlement"": ""EDSAUC11""}","{""admin_path"": 0.6, ""distance_km"": 0.95, ""geo"": 0.729, ""name"": 0.793, ""name_tftoken"": 0.345, ""name_type"": 1.0}",,,,
Edo,xwd:sha256:02f089ee0c01151bcc980f90966be261d7eb382a45a776dc155329ab61f6a1a1,review,0.5634,0.513,0.13,grid3:715dc1b4-223f-4efc-a2e3-3dd1f38947b3,,Redeem Nursing and Maternity,"{""admin1"": ""Edo"", ""admin2"": ""Egor"", ""settlement"": ""Ogida 2""}",hfr:bd45e4e9-548e-4bf3-9dc0-0d3e6251c8af,bd45e4e9-548e-4bf3-9dc0-0d3e6251c8af,St James Clinic and Maternity,"{""admin1"": ""Edo"", ""admin2"": ""Egor"", ""settlement"": ""EDSUSL09""}","{""admin_path"": 0.6, ""distance_km"": 0.13, ""geo"": 0.958, ""name"": 0.685, ""name_tftoken"": 0.227, ""name_type"": 1.0}",,,,
Edo,xwd:sha256:0307901631b7219125e44dbcbf78d1ba03e5eec6a612b8e24afa2bee2a79b0e5,review,0.5805,0.86,2.88,grid3:a87ebc3b-01c2-46aa-9d01-42f5319af6ad,12/04/1/1/1/0009,Ewoyi Primary Health Center,"{""admin1"": ""Edo"", ""admin2"": ""Esan North-East"", ""settlement"": ""Ewoyi 2""}",hfr:fea9b58b-bd9e-45f4-aa1d-fcc90590b7f9,fea9b58b-bd9e-45f4-aa1d-fcc90590b7f9,Efandion Primary Health Center,"{""admin1"": ""Edo"", ""admin2"": ""Esan North-East"", ""settlement"": ""EDSURM06""}","{""admin_path"": 0.6, ""distance_km"": 2.88, ""geo"": 0.382, ""name"": 0.892, ""name_tftoken"": 0.358, ""name_type"": 1.0}",,,,
Edo,xwd:sha256:0320adaa2e01ed669b8e68439894065ae114d8b24e59557277c81fa55a6bad92,review,0.5535,0.86,2.21,grid3:fa1165ef-90f5-49c9-a8a2-a3a51b82a6fe,,Obeh Primary Health Center,"{""admin1"": ""Edo"", ""admin2"": ""Oredo"", ""settlement"": ""Iyekeogba""}",hfr:738a653c-3d58-4ff6-aca7-711c386330c2,738a653c-3d58-4ff6-aca7-711c386330c2,Oghogbobi Primary Health Center,"{""admin1"": ""Edo"", ""admin2"": ""Ikpoba-Okha"", ""settlement"": ""EDSDGE07""}","{""admin_path"": 0.3, ""distance_km"": 2.21, ""geo"": 0.479, ""name"": 0.894, ""name_tftoken"": 0.377, ""name_type"": 1.0}",,,,
Edo,xwd:sha256:037f100029f4f75c80a00348f5508635d7cb8f4c8d0b4ed6a2710abf3776cf94,review,0.5581,0.624,0.65,grid3:a6f8b6c4-0576-4cb0-ab13-997cd34b3aab,,Supreme Nursing Home,"{""admin1"": ""Edo"", ""admin2"": ""Ikpoba-Okha"", ""settlement"": ""Ugbekun""}",hfr:4de30d6c-550e-41f8-8e9d-5fd3b8962612,4de30d6c-550e-41f8-8e9d-5fd3b8962612,Royal Nursing and Maternity Home,"{""admin1"": ""Edo"", ""admin2"": ""Ikpoba-Okha"", ""settlement"": ""EDSDGE03""}","{""admin_path"": 0.6, ""distance_km"": 0.65, ""geo"": 0.806, ""name"": 0.642, ""name_tftoken"": 0.33}",,,,
Edo,xwd:sha256:03a9e29a9707185da76151088e2aacb9fb56722f856e2585b1722bb88ccaf326,review,0.5669,0.7,1.02,grid3:633a152d-41ce-4c18-a14d-6744fc52454d,12/11/1/1/1/0001,Aduwawa Primary Health Center,"{""admin1"": ""Edo"", ""admin2"": ""Ikpoba-Okha"", ""settlement"": ""Evboumodu""}",hfr:ec03235c-10d4-4bd1-932c-5dc9d354118f,ec03235c-10d4-4bd1-932c-5dc9d354118f,Ikhueniro Primary Health Center,"{""admin1"": ""Edo"", ""admin2"": ""Ikpoba-Okha"", ""settlement"": ""EDSDGE02""}","{""admin_path"": 0.6, ""distance_km"": 1.02, ""geo"": 0.712, ""name"": 0.7, ""name_tftoken"": 0.345, ""name_type"": 1.0}",,,,
Edo,xwd:sha256:03e9f8f9c4afbd7f5a4f1614bdc32b9d4816285b2d80879f8b6a74e0cedba612,review,0.573,0.819,2.41,grid3:bbe7182f-e120-48c9-aba9-9f95ef411349,12/12/1/1/1/0001,Aruogba Primary Health Center,"{""admin1"": ""Edo"", ""admin2"": ""Oredo"", ""settlement"": ""Oredo 2""}",hfr:669e9d66-30e4-48b2-81c5-d83da32ef4f0,669e9d66-30e4-48b2-81c5-d83da32ef4f0,Evbuodia Primary Health Center,"{""admin1"": ""Edo"", ""admin2"": ""Oredo"", ""settlement"": ""EDSBEN07""}","{""admin_path"": 0.6, ""distance_km"": 2.41, ""geo"": 0.448, ""name"": 0.819, ""name_tftoken"": 0.377, ""name_type"": 1.0}",,,,
Edo,xwd:sha256:0424f7353957590339b08242f43dfbd74f5ef1a077fa5e18381d6927e87a8a58,review,0.5713,0.852,2.69,grid3:1323171d-cf99-451a-a4d7-8918bc1f6b50,12/17/1/1/1/0039,Illoje Primary Health Center,"{""admin1"": ""Edo"", ""admin2"": ""Owan West"", ""settlement"": ""Ogbagun/Iloje""}",hfr:71410802-e6bd-4cc6-ad53-b066a18ab1a8,71410802-e6bd-4cc6-ad53-b066a18ab1a8,Ohia Primary Health Center,"{""admin1"": ""Edo"", ""admin2"": ""Owan West"", ""settlement"": ""EDSSGD07""}","{""admin_path"": 0.6, ""distance_km"": 2.69, ""geo"": 0.407, ""name"": 0.852, ""name_tftoken"": 0.358, ""name_type"": 1.0}",,,,
Edo,xwd:sha256:0425711ad29b146e9518a7693265e9896b3249ff1fba36cce622450696062f4d,review,0.5567,0.825,2.96,grid3:6c743ca8-b970-4970-be4e-9b2030964eea,12/07/1/1/1/0022,Iviavia Primary Health Center,"{""admin1"": ""Edo"", ""admin2"": ""Etsako Central"", ""settlement"": ""Ivinone""}",hfr:8e478b86-b533-4e85-be4e-0b30a07237dc,8e478b86-b533-4e85-be4e-0b30a07237dc,Adachi Primary Health Center,"{""admin1"": ""Edo"", ""admin2"": ""Etsako Central"", ""settlement"": ""EDSFUG01""}","{""admin_path"": 0.6, ""distance_km"": 2.96, ""geo"": 0.373, ""name"": 0.825, ""name_tftoken"": 0.358, ""name_type"": 1.0}",,,,
Edo,xwd:sha256:046bedb96a312f644804078c04b7108266f909b10f28c1348ca918ca0ef0e21f,review,0.5782,0.767,1.47,grid3:a7d9f407-8b06-40eb-a8d2-236922011274,,Onuwabhagbe Primary Health Center,"{""admin1"": ""Edo"", ""admin2"": ""Esan Central"", ""settlement"": ""Opoji""}",hfr:7ef7cffd-fdb0-4955-a5ea-3fc8b55a8b12,7ef7cffd-fdb0-4955-a5ea-3fc8b55a8b12,Opoji Primary Health Center,"{""admin1"": ""Edo"", ""admin2"": ""Esan Central"", ""settlement"": ""EDSRRU02""}","{""admin_path"": 0.6, ""distance_km"": 1.47, ""geo"": 0.612, ""name"": 0.767, ""name_tftoken"": 0.362, ""name_type"": 1.0}",,,,
Edo,xwd:sha256:04d57f4d5ff9b3eec3d15a4c3b410c0cad84e3756bd5c5d31e988b0935c5a8ff,review,0.5603,0.889,3.76,grid3:6c8aa416-cba2-4b27-8b5c-d7f63b60d5cd,12/13/1/1/1/0002,Obagie Primary Health Center,"{""admin1"": ""Edo"", ""admin2"": ""Orhionmwon"", ""settlement"": ""Ugbeka""}",hfr:4f55fb28-94c6-4aa2-9878-a31a6687c96b,4f55fb28-94c6-4aa2-9878-a31a6687c96b,Ogan Primary Health Center,"{""admin1"": ""Edo"", ""admin2"": ""Orhionmwon"", ""settlement"": ""EDSABD06""}","{""admin_path"": 0.6, ""distance_km"": 3.76, ""geo"": 0.285, ""name"": 0.889, ""name_tftoken"": 0.349, ""name_type"": 1.0}",,,,
Edo,xwd:sha256:04f940f3c292686cfd0f71c6aad7721279f8581db2fbab047fb3ee9a8922544e,review,0.6959,0.781,0.76,grid3:a482f9e1-4caa-4f6b-baac-c2e358f46950,,Destiny Nursing and Maternity,"{""admin1"": ""Edo"", ""admin2"": ""Egor"", ""settlement"": ""Ogida 1""}",hfr:9e72cff1-f1c7-422b-add7-72b41064bff2,9e72cff1-f1c7-422b-add7-72b41064bff2,Divine Nursing and Maternity,"{""admin1"": ""Edo"", ""admin2"": ""Egor"", ""settlement"": ""EDSUSL07""}","{""admin_path"": 0.6, ""distance_km"": 0.76, ""geo"": 0.777, ""name"": 0.924, ""name_tftoken"": 0.475, ""name_type"": 1.0}",,,,
Edo,xwd:sha256:04fefc5e2e062a350054c73b21db9cddc41b7e4080bc9511588990a689c0c3f1,review,0.6164,0.727,0.73,grid3:effa0b57-e874-4eb0-90d9-3647a568db18,12/11/1/1/2/0098,Peaceway Nursing and Maternity Home,"{""admin1"": ""Edo"", ""admin2"": ""Ikpoba-Okha"", ""settlement"": ""Irhinmwinrin""}",hfr:55bc3729-e97a-4e6c-a249-197c2e90b82a,55bc3729-e97a-4e6c-a249-197c2e90b82a,Godswill Nursing Maternity Home,"{""admin1"": ""Edo"", ""admin2"": ""Ikpoba-Okha"", ""settlement"": ""EDSDGE06""}","{""admin_path"": 0.6, ""distance_km"": 0.73, ""geo"": 0.783, ""name"": 0.727, ""name_tftoken"": 0.43, ""name_type"": 1.0}",,,,
Edo,xwd:sha256:050cdb9b0c48d2583490f1fa842e478604b9b641b1739e2d43e2bf3d243d9107,review,0.5617,0.86,4.74,grid3:2286d3d6-61cd-4411-ba0b-4b1484f552a7,12/12/1/1/2/0019,Chidex Nursing and Maternity Home,"{""admin1"": ""Edo"", ""admin2"": ""Oredo"", ""settlement"": ""Oredo 2""}",hfr:a78ac982-d740-49ea-8285-f2e485ff003e,a78ac982-d740-49ea-8285-f2e485ff003e,Ekiuwa Nursing and Maternity Home,"{""admin1"": ""Edo"", ""admin2"": ""Ikpoba-Okha"", ""settlement"": ""EDSDGE06""}","{""admin_path"": 0.3, ""distance_km"": 4.74, ""geo"": 0.206, ""name"": 0.873, ""name_tftoken"": 0.559, ""name_type"": 1.0}",,,,
Edo,xwd:sha256:052594cbb617fb52c016f61d5d3d4f3c4031e57036f2e523c0b808c248f31167,review,0.5711,0.78,1.08,grid3:d79dde7d-295f-419a-924c-2c115b23c472,12/16/1/1/1/0032,Otua Primary Health Center,"{""admin1"": ""Edo"", ""admin2"": ""Owan East"", ""settlement"": ""Ihievbe""}",hfr:e6b74696-a706-4723-8d64-eb98acbc2b3f,e6b74696-a706-4723-8d64-eb98acbc2b3f,Emabu Model Primary Health Center,"{""admin1"": ""Edo"", ""admin2"": ""Owan East"", ""settlement"": ""EDSAFZ11""}","{""admin_path"": 0.6, ""distance_km"": 1.08, ""geo"": 0.698, ""name"": 0.78, ""name_tftoken"": 0.284, ""name_type"": 1.0}",,,,
Edo,xwd:sha256:0537b00a561581a7259feb8ec6f5a1d148c5f3d45e5010e375baef3324a9e19c,review,0.6427,0.842,1.12,grid3:fc983d15-ec90-4f6c-8979-7b5d61ff2e36,12/11/1/1/2/0070,Otasowie Clinic and Maternity,"{""admin1"": ""Edo"", ""admin2"": ""Ikpoba-Okha"", ""settlement"": ""Evbouriaria""}",hfr:5e7d6a2c-1c8d-4ea9-bc55-8f60f46d2d43,5e7d6a2c-1c8d-4ea9-bc55-8f60f46d2d43,Omosete Clinic and Maternity,"{""admin1"": ""Edo"", ""admin2"": ""Ikpoba-Okha"", ""settlement"": ""EDSDGE09""}","{""admin_path"": 0.6, ""distance_km"": 1.12, ""geo"": 0.689, ""name"": 0.842, ""name_phrase"": ""clinic and"", ""name_phrase_rarity"": 0.54, ""name_tftoken"": 0.442, ""name_type"": 1.0}",,,,
Edo,xwd:sha256:0537cb65616a9de76d6bcb100fa568c3455aefa992958f0c4f369559f6478563,review,0.5868,0.819,1.74,grid3:a91b0c2a-a65f-45d8-bde2-07e9cb10629b,12/03/1/1/1/0009,Ibore Primary Health Center,"{""admin1"": ""Edo"", ""admin2"": ""Esan Central"", ""settlement"": ""Uneah""}",hfr:40224f97-c4be-4c2c-ab7f-a0fbb74b4b90,40224f97-c4be-4c2c-ab7f-a0fbb74b4b90,Ugbokhare Primary Health Center,"{""admin1"": ""Edo"", ""admin2"": ""Esan Central"", ""settlement"": ""EDSRRU10""}","{""admin_path"": 0.6, ""distance_km"": 1.74, ""geo"": 0.561, ""name"": 0.819, ""name_tftoken"": 0.362, ""name_type"": 1.0}",,,,
Edo,xwd:sha256:05458770c1a2baff56fc140eee549236cb4abdce32b072e24160ae5221bb8ea7,review,0.6299,0.951,48.77,grid3:c593fdc6-c84f-40f4-b4ae-e60441cdd22b,,Ohe Primary Health Care Center,"{""admin1"": ""Edo"", ""admin2"": ""Uhunmwode"", ""settlement"": ""Ehor""}",hfr:fd689ce4-9937-4773-bf46-9ffb984b5a71,fd689ce4-9937-4773-bf46-9ffb984b5a71,Ohe Primary Health Center,"{""admin1"": ""Edo"", ""admin2"": ""Esan North-East"", ""settlement"": ""EDSURM10""}","{""admin_path"": 0.3, ""distance_km"": 48.77, ""geo"": 0.0, ""geo_conflict_km"": 48.77, ""name"": 0.951, ""name_tftoken"": 0.789}",,,,
Edo,xwd:sha256:055f211cae484ed20ee72816a4013f53edf2d05ece7354e7cbdee0593866fc38,review,0.5627,0.718,0.99,grid3:5cf16497-2132-4b68-b0cb-898bc9ff94d9,,Galex Medical Center,"{""admin1"": ""Edo"", ""admin2"": ""Ikpoba-Okha"", ""settlement"": ""Ukhiri""}",hfr:fde73810-dacd-4b06-be70-bed436636636,fde73810-dacd-4b06-be70-bed436636636,Suyi Medical Center,"{""admin1"": ""Edo"", ""admin2"": ""Ikpoba-Okha"", ""settlement"": ""EDSDGE04""}","{""admin_path"": 0.6, ""distance_km"": 0.99, ""geo"": 0.719, ""name"": 0.718, ""name_phrase"": ""medical center"", ""name_phrase_rarity"": 0.483, ""name_tftoken"": 0.31, ""name_type"": 1.0}",,,,
Edo,xwd:sha256:05670e45ed51620f8146540fc8fad724461dc23c22dff80b9d8eceb7ec108508,review,0.6831,0.9,3.97,grid3:0242fe6f-cac3-4b2b-84ea-86ce9c7aea9c,,Eko Ewu Primary Health Center,"{""admin1"": ""Edo"", ""admin2"": ""Esan Central"", ""settlement"": ""Ehanlen-Ewu""}",hfr:fd15abee-f730-40a8-9fc0-108475ab68ef,fd15abee-f730-40a8-9fc0-108475ab68ef,Ewu Primary Health Center,"{""admin1"": ""Edo"", ""admin2"": ""Esan Central"", ""settlement"": ""EDSRRU08""}","{""admin_path"": 0.6, ""distance_km"": 3.97, ""geo"": 0.266, ""name"": 0.926, ""name_tftoken"": 0.69, ""name_type"": 1.0}",,,,
Edo,xwd:sha256:05c5a6c99b048fbdbe7427ba3f2af26dbbb373a0676137721195e12da1c08b0a,review,0.5766,0.919,12.19,grid3:f1e7f5ad-a95f-4e92-9685-f2ea4bb31492,,Oghomere Ekperi Primary Health Center,"{""admin1"": ""Edo"", ""admin2"": ""Etsako Central"", ""settlement"": ""Oghomere""}",hfr:b2c048ac-4cc0-4634-8791-c695ad053523,b2c048ac-4cc0-4634-8791-c695ad053523,Osomegbe Ekperi Primary Health Center,"{""admin1"": ""Edo"", ""admin2"": ""Etsako Central"", ""settlement"": ""EDSFUG07""}","{""admin_path"": 0.6, ""distance_km"": 12.19, ""geo"": 0.017, ""geo_conflict_km"": 12.19, ""name"": 0.919, ""name_tftoken"": 0.502, ""name_type"": 1.0}",,,,
Edo,xwd:sha256:05fe5ddb477fdd758e42351dc47a4dd2d1d72d3f0a5480ac6cb5d6d0599b9b5e,review,0.641,0.847,0.0,grid3:a087c2db-17dd-4702-a712-eda624df55d3,12/09/1/1/2/0006,Mom'S Clinic Fate Medical Centre,"{""admin1"": ""Edo"", ""admin2"": ""Etsako West"", ""settlement"": ""Auchi 4""}",hfr:a8068a2e-00ec-4869-a93a-5c99fa4428dc,a8068a2e-00ec-4869-a93a-5c99fa4428dc,Moms Clinic,"{""admin1"": ""Edo"", ""admin2"": ""Etsako West"", ""settlement"": ""EDSAUC12""}","{""admin_path"": 0.6, ""distance_km"": 0.0, ""geo"": 0.998, ""name"": 0.847, ""name_tftoken"": 0.277, ""name_type"": 1.0}",,,,
Edo,xwd:sha256:062bdf90f13afbc726d0fdcf09d99beecd80a7f77af707cc32dfd679e9185bac,review,0.5782,0.767,1.47,grid3:7ef7cffd-fdb0-4955-a5ea-3fc8b55a8b12,12/03/1/1/1/0013,Opoji Primary Health Center,"{""admin1"": ""Edo"", ""admin2"": ""Esan Central"", ""settlement"": ""Opoji""}",hfr:a7d9f407-8b06-40eb-a8d2-236922011274,a7d9f407-8b06-40eb-a8d2-236922011274,Onuwabhagbe Primary Health Center,"{""admin1"": ""Edo"", ""admin2"": ""Esan Central"", ""settlement"": ""EDSRRU02""}","{""admin_path"": 0.6, ""distance_km"": 1.47, ""geo"": 0.612, ""name"": 0.767, ""name_tftoken"": 0.362, ""name_type"": 1.0}",,,,
Edo,xwd:sha256:06d752679bd75ef702339b8d59cf29484f89429e69db7fcc0a5825a416f919be,review,0.6835,0.86,0.0,grid3:bd62473f-e015-4ce8-ad93-17a8a8410df5,12/14/1/1/1/0035,Ugbokun Primary Health Center,"{""admin1"": ""Edo"", ""admin2"": ""Ovia North-East"", ""settlement"": ""Okada East""}",hfr:bd62473f-e015-4ce8-ad93-17a8a8410df5,bd62473f-e015-4ce8-ad93-17a8a8410df5,Ugbokunu 2 Primary Health Center,"{""admin1"": ""Edo"", ""admin2"": ""Ovia North-East"", ""settlement"": ""EDSAKA06""}","{""admin_path"": 0.6, ""distance_km"": 0.0, ""geo"": 1.0, ""name"": 0.951, ""name_tftoken"": 0.3, ""name_type"": 1.0}",,,,
Edo,xwd:sha256:06d7d77cc7c5a6492606fa036dda254f4e105eb2187078d474b33bdf6ea9cd83,review,0.6005,0.505,1.74,grid3:0fa22e16-d57b-4196-b6be-c90400bfe861,,St Johns Hospital,"{""admin1"": ""Edo"", ""admin2"": ""Egor"", ""settlement"": ""Okhoro""}",hfr:f33cf667-56ba-48c9-83d2-5308e507295d,f33cf667-56ba-48c9-83d2-5308e507295d,St Marys Hospital,"{""admin1"": ""Edo"", ""admin2"": ""Egor"", ""settlement"": ""EDSUSL07""}","{""admin_path"": 0.6, ""distance_km"": 1.74, ""geo"": 0.561, ""name"": 0.854, ""name_tftoken"": 0.367, ""name_type"": 1.0}",,,,
Edo,xwd:sha256:06e514f3aa55c6ee920f5cdb729cef191f5d6f268dd0e0e30c7a1baab9a6e320,review,0.5865,0.86,2.78,grid3:a11806a0-4567-4fc8-bc20-584ef9da165d,12/11/1/1/1/0022,Umelu Primary Health Center,"{""admin1"": ""Edo"", ""admin2"": ""Ikpoba-Okha"", ""settlement"": ""Irhinmwinrin""}",hfr:790cb936-4476-469a-bae6-91e47b472025,790cb936-4476-469a-bae6-91e47b472025,Ugbekun Primary Health Center,"{""admin1"": ""Edo"", ""admin2"": ""Ikpoba-Okha"", ""settlement"": ""EDSDGE03""}","{""admin_path"": 0.6, ""distance_km"": 2.78, ""geo"": 0.396, ""name"": 0.9, ""name_tftoken"": 0.361, ""name_type"": 1.0}",,,,
Edo,xwd:sha256:0796bafacb49325d96a9d2122545e1e6a9485eb606a46b705375a82d576732e0,review,0.5715,0.738,1.37,grid3:fe053d79-c27e-49b2-a6f2-6a3579f65c1d,12/11/1/1/2/0087,Uyiosa Nursing and Maternity,"{""admin1"": ""Edo"", ""admin2"": ""Ikpoba-Okha"", ""settlement"": ""Ugbekun""}",hfr:203b3247-5010-40ad-ae83-9a5b45d6a303,203b3247-5010-40ad-ae83-9a5b45d6a303,St Patrick Nursing and Maternity Home,"{""admin1"": ""Edo"", ""admin2"": ""Ikpoba-Okha"", ""settlement"": ""EDSDGE10""}","{""admin_path"": 0.6, ""distance_km"": 1.37, ""geo"": 0.633, ""name"": 0.738, ""name_tftoken"": 0.36, ""name_type"": 1.0}",,,,
Edo,xwd:sha256:07df4dd802295a67e4958bfa2661a18e48042e8f3cacba845dd174ee7e1ff39f,review,0.5877,0.862,2.05,grid3:bf7182fa-ccec-47b2-8ac9-eb7156e7b3ff,12/06/1/1/1/0021,Ujoelen Primary Health Center,"{""admin1"": ""Edo"", ""admin2"": ""Esan West"", ""settlement"": ""Emuhi""}",hfr:2120a6fc-eea4-4ce5-a56e-a9d48097e619,2120a6fc-eea4-4ce5-a56e-a9d48097e619,Ujiogba Primary Health Center,"{""admin1"": ""Edo"", ""admin2"": ""Esan West"", ""settlement"": ""EDSEKP06""}","{""admin_path"": 0.6, ""distance_km"": 2.05, ""geo"": 0.505, ""name"": 0.862, ""name_tftoken"": 0.349, ""name_type"": 1.0}",,,,
Edo,xwd:sha256:07eae1fa77924b18f411835d020fe01a74ad609d782a17f99f9eb916e90d3c02,review,0.5511,0.818,0.68,grid3:9a5e800d-602e-4ee1-a518-8502442cb95c,12/12/1/1/2/0053,Irowa Medical Center,"{""admin1"": ""Edo"", ""admin2"": ""Oredo"", ""settlement"": ""Oredo 11""}",hfr:df7e5d4d-eafa-4647-8a34-0b509e80859d,df7e5d4d-eafa-4647-8a34-0b509e80859d,Christway Medical Center,"{""admin1"": ""Edo"", ""admin2"": ""Ikpoba-Okha"", ""settlement"": ""EDSDGE06""}","{""admin_path"": 0.3, ""distance_km"": 0.68, ""geo"": 0.798, ""name"": 0.818, ""name_phrase"": ""medical center"", ""name_phrase_rarity"": 0.483, ""name_tftoken"": 0.286, ""name_type"": 1.0}",,,,
Edo,xwd:sha256:080fa56dea0e3dedfcf26d45b51565966548400b22d701a725d2a930a230a8c7,review,0.6219,0.828,1.47,grid3:f87e1be1-9d33-4816-9fd1-5beeb64f77e2,,Esohe Hospital and Maternity,"{""admin1"": ""Edo"", ""admin2"": ""Oredo"", ""settlement"": ""Iyaro""}",hfr:6d33ee43-6d24-4e0a-b563-8eb683225ef0,6d33ee43-6d24-4e0a-b563-8eb683225ef0,Bazuaye Hospital and Maternity,"{""admin1"": ""Edo"", ""admin2"": ""Oredo"", ""settlement"": ""EDSBEN02""}","{""admin_path"": 0.6, ""distance_km"": 1.47, ""geo"": 0.614, ""name"": 0.828, ""name_phrase"": ""hospital and"", ""name_phrase_rarity"": 0.592, ""name_tftoken"": 0.431, ""name_type"": 1.0}",,,,
Edo,xwd:sha256:0810537fc1e089149822db0598134f188c29eb4f22e02572f74448eb5d447ac3,review,0.5754,0.861,2.42,grid3:0ebfe96c-51e7-4a2b-ae28-04bf91bbbb97,12/04/1/1/1/0010,Idumoza Primary Health Center,"{""admin1"": ""Edo"", ""admin2"": ""Esan North-East"", ""settlement"": ""Ubierumu / Idumoza""}",hfr:448863c6-1f6f-44e6-8265-a1e14f303deb,448863c6-1f6f-44e6-8265-a1e14f303deb,Arue Primary Health Center,"{""admin1"": ""Edo"", ""admin2"": ""Esan North-East"", ""settlement"": ""EDSURM04""}","{""admin_path"": 0.6, ""distance_km"": 2.42, ""geo"": 0.446, ""name"": 0.861, ""name_tftoken"": 0.342, ""name_type"": 1.0}",,,,
Edo,xwd:sha256:0882ff36ef3a9771e77f37db8990406eaeb6a9c8f66bffb008d6bfde9ca446e0,review,0.5705,0.762,3.57,grid3:203b3247-5010-40ad-ae83-9a5b45d6a303,,St Patrick Nursing and Maternity Home,"{""admin1"": ""Edo"", ""admin2"": ""Ikpoba-Okha"", ""settlement"": ""Irhinmwinrin""}",hfr:a78ac982-d740-49ea-8285-f2e485ff003e,a78ac982-d740-49ea-8285-f2e485ff003e,Ekiuwa Nursing and Maternity Home,"{""admin1"": ""Edo"", ""admin2"": ""Ikpoba-Okha"", ""settlement"": ""EDSDGE06""}","{""admin_path"": 0.6, ""distance_km"": 3.57, ""geo"": 0.304, ""name"": 0.762, ""name_tftoken"": 0.497, ""name_type"": 1.0}",,,,
Edo,xwd:sha256:08d1ca3e993194dec30f52eca1637ecb56302485eb2f19aa3720f48ae4e21eb6,review,0.611,0.834,0.64,grid3:74ebcd03-8a47-4357-a5fc-1fd962a4c8e9,12/12/1/1/2/0014,Ayolik Medical Center,"{""admin1"": ""Edo"", ""admin2"": ""Oredo"", ""settlement"": ""Oredo 10""}",hfr:38e199ff-5472-4157-964f-91272a08d824,38e199ff-5472-4157-964f-91272a08d824,Wisdom Medical Center,"{""admin1"": ""Edo"", ""admin2"": ""Oredo"", ""settlement"": ""EDSBEN12""}","{""admin_path"": 0.6, ""distance_km"": 0.64, ""geo"": 0.809, ""name"": 0.834, ""name_phrase"": ""medical center"", ""name_phrase_rarity"": 0.483, ""name_tftoken"": 0.295, ""name_type"": 1.0}",,,,
Edo,xwd:sha256:08e0a1b5f55dfafe35926d255a4071e1c2877a9d7d1e4a74d4c1328de675dfb8,review,0.5659,0.712,1.65,grid3:4f632213-177a-4feb-b8d1-b26be7feb90d,12/17/1/1/2/0007,Okougha Uzebba Medical Center,"{""admin1"": ""Edo"", ""admin2"": ""Owan West"", ""settlement"": ""Uzebba 1""}",hfr:53d79cb0-4530-4920-a353-7a41421dc353,53d79cb0-4530-4920-a353-7a41421dc353,Uzebba Primary Health Center,"{""admin1"": ""Edo"", ""admin2"": ""Owan West"", ""settlement"": ""EDSSGD01""}","{""admin_path"": 0.6, ""distance_km"": 1.65, ""geo"": 0.577, ""name"": 0.712, ""name_tftoken"": 0.397, ""name_type"": 0.0}",,,,
Edo,xwd:sha256:08e1e5c6d42669e540a4eaf8a4f3e6becdf3520047914160765cc4d6e7a9bd5e,review,0.5707,0.856,4.71,grid3:41570a69-f1cf-4b56-95e2-72c18bd8a3e8,12/02/1/1/1/0104,Egor Staff Clinic Primary Health Centre,"{""admin1"": ""Edo"", ""admin2"": ""Egor"", ""settlement"": ""Uselu 2""}",hfr:9c517981-dd10-4c8e-a37d-96b54843097e,9c517981-dd10-4c8e-a37d-96b54843097e,Egor Primary Health Center,"{""admin1"": ""Edo"", ""admin2"": ""Egor"", ""settlement"": ""EDSUSL08""}","{""admin_path"": 0.6, ""distance_km"": 4.71, ""geo"": 0.208, ""name"": 0.856, ""name_tftoken"": 0.451, ""name_type"": 1.0}",,,,
Edo,xwd:sha256:094e681e5f1408b941494ad2cb8172abef87d40ee13cf43166866bdd74ace8f7,review,0.673,0.875,0.0,grid3:09371eb1-655f-46ee-9ee7-19d16ef33333,12/01/1/1/1/0020,Ikiran Ile Primary Health Clinic,"{""admin1"": ""Edo"", ""admin2"": ""Akoko-Edo"", ""settlement"": ""Ibillo""}",hfr:09371eb1-655f-46ee-9ee7-19d16ef33333,09371eb1-655f-46ee-9ee7-19d16ef33333,Ikran Ile Primary Health Center,"{""admin1"": ""Edo"", ""admin2"": ""Akoko-Edo"", ""settlement"": ""EDSGAR06""}","{""admin_path"": 0.6, ""distance_km"": 0.0, ""geo"": 1.0, ""name"": 0.875, ""name_phrase"": ""ile primary"", ""name_phrase_rarity"": 0.887, ""name_tftoken"": 0.345, ""name_type"": 0.0}",,,,
Edo,xwd:sha256:09a9e538e1fbc98cfd769960d3a4d2a3967aaa0f39e664f19c671a023624330e,review,0.5512,0.965,7.11,grid3:29829e30-cd51-4fc0-87a8-cd8b9044f0f1,12/13/1/1/1/0027,Oza Primary Health Center,"{""admin1"": ""Edo"", ""admin2"": ""Orhionmwon"", ""settlement"": ""Abiokunla 2""}",hfr:4f55fb28-94c6-4aa2-9878-a31a6687c96b,4f55fb28-94c6-4aa2-9878-a31a6687c96b,Ogan Primary Health Center,"{""admin1"": ""Edo"", ""admin2"": ""Orhionmwon"", ""settlement"": ""EDSABD06""}","{""admin_path"": 0.6, ""distance_km"": 7.11, ""geo"": 0.094, ""name"": 0.965, ""name_tftoken"": 0.342, ""name_type"": 1.0}",,,,
Edo,xwd:sha256:09d63ebbfa13bbeaf436014b7bf6fe10410415509d48ba694de3929d3bc2b60c,review,0.598,0.752,0.61,grid3:895c5820-c952-4428-9ab8-28bdd195edcb,12/11/1/1/2/0042,Joepic Nursing and Maternity Home,"{""admin1"": ""Edo"", ""admin2"": ""Ikpoba-Okha"", ""settlement"": ""Evboumodu""}",hfr:b36aaab4-6f33-4810-a643-6c48e6d74dd0,b36aaab4-6f33-4810-a643-6c48e6d74dd0,Solution Nursing and Mayernity Home,"{""admin1"": ""Edo"", ""admin2"": ""Ikpoba-Okha"", ""settlement"": ""EDSDGE02""}","{""admin_path"": 0.6, ""distance_km"": 0.61, ""geo"": 0.815, ""name"": 0.752, ""name_tftoken"": 0.334}",,,,
Edo,xwd:sha256:0a21e7edc572e5ff3f74591e222f815d76518e45cd9c416a619e3ff684ca5b41,review,0.5504,0.86,5.5,grid3:4e0992cf-bacb-442a-9e24-31fe0d93a6da,12/16/1/1/1/0056,Ohanmi Primary Health Center,"{""admin1"": ""Edo"", ""admin2"": ""Owan East"", ""settlement"": ""4 Bimion""}",hfr:12f077b7-28ac-4db7-93a8-7b2900c3c325,12f077b7-28ac-4db7-93a8-7b2900c3c325,Uokha Primary Health Center,"{""admin1"": ""Edo"", ""admin2"": ""Owan East"", ""settlement"": ""EDSAFZ06""}","{""admin_path"": 0.6, ""distance_km"": 5.5, ""geo"": 0.16, ""name"": 0.913, ""name_tftoken"": 0.358, ""name_type"": 1.0}",,,,
Edo,xwd:sha256:0a2f3fd85e65fdbc51735842a1d2bed968e33d300e530b2086a422f9f00a45cb,review,0.569,0.857,2.92,grid3:c65e9173-a0c8-4fff-a3db-ec4747e8625c,12/09/1/1/1/0014,Irekhai Primary Health Center,"{""admin1"": ""Edo"", ""admin2"": ""Etsako West"", ""settlement"": ""Uzairue S E""}",hfr:ea8d9034-60d7-4eaf-bf75-86bd6c0eb540,ea8d9034-60d7-4eaf-bf75-86bd6c0eb540,Ayogwiri Primary Health Center,"{""admin1"": ""Edo"", ""admin2"": ""Etsako West"", ""settlement"": ""EDSAUC08""}","{""admin_path"": 0.6, ""distance_km"": 2.92, ""geo"": 0.377, ""name"": 0.857, ""name_tftoken"": 0.361, ""name_type"": 1.0}",,,,
Edo,xwd:sha256:0a30529feb286da1678200343c5733dd128914deb1ffd234953289744f27607d,review,0.5762,0.815,1.22,grid3:df7e5d4d-eafa-4647-8a34-0b509e80859d,12/11/1/1/2/0017,Christway Medical Center,"{""admin1"": ""Edo"", ""admin2"": ""Ikpoba-Okha"", ""settlement"": ""Evbouriaria""}",hfr:6fcf8400-e302-4956-940e-5fae5a2c3d17,6fcf8400-e302-4956-940e-5fae5a2c3d17,Christ Medical Center,"{""admin1"": ""Edo"", ""admin2"": ""Oredo"", ""settlement"": ""EDSBEN12""}","{""admin_path"": 0.3, ""distance_km"": 1.22, ""geo"": 0.666, ""name"": 0.946, ""name_phrase"": ""medical center"", ""name_phrase_rarity"": 0.483, ""name_tftoken"": 0.299, ""name_type"": 1.0}",,,,
Edo,xwd:sha256:0a5bf0710ef90c61afbeb573f162a863855bf3cfb226869e8d535a05df596b98,review,0.6607,0.836,0.5,grid3:a03cfe29-2a06-435d-97e5-04be7514b7f1,,Excutive Clinic and Maternity,"{""admin1"": ""Edo"", ""admin2"": ""Egor"", ""settlement"": ""Uselu 1""}",hfr:27b0c8de-52b7-4c62-9191-24d11706b14c,27b0c8de-52b7-4c62-9191-24d11706b14c,Iyare Clinic and Maternity,"{""admin1"": ""Edo"", ""admin2"": ""Egor"", ""settlement"": ""EDSUSL05""}","{""admin_path"": 0.6, ""distance_km"": 0.5, ""geo"": 0.847, ""name"": 0.836, ""name_phrase"": ""clinic and"", ""name_phrase_rarity"": 0.54, ""name_tftoken"": 0.422, ""name_type"": 1.0}",,,,
Edo,xwd:sha256:0a8ab487cbf64a0642752aacc7ca111b0c88567b3a378d54fbeca4cce46b6a07,review,0.5511,0.719,1.85,grid3:5924e5c6-277a-4511-b8e6-781704f16805,12/11/1/1/2/0021,Divine Help Nursing and Maternity,"{""admin1"": ""Edo"", ""admin2"": ""Ikpoba-Okha"", ""settlement"": ""Irhinmwinrin""}",hfr:c4874c8d-3380-406a-8765-e46efbf1c988,c4874c8d-3380-406a-8765-e46efbf1c988,Onome Nursing and Maternity,"{""admin1"": ""Edo"", ""admin2"": ""Ikpoba-Okha"", ""settlement"": ""EDSDGE03""}","{""admin_path"": 0.6, ""distance_km"": 1.85, ""geo"": 0.54, ""name"": 0.719, ""name_tftoken"": 0.364, ""name_type"": 1.0}",,,,
Edo,xwd:sha256:0ac99b77241900a09cb9d217b8b47a905f8bb4ac04872a1098c196a1133a11f3,review,0.5609,0.846,2.37,grid3:a74b6801-3dbd-4ada-8a60-daa5f1663769,,Eronosele Medical Center,"{""admin1"": ""Edo"", ""admin2"": ""Esan West"", ""settlement"": ""Emuhi""}",hfr:6cdc238e-6d52-40de-a188-f1e85410d6f4,6cdc238e-6d52-40de-a188-f1e85410d6f4,Eseohe Medical Center,"{""admin1"": ""Edo"", ""admin2"": ""Esan West"", ""settlement"": ""EDSEKP06""}","{""admin_path"": 0.6, ""distance_km"": 2.37, ""geo"": 0.453, ""name"": 0.846, ""name_phrase"": ""medical center"", ""name_phrase_rarity"": 0.483, ""name_tftoken"": 0.31, ""name_type"": 1.0}",,,,
Edo,xwd:sha256:0ada34c5f76412cbe378cc7ae8b2a57ffa435d7c99af0439b960c7eddb2a4882,review,0.6338,0.943,84.11,grid3:5f38f2c8-d177-42bb-94ed-c8fc82c36ec4,12/16/1/1/2/0085,Destiny Nursing Home and Maternity,"{""admin1"": ""Edo"", ""admin2"": ""Owan East"", ""settlement"": ""Emai 1""}",hfr:a482f9e1-4caa-4f6b-baac-c2e358f46950,a482f9e1-4caa-4f6b-baac-c2e358f46950,Destiny Nursing and Maternity,"{""admin1"": ""Edo"", ""admin2"": ""Egor"", ""settlement"": ""EDSUSL07""}","{""admin_path"": 0.3, ""distance_km"": 84.11, ""geo"": 0.0, ""geo_conflict_km"": 84.11, ""name"": 0.943, ""name_tftoken"": 0.808, ""name_type"": 1.0}",,,,
Edo,xwd:sha256:0ae09a145cb3b5d96f5abdfb82178b2287dd3f92c05fda002e200e1d8d78b7b5,review,0.6354,0.901,1.1,grid3:2120a6fc-eea4-4ce5-a56e-a9d48097e619,,Ujiogba Primary Health Center,"{""admin1"": ""Edo"", ""admin2"": ""Esan West"", ""settlement"": ""Eguare""}",hfr:e4eeb8ad-7571-499b-a0d0-b588da1869ad,e4eeb8ad-7571-499b-a0d0-b588da1869ad,Ogwa Primary Health Center,"{""admin1"": ""Edo"", ""admin2"": ""Esan West"", ""settlement"": ""EDSEKP06""}","{""admin_path"": 0.6, ""distance_km"": 1.1, ""geo"": 0.694, ""name"": 0.901, ""name_tftoken"": 0.358, ""name_type"": 1.0}",,,,
Edo,xwd:sha256:0af74375b2ba3432086cbf7e9bbff6dafc79f39eadc19ce6c0020e0abb39bf96,review,0.5755,0.513,0.0,grid3:38c94c83-de50-42f1-98b6-a0f571e67f18,12/17/1/1/2/0005,O C Surgery and Maternity Clinic,"{""admin1"": ""Edo"", ""admin2"": ""Owan West"", ""settlement"": ""Uzebba 2""}",hfr:38c94c83-de50-42f1-98b6-a0f571e67f18,38c94c83-de50-42f1-98b6-a0f571e67f18,Oc Nursing and Maternity Home,"{""admin1"": ""Edo"", ""admin2"": ""Owan West"", ""settlement"": ""EDSSGD01""}","{""admin_path"": 0.6, ""distance_km"": 0.0, ""geo"": 1.0, ""name"": 0.749, ""name_tftoken"": 0.178, ""name_type"": 1.0}",,,,
Kano,xwd:sha256:0016f39bf85fd7bfba9c64d5663b061ebd0e05dbd761fc0bcb81dba010d9fc99,match,0.9333,1.0,0.0,grid3:410d4bc4-c455-4466-9438-e07a2a5c7630,19/05/1/1/1/0028,Madine Health Post,"{""admin1"": ""Kano"", ""admin2"": ""Bichi"", ""settlement"": ""Muntsira""}",hfr:410d4bc4-c455-4466-9438-e07a2a5c7630,410d4bc4-c455-4466-9438-e07a2a5c7630,Madine Health Post,"{""admin1"": ""Kano"", ""admin2"": ""Bichi"", ""settlement"": ""KN0508""}","{""admin_path"": 0.6, ""distance_km"": 0.0, ""geo"": 1.0, ""name"": 1.0, ""name_tftoken"": 1.0, ""name_type"": 1.0}",,,,
Kano,xwd:sha256:001d6aa9b62ae94bc88454b4e9cc1d0906a55c6205ea614f1b2f8456981ee0b5,match,0.9333,1.0,0.0,grid3:833c08cb-11db-4e49-8284-53782d988a8a,19/16/1/1/1/0012,Jobe Health Post,"{""admin1"": ""Kano"", ""admin2"": ""Gaya"", ""settlement"": ""Shagogo""}",hfr:833c08cb-11db-4e49-8284-53782d988a8a,833c08cb-11db-4e49-8284-53782d988a8a,Jobe Health Post,"{""admin1"": ""Kano"", ""admin2"": ""Gaya"", ""settlement"": ""KN1609""}","{""admin_path"": 0.6, ""distance_km"": 0.0, ""geo"": 1.0, ""name"": 1.0, ""name_tftoken"": 1.0, ""name_type"": 1.0}",,,,
Kano,xwd:sha256:0032db1ef04e5e00fc03a845c9048328ef2b22f74603bf0524047bd609616ba0,match,0.7663,0.89,0.0,grid3:2b0a16eb-57cc-4837-b7cc-5f4d91ad87f7,19/06/1/1/1/0011,Gafan Health Clinic,"{""admin1"": ""Kano"", ""admin2"": ""Bunkure"", ""settlement"": ""Gafon""}",hfr:2b0a16eb-57cc-4837-b7cc-5f4d91ad87f7,2b0a16eb-57cc-4837-b7cc-5f4d91ad87f7,Gafan Health Post,"{""admin1"": ""Kano"", ""admin2"": ""Bunkure"", ""settlement"": ""KN0605""}","{""admin_path"": 0.6, ""distance_km"": 0.0, ""geo"": 1.0, ""name"": 0.89, ""name_tftoken"": 0.609, ""name_type"": 0.0}",,,,
Kano,xwd:sha256:005fa142419bc208ddc95785a6113afd04f4135f5cd2e7bb569b09fcb36ef82d,match,0.8477,0.919,0.0,grid3:f608b54b-9638-4353-b5bd-3952bedc4f2d,19/36/1/1/1/0004,Bakin Lahadi Primary Health Center,"{""admin1"": ""Kano"", ""admin2"": ""Sumaila"", ""settlement"": ""Gediya""}",hfr:f608b54b-9638-4353-b5bd-3952bedc4f2d,f608b54b-9638-4353-b5bd-3952bedc4f2d,Bakin Lahadi Model Primary Health Center,"{""admin1"": ""Kano"", ""admin2"": ""Sumaila"", ""settlement"": ""KN3604""}","{""admin_path"": 0.6, ""distance_km"": 0.0, ""geo"": 1.0, ""name"": 0.919, ""name_tftoken"": 0.824, ""name_type"": 1.0}",,,,
Kano,xwd:sha256:009ad06c4894cde0c2e1384990a60c19f3cd0412b85f83ba6ee01608cc9a24ec,match,0.9333,0.884,0.0,grid3:13247fa8-3d9e-4aed-9563-dc47a08bf80c,,Nassarawa Health Center,"{""admin1"": ""Kano"", ""admin2"": ""Kura"", ""settlement"": ""Karfi (Takai Lga)""}",hfr:13247fa8-3d9e-4aed-9563-dc47a08bf80c,13247fa8-3d9e-4aed-9563-dc47a08bf80c,Nassarawa Health Center,"{""admin1"": ""Kano"", ""admin2"": ""Kura"", ""settlement"": ""KN2705""}","{""admin_path"": 0.6, ""distance_km"": 0.0, ""geo"": 1.0, ""name"": 1.0, ""name_tftoken"": 1.0, ""name_type"": 1.0}",,,,
Kano,xwd:sha256:00bf76ea927b044960877a780341c78ea65ecca81c78bdfaada96d281459e45e,match,0.7305,0.861,0.0,grid3:8b98fc6e-08ac-4747-bfe5-caeed6c1039d,19/40/1/1/1/0014,Tafashiya Primary Health Center,"{""admin1"": ""Kano"", ""admin2"": ""Tsanyawa"", ""settlement"": ""Gozarki""}",hfr:8b98fc6e-08ac-4747-bfe5-caeed6c1039d,8b98fc6e-08ac-4747-bfe5-caeed6c1039d,Tafashiya Health Post,"{""admin1"": ""Kano"", ""admin2"": ""Tsanyawa"", ""settlement"": ""KN4003""}","{""admin_path"": 0.6, ""distance_km"": 0.0, ""geo"": 1.0, ""name"": 0.861, ""name_tftoken"": 0.53, ""name_type"": 0.0}",,,,
Kano,xwd:sha256:00ebdd7da7ac00e27b7d2252c53fbe33a59cb4276a88fd87f38e05555dcf4fe4,match,0.9333,1.0,0.0,grid3:581a8a72-e51d-41ff-a918-7da3ac625a81,19/06/1/1/1/0003,Bono Primary Health Center,"{""admin1"": ""Kano"", ""admin2"": ""Bunkure"", ""settlement"": ""Bonu""}",hfr:581a8a72-e51d-41ff-a918-7da3ac625a81,581a8a72-e51d-41ff-a918-7da3ac625a81,Bono Primary Health Center,"{""admin1"": ""Kano"", ""admin2"": ""Bunkure"", ""settlement"": ""KN0602""}","{""admin_path"": 0.6, ""distance_km"": 0.0, ""geo"": 1.0, ""name"": 1.0, ""name_tftoken"": 1.0, ""name_type"": 1.0}",,,,
Kano,xwd:sha256:012337f512749b812d15793d3410411a94d32a94e8b8ebbd0838a55d690f1c7b,match,0.8299,0.938,2.91,grid3:6af21f64-2de8-46a6-bbe1-3ffdf1b6b3bd,,Shuwaki Model Primary Health Center,"{""admin1"": ""Kano"", ""admin2"": ""Kunchi"", ""settlement"": ""Bumai""}",hfr:9b7ef4ac-551c-40c6-9917-2c648952e632,9b7ef4ac-551c-40c6-9917-2c648952e632,Shuwaki Model Primary Health Center,"{""admin1"": ""Kano"", ""admin2"": ""Kunchi"", ""settlement"": ""KN2609""}","{""admin_path"": 0.6, ""distance_km"": 2.91, ""geo"": 0.379, ""name"": 1.0, ""name_tftoken"": 1.0, ""name_type"": 1.0}",,,,
Kano,xwd:sha256:01442361c6b1ee8149ade5fa6040756bf9f303ff90c579cc8f2976c8ae734176,match,0.9333,1.0,0.0,grid3:94ac0ce5-fe90-4d97-96e5-d7fc78882bd1,19/04/1/1/1/0018,Rantan Health Post,"{""admin1"": ""Kano"", ""admin2"": ""Bebeji"", ""settlement"": ""Rantan""}",hfr:94ac0ce5-fe90-4d97-96e5-d7fc78882bd1,94ac0ce5-fe90-4d97-96e5-d7fc78882bd1,Rantan Health Post,"{""admin1"": ""Kano"", ""admin2"": ""Bebeji"", ""settlement"": ""KN0412""}","{""admin_path"": 0.6, ""distance_km"": 0.0, ""geo"": 1.0, ""name"": 1.0, ""name_tftoken"": 1.0, ""name_type"": 1.0}",,,,
Kano,xwd:sha256:016487882c1fc64f8c40e065dcc569cc6d83deab756e687818cdf2c38160c6a3,match,0.9333,0.86,0.0,grid3:e823f8ae-2280-4b7b-a149-d1689512534d,19/02/1/1/1/0019,Jigar Health Post,"{""admin1"": ""Kano"", ""admin2"": ""Albasu"", ""settlement"": ""Albasu""}",hfr:e823f8ae-2280-4b7b-a149-d1689512534d,e823f8ae-2280-4b7b-a149-d1689512534d,Jigar Health Post,"{""admin1"": ""Kano"", ""admin2"": ""Albasu"", ""settlement"": ""KN0201""}","{""admin_path"": 0.6, ""distance_km"": 0.0, ""geo"": 1.0, ""name"": 1.0, ""name_tftoken"": 1.0, ""name_type"": 1.0}",,,,
Kano,xwd:sha256:01cb6fddb06335f8c69e4bad983ebf8e56386bcd1704dc7acad284fdb6551a81,match,0.8279,0.959,0.0,grid3:0278cd84-5a73-44c7-a056-a56c7be96c8f,19/12/1/1/1/0004,Jaba Model Primary Health Center,"{""admin1"": ""Kano"", ""admin2"": ""Fagge"", ""settlement"": ""Sabon Gari East""}",hfr:0278cd84-5a73-44c7-a056-a56c7be96c8f,0278cd84-5a73-44c7-a056-a56c7be96c8f,Jaba Model Primary Health Care,"{""admin1"": ""Kano"", ""admin2"": ""Fagge"", ""settlement"": ""KN1208""}","{""admin_path"": 0.6, ""distance_km"": 0.0, ""geo"": 1.0, ""name"": 0.968, ""name_tftoken"": 0.716}",,,,
Kano,xwd:sha256:01d0a54582e19023b92565b8d5882b27d2659335f2d901d010c4f82256789353,match,0.7729,0.912,0.0,grid3:ea94877e-b791-42c5-9fc0-8070abd8e78b,19/32/1/1/1/0018,Kurmi Health Post,"{""admin1"": ""Kano"", ""admin2"": ""Rano"", ""settlement"": ""Lausu""}",hfr:ea94877e-b791-42c5-9fc0-8070abd8e78b,ea94877e-b791-42c5-9fc0-8070abd8e78b,Kurmi Health Center,"{""admin1"": ""Kano"", ""admin2"": ""Rano"", ""settlement"": ""KN3202""}","{""admin_path"": 0.6, ""distance_km"": 0.0, ""geo"": 1.0, ""name"": 0.912, ""name_phrase"": ""kurmi health"", ""name_phrase_rarity"": 0.962, ""name_tftoken"": 0.607, ""name_type"": 0.0}",,,,
Kano,xwd:sha256:020f95b7f529b4b29ab3b5a14460198667096efca890c1d32bc23c9f93b33d95,match,0.7566,0.888,0.0,grid3:8821bc8b-f934-4008-9566-9c2a23cc0a3c,19/12/1/2/2/0001,Alfa Clinic and Maternity,"{""admin1"": ""Kano"", ""admin2"": ""Fagge"", ""settlement"": ""Sabon Gari West""}",hfr:8821bc8b-f934-4008-9566-9c2a23cc0a3c,8821bc8b-f934-4008-9566-9c2a23cc0a3c,Alfa Clinic,"{""admin1"": ""Kano"", ""admin2"": ""Fagge"", ""settlement"": ""KN1208""}","{""admin_path"": 0.6, ""distance_km"": 0.0, ""geo"": 1.0, ""name"": 0.888, ""name_phrase"": ""alfa clinic"", ""name_phrase_rarity"": 0.971, ""name_tftoken"": 0.582, ""name_type"": 0.0}",,,,
Kano,xwd:sha256:0290616956ee754e10112e62077b17daee768fc0a782c8cc7a08c691edb337a0,match,0.7614,0.883,0.0,grid3:86349039-1e37-4e2d-b812-6706eab13623,19/30/1/1/1/0018,Kuru Health Clinic,"{""admin1"": ""Kano"", ""admin2"": ""Minjibir"", ""settlement"": ""Kuru""}",hfr:86349039-1e37-4e2d-b812-6706eab13623,86349039-1e37-4e2d-b812-6706eab13623,Kuru Health Post,"{""admin1"": ""Kano"", ""admin2"": ""Minjibir"", ""settlement"": ""KN3005""}","{""admin_path"": 0.6, ""distance_km"": 0.0, ""geo"": 1.0, ""name"": 0.883, ""name_phrase"": ""kuru health"", ""name_phrase_rarity"": 0.964, ""name_tftoken"": 0.601, ""name_type"": 0.0}",,,,
Kano,xwd:sha256:02ec123d322085356b6012e19c478262610adab25f701a28047bcb20b0e45e06,match,0.9333,0.86,0.0,grid3:c9afacf4-0415-4726-8124-8c333bc5e35b,19/37/1/1/1/0007,Diribo Health Post,"{""admin1"": ""Kano"", ""admin2"": ""Takai"", ""settlement"": ""Karfi (Takai Lga)""}",hfr:c9afacf4-0415-4726-8124-8c333bc5e35b,c9afacf4-0415-4726-8124-8c333bc5e35b,Diribo Health Post,"{""admin1"": ""Kano"", ""admin2"": ""Takai"", ""settlement"": ""KN3707""}","{""admin_path"": 0.6, ""distance_km"": 0.0, ""geo"": 1.0, ""name"": 1.0, ""name_tftoken"": 1.0, ""name_type"": 1.0}",,,,
Kano,xwd:sha256:035133cc9c635749d14bac4f74adef27ad26d98d879732b2aa6912ac77076ecd,match,0.9333,1.0,0.0,grid3:b77592c3-5415-4113-b7af-1df8fda58cf4,19/23/1/1/1/0012,Kalambu Health Post,"{""admin1"": ""Kano"", ""admin2"": ""Kibiya"", ""settlement"": ""Fassi""}",hfr:b77592c3-5415-4113-b7af-1df8fda58cf4,b77592c3-5415-4113-b7af-1df8fda58cf4,Kalambu Health Post,"{""admin1"": ""Kano"", ""admin2"": ""Kibiya"", ""settlement"": ""KN2303""}","{""admin_path"": 0.6, ""distance_km"": 0.0, ""geo"": 1.0, ""name"": 1.0, ""name_tftoken"": 1.0, ""name_type"": 1.0}",,,,
Kano,xwd:sha256:037157da844c8d3534d6e40abc81131776281704d633143ec1c66860ccf34598,match,0.7789,0.884,0.0,grid3:66764495-0f8d-4de6-9e32-d106c069af63,19/04/1/1/1/0021,Wak Primary Health Center,"{""admin1"": ""Kano"", ""admin2"": ""Bebeji"", ""settlement"": ""Wak""}",hfr:66764495-0f8d-4de6-9e32-d106c069af63,66764495-0f8d-4de6-9e32-d106c069af63,Wak Basic Health Center,"{""admin1"": ""Kano"", ""admin2"": ""Bebeji"", ""settlement"": ""KN0414""}","{""admin_path"": 0.6, ""distance_km"": 0.0, ""geo"": 1.0, ""name"": 0.884, ""name_tftoken"": 0.653, ""name_type"": 1.0}",,,,
Kano,xwd:sha256:038536a67462e56c1ef52d2c2dd13eed2e067fccf82818955ed2e536c2054f2b,match,0.9333,1.0,0.0,grid3:52591c33-0dbb-4e55-8942-32724c2f2224,,Maimuna Allah Raya Hospital,"{""admin1"": ""Kano"", ""admin2"": ""Fagge"", ""settlement"": ""Sabon Gari West""}",hfr:52591c33-0dbb-4e55-8942-32724c2f2224,52591c33-0dbb-4e55-8942-32724c2f2224,Maimuna Allah Raya Hospital,"{""admin1"": ""Kano"", ""admin2"": ""Fagge"", ""settlement"": ""KN1209""}","{""admin_path"": 0.6, ""distance_km"": 0.0, ""geo"": 1.0, ""name"": 1.0, ""name_tftoken"": 1.0, ""name_type"": 1.0}",,,,
Kano,xwd:sha256:03a1560714af401ce46a76f37b13d8b69838d75adccfec0c8dcc84c6f5d560e3,match,0.9333,0.96,0.0,grid3:8b8b697f-1316-43cf-9f64-22ff4c07a754,19/38/1/1/1/0005,Hausawa Primary Health Center,"{""admin1"": ""Kano"", ""admin2"": ""Tarauni"", ""settlement"": ""Babban Giji""}",hfr:8b8b697f-1316-43cf-9f64-22ff4c07a754,8b8b697f-1316-43cf-9f64-22ff4c07a754,Hausawa Primary Health Center,"{""admin1"": ""Kano"", ""admin2"": ""Tarauni"", ""settlement"": ""KN3801""}","{""admin_path"": 0.6, ""distance_km"": 0.0, ""geo"": 1.0, ""name"": 1.0, ""name_phrase"": ""hausawa primary"", ""name_phrase_rarity"": 0.96, ""name_tftoken"": 1.0, ""name_type"": 1.0}",,,,
Kano,xwd:sha256:03b4ec3d1b1fd90b3d684a071341d836e05ad580c3b02f30cb3548c26fa2c341,match,0.9333,1.0,0.0,grid3:6494a2b3-74e9-4a26-ab41-0b37ec4baff2,,Chedi Mai Dala Ngawa Health Post,"{""admin1"": ""Kano"", ""admin2"": ""Bagwai"", ""settlement"": ""Rimin Dako""}",hfr:6494a2b3-74e9-4a26-ab41-0b37ec4baff2,6494a2b3-74e9-4a26-ab41-0b37ec4baff2,Chedi Mai Dala Ngawa Health Post,"{""admin1"": ""Kano"", ""admin2"": ""Bagwai"", ""settlement"": ""KN0307""}","{""admin_path"": 0.6, ""distance_km"": 0.0, ""geo"": 1.0, ""name"": 1.0, ""name_tftoken"": 1.0, ""name_type"": 1.0}",,,,
Kano,xwd:sha256:03bea82b573284456c482ad45f8483b20b6ad243d4e3bbd36dbd74722872b4a6,match,0.9333,0.86,0.0,grid3:5a2346e5-f5cf-45bd-9d25-8b8775bd78d0,19/29/1/1/1/0023,Tangajiyo Health Post,"{""admin1"": ""Kano"", ""admin2"": ""Makoda"", ""settlement"": ""Tangaji""}",hfr:5a2346e5-f5cf-45bd-9d25-8b8775bd78d0,5a2346e5-f5cf-45bd-9d25-8b8775bd78d0,Tangajiyo Health Post,"{""admin1"": ""Kano"", ""admin2"": ""Makoda"", ""settlement"": ""KN2910""}","{""admin_path"": 0.6, ""distance_km"": 0.0, ""geo"": 1.0, ""name"": 1.0, ""name_tftoken"": 1.0, ""name_type"": 1.0}",,,,
Kano,xwd:sha256:03e0cf4c3bde522711ff80c8bcb163ddc90db1b7e49582fa1c72766d8a001f12,match,0.7704,0.878,0.0,grid3:be0e6399-dc43-44a7-b130-5a743efc70aa,19/40/1/1/1/0005,Gezawa Health Post,"{""admin1"": ""Kano"", ""admin2"": ""Tsanyawa"", ""settlement"": ""Yan Kamaye""}",hfr:be0e6399-dc43-44a7-b130-5a743efc70aa,be0e6399-dc43-44a7-b130-5a743efc70aa,Gezawa Tsanyawa Health Post,"{""admin1"": ""Kano"", ""admin2"": ""Tsanyawa"", ""settlement"": ""KN4008""}","{""admin_path"": 0.6, ""distance_km"": 0.0, ""geo"": 1.0, ""name"": 0.878, ""name_tftoken"": 0.633, ""name_type"": 1.0}",,,,
Kano,xwd:sha256:03fcafe30c18df730b437c0e53a4a0c6b65d75235b75e045d98697391ee23a32,match,0.9333,0.913,0.0,grid3:6dd5eab1-5f6f-4d61-acd4-8cbec5be2fbc,,Gera Health Post,"{""admin1"": ""Kano"", ""admin2"": ""Bagwai"", ""settlement"": ""Kwajale""}",hfr:6dd5eab1-5f6f-4d61-acd4-8cbec5be2fbc,6dd5eab1-5f6f-4d61-acd4-8cbec5be2fbc,Gera Health Post,"{""admin1"": ""Kano"", ""admin2"": ""Bagwai"", ""settlement"": ""KN0306""}","{""admin_path"": 0.6, ""distance_km"": 0.0, ""geo"": 1.0, ""name"": 1.0, ""name_phrase"": ""gera health"", ""name_phrase_rarity"": 0.913, ""name_tftoken"": 1.0, ""name_type"": 1.0}",,,,
Kano,xwd:sha256:04376ec963233b4e1566ebbca920334421bb97bfea044be8e10eaf0a41120df9,match,0.9333,1.0,0.0,grid3:9fc0fde8-3fb0-4e0c-83c4-e02e0d3dabd5,,Chalbo Health Post,"{""admin1"": ""Kano"", ""admin2"": ""Kibiya"", ""settlement"": ""Kibiya 1""}",hfr:9fc0fde8-3fb0-4e0c-83c4-e02e0d3dabd5,9fc0fde8-3fb0-4e0c-83c4-e02e0d3dabd5,Chalbo Health Post,"{""admin1"": ""Kano"", ""admin2"": ""Kibiya"", ""settlement"": ""KN2308""}","{""admin_path"": 0.6, ""distance_km"": 0.0, ""geo"": 1.0, ""name"": 1.0, ""name_tftoken"": 1.0, ""name_type"": 1.0}",,,,
Kano,xwd:sha256:043b426d32956df08bef673e10e9b3ba49b2102c40d7066bd38f653296cb31c4,match,0.9333,0.988,0.0,grid3:7b6ed820-ac45-4a4b-87a9-9f94a408c006,19/21/1/1/1/0013,Unguwar Gini Primary Health Center,"{""admin1"": ""Kano"", ""admin2"": ""Kano Municipal"", ""settlement"": ""Kankarofi""}",hfr:7b6ed820-ac45-4a4b-87a9-9f94a408c006,7b6ed820-ac45-4a4b-87a9-9f94a408c006,Unguwar Gini Primary Health Center,"{""admin1"": ""Kano"", ""admin2"": ""Kano Municipal"", ""settlement"": ""KN2105""}","{""admin_path"": 0.6, ""distance_km"": 0.0, ""geo"": 1.0, ""name"": 1.0, ""name_tftoken"": 1.0, ""name_type"": 1.0}",,,,
Kano,xwd:sha256:044ed7bfe1cc4b48f0df04243ccdbc43804427e6cb5e47fd36929eb0dbffb93e,match,0.9333,1.0,0.0,grid3:90cbc570-6874-4b24-a32e-24ca6e03d9eb,19/02/1/1/1/0031,Umbara Health Post,"{""admin1"": ""Kano"", ""admin2"": ""Albasu"", ""settlement"": ""Panda/Kare""}",hfr:90cbc570-6874-4b24-a32e-24ca6e03d9eb,90cbc570-6874-4b24-a32e-24ca6e03d9eb,Umbara Health Post,"{""admin1"": ""Kano"", ""admin2"": ""Albasu"", ""settlement"": ""KN0205""}","{""admin_path"": 0.6, ""distance_km"": 0.0, ""geo"": 1.0, ""name"": 1.0, ""name_tftoken"": 1.0, ""name_type"": 1.0}",,,,
Kano,xwd:sha256:045dba1571231e8f5284bd99500b926b31b2fd030dd81db191150c8d83943bc8,match,0.9333,0.983,0.0,grid3:47d2cec1-8c9c-4c7d-90b9-f8c278bc1439,19/06/1/1/1/0008,Dundu Health Post,"{""admin1"": ""Kano"", ""admin2"": ""Bunkure"", ""settlement"": ""Sanda""}",hfr:47d2cec1-8c9c-4c7d-90b9-f8c278bc1439,47d2cec1-8c9c-4c7d-90b9-f8c278bc1439,Dundu Health Post,"{""admin1"": ""Kano"", ""admin2"": ""Bunkure"", ""settlement"": ""KN0610""}","{""admin_path"": 0.6, ""distance_km"": 0.0, ""geo"": 1.0, ""name"": 1.0, ""name_tftoken"": 1.0, ""name_type"": 1.0}",,,,
Kano,xwd:sha256:0492d01d9ee7fd993bbb759f26024f2b3c0dc60a17db9b16bea63742618894e4,match,0.9333,0.989,0.0,grid3:d2f684ab-c901-49e4-bb1b-29f2bd793c95,,Mazan Kudu Health Post,"{""admin1"": ""Kano"", ""admin2"": ""Ungogo"", ""settlement"": ""Karo""}",hfr:d2f684ab-c901-49e4-bb1b-29f2bd793c95,d2f684ab-c901-49e4-bb1b-29f2bd793c95,Mazan Kudu Health Post,"{""admin1"": ""Kano"", ""admin2"": ""Ungogo"", ""settlement"": ""KN4205""}","{""admin_path"": 0.6, ""distance_km"": 0.0, ""geo"": 1.0, ""name"": 1.0, ""name_tftoken"": 1.0, ""name_type"": 1.0}",,,,
Kano,xwd:sha256:04af2a0f8b01c510cff7133d46cc772e27b590936bae1f7ad69622d1dd654369,match,0.9333,1.0,0.0,grid3:de975229-f584-49af-9135-4d37c390d503,19/05/1/1/1/0034,Rimayen Rake Health Post,"{""admin1"": ""Kano"", ""admin2"": ""Bichi"", ""settlement"": ""Kau Kau""}",hfr:de975229-f584-49af-9135-4d37c390d503,de975229-f584-49af-9135-4d37c390d503,Rimayen Rake Health Post,"{""admin1"": ""Kano"", ""admin2"": ""Bichi"", ""settlement"": ""KN0505""}","{""admin_path"": 0.6, ""distance_km"": 0.0, ""geo"": 1.0, ""name"": 1.0, ""name_tftoken"": 1.0, ""name_type"": 1.0}",,,,
Kano,xwd:sha256:04e55a629474ead4417e0b77269492b0007089174220e98b97e836fe19b059c2,match,0.77,0.901,0.0,grid3:20ba4c5a-671e-49e8-aff9-3c3df4d1657e,19/44/1/1/1/0011,Kausani Health Clinic,"{""admin1"": ""Kano"", ""admin2"": ""Wudil"", ""settlement"": ""Kausani""}",hfr:20ba4c5a-671e-49e8-aff9-3c3df4d1657e,20ba4c5a-671e-49e8-aff9-3c3df4d1657e,Kausani Health Post,"{""admin1"": ""Kano"", ""admin2"": ""Wudil"", ""settlement"": ""KN4406""}","{""admin_path"": 0.6, ""distance_km"": 0.0, ""geo"": 1.0, ""name"": 0.901, ""name_tftoken"": 0.609, ""name_type"": 0.0}",,,,
Kano,xwd:sha256:05050650e2790dca5941dcc191b781087eea67d39dc03defd228e8387bc47651,match,0.7906,0.91,0.0,grid3:81b9d6ee-293b-4da5-8a63-763ba9f80c23,19/06/1/1/1/0020,Kumurya Primary Health Center,"{""admin1"": ""Kano"", ""admin2"": ""Bunkure"", ""settlement"": ""Kumurya""}",hfr:81b9d6ee-293b-4da5-8a63-763ba9f80c23,81b9d6ee-293b-4da5-8a63-763ba9f80c23,Kumurya Basic Health Center,"{""admin1"": ""Kano"", ""admin2"": ""Bunkure"", ""settlement"": ""KN0609""}","{""admin_path"": 0.6, ""distance_km"": 0.0, ""geo"": 1.0, ""name"": 0.91, ""name_tftoken"": 0.662, ""name_type"": 1.0}",,,,
Kano,xwd:sha256:052c1618ebfc22d9d44cbe29a6876610c6bbefc732dbdea16613b009f983a371,match,0.9333,1.0,0.0,grid3:6a6ab6e9-66bd-4043-a95b-f813f0d4eb0a,,Gidan Abdullahi Kankiya Health Center,"{""admin1"": ""Kano"", ""admin2"": ""Rano"", ""settlement"": ""Rano""}",hfr:6a6ab6e9-66bd-4043-a95b-f813f0d4eb0a,6a6ab6e9-66bd-4043-a95b-f813f0d4eb0a,Gidan Abdullahi Kankiya Health Center,"{""admin1"": ""Kano"", ""admin2"": ""Rano"", ""settlement"": ""KN3204""}","{""admin_path"": 0.6, ""distance_km"": 0.0, ""geo"": 1.0, ""name"": 1.0, ""name_tftoken"": 1.0, ""name_type"": 1.0}",,,,
Kano,xwd:sha256:052f135309b2d114056585cbc9babd90544b2811583d398c67eb9dd93a71b887,match,0.9333,1.0,0.0,grid3:6c8e42cc-8866-47b9-a0b8-71de8a4b7fa1,,Abdakaya Health Post,"{""admin1"": ""Kano"", ""admin2"": ""Dawakin Tofa"", ""settlement"": ""Dawanau""}",hfr:6c8e42cc-8866-47b9-a0b8-71de8a4b7fa1,6c8e42cc-8866-47b9-a0b8-71de8a4b7fa1,Abdakaya Health Post,"{""admin1"": ""Kano"", ""admin2"": ""Dawakin Tofa"", ""settlement"": ""KN1004""}","{""admin_path"": 0.6, ""distance_km"": 0.0, ""geo"": 1.0, ""name"": 1.0, ""name_tftoken"": 1.0, ""name_type"": 1.0}",,,,
Kano,xwd:sha256:0542de64d07a7b09618d8eeec1cf1a539884bd9f21d6fbead14c4371320fcd6d,match,0.7876,0.891,0.0,grid3:b03b6ac6-dcbf-4a5d-838e-73d473fce897,19/23/1/1/1/0018,Saya Saya Primary Health Center,"{""admin1"": ""Kano"", ""admin2"": ""Kibiya"", ""settlement"": ""Fassi""}",hfr:b03b6ac6-dcbf-4a5d-838e-73d473fce897,b03b6ac6-dcbf-4a5d-838e-73d473fce897,Saya Saya Basic Health Center,"{""admin1"": ""Kano"", ""admin2"": ""Kibiya"", ""settlement"": ""KN2303""}","{""admin_path"": 0.6, ""distance_km"": 0.0, ""geo"": 1.0, ""name"": 0.916, ""name_tftoken"": 0.647, ""name_type"": 1.0}",,,,
Kano,xwd:sha256:054c76f0028443fc54c805d71e22eecf6865903779846c76d0fb6ad3aaaa2ba3,match,0.717,0.904,0.0,grid3:4ac8e6bc-9b77-442a-9ba8-4711bb600c7b,19/41/1/1/1/0017,Rugu Rugu Primary Health Clinic,"{""admin1"": ""Kano"", ""admin2"": ""Tudun Wada"", ""settlement"": ""Shuwaki (Twd)""}",hfr:4ac8e6bc-9b77-442a-9ba8-4711bb600c7b,4ac8e6bc-9b77-442a-9ba8-4711bb600c7b,Rugu Rugu Basic Health Center,"{""admin1"": ""Kano"", ""admin2"": ""Tudun Wada"", ""settlement"": ""KN4109""}","{""admin_path"": 0.6, ""distance_km"": 0.0, ""geo"": 1.0, ""name"": 0.904, ""name_tftoken"": 0.447, ""name_type"": 0.0}",,,,
Kano,xwd:sha256:059650f06dc5d29135b2d82c4c00d1790dc183c95ef5afebd54365a91b71e20e,match,0.7402,0.754,0.0,grid3:cf2fee21-b397-450d-be59-d9b133acba1f,19/12/1/1/1/0001,Abubakar Imam Urology Centre,"{""admin1"": ""Kano"", ""admin2"": ""Fagge"", ""settlement"": ""Fagge D 2""}",hfr:cf2fee21-b397-450d-be59-d9b133acba1f,cf2fee21-b397-450d-be59-d9b133acba1f,Dr Abubakar Imam Urology Hospital,"{""admin1"": ""Kano"", ""admin2"": ""Fagge"", ""settlement"": ""KN1209""}","{""admin_path"": 0.6, ""distance_km"": 0.0, ""geo"": 1.0, ""name"": 0.754, ""name_tftoken"": 0.667}",,,,
Kano,xwd:sha256:05bfc4cf661259df61e2c8d941bd4de588bf4dd61b7c1f7d71a71119faeeb00e,match,0.7548,0.901,0.0,grid3:1a763a07-3810-4835-91a2-29a302e003cb,19/18/1/1/1/0016,Mesar Tudu Health Post,"{""admin1"": ""Kano"", ""admin2"": ""Gezawa"", ""settlement"": ""Mesar Tudu""}",hfr:1a763a07-3810-4835-91a2-29a302e003cb,1a763a07-3810-4835-91a2-29a302e003cb,Mesa Tudu Health Post,"{""admin1"": ""Kano"", ""admin2"": ""Gezawa"", ""settlement"": ""KN1706""}","{""admin_path"": 0.6, ""distance_km"": 0.0, ""geo"": 1.0, ""name"": 0.991, ""name_tftoken"": 0.473, ""name_type"": 1.0}",,,,
Kano,xwd:sha256:05cc92c76c435e9c6169ea6cd4ab9be9b116534e79fcf0b3ed5974c158be3e55,match,0.7894,0.906,0.0,grid3:db132b2f-bed2-4434-aa31-a99e705c1256,19/19/1/1/1/0015,Madadi Primary Health Center,"{""admin1"": ""Kano"", ""admin2"": ""Gwarzo"", ""settlement"": ""Madadi""}",hfr:db132b2f-bed2-4434-aa31-a99e705c1256,db132b2f-bed2-4434-aa31-a99e705c1256,Madadi Basic Health Center,"{""admin1"": ""Kano"", ""admin2"": ""Gwarzo"", ""settlement"": ""KN1907""}","{""admin_path"": 0.6, ""distance_km"": 0.0, ""geo"": 1.0, ""name"": 0.906, ""name_tftoken"": 0.662, ""name_type"": 1.0}",,,,
Kano,xwd:sha256:05f0c4f32de8314491d9a163b9e92921b4e403540b06132915292168e2264987,match,0.7377,0.875,0.0,grid3:a8836820-b73e-47c5-81cc-7bdba4304fec,19/34/1/1/1/0003,Dan Isa Health Post,"{""admin1"": ""Kano"", ""admin2"": ""Rimin Gado"", ""settlement"": ""Butu-Butu""}",hfr:a8836820-b73e-47c5-81cc-7bdba4304fec,a8836820-b73e-47c5-81cc-7bdba4304fec,Dan Isah Health Post,"{""admin1"": ""Kano"", ""admin2"": ""Rimin Gado"", ""settlement"": ""KN3301""}","{""admin_path"": 0.6, ""distance_km"": 0.0, ""geo"": 1.0, ""name"": 0.974, ""name_tftoken"": 0.439, ""name_type"": 1.0}",,,,
Kano,xwd:sha256:06331605f3a659a8c11e825c63938c7fa359fe769a34aaab7252f01be44f495a,match,0.9333,0.956,0.0,grid3:1a3b1b53-8862-4ff5-a66e-eb4a0148a82e,19/13/1/1/1/0001,Badawa Health Post,"{""admin1"": ""Kano"", ""admin2"": ""Gabasawa"", ""settlement"": ""Mekiya""}",hfr:1a3b1b53-8862-4ff5-a66e-eb4a0148a82e,1a3b1b53-8862-4ff5-a66e-eb4a0148a82e,Badawa Health Post,"{""admin1"": ""Kano"", ""admin2"": ""Gabasawa"", ""settlement"": ""KN1305""}","{""admin_path"": 0.6, ""distance_km"": 0.0, ""geo"": 1.0, ""name"": 1.0, ""name_tftoken"": 1.0, ""name_type"": 1.0}",,,,
Kano,xwd:sha256:063983f7756af901902c8f1ee3b6dd3c3cfe1f6195d4e0f48a71cab966d087c2,match,0.7546,0.9,1.55,grid3:3b8a8436-13cf-4cc2-b651-2cfa8d9fb6c2,19/14/1/1/1/0005,Garko Primary Health Center,"{""admin1"": ""Kano"", ""admin2"": ""Garko"", ""settlement"": ""Garko""}",hfr:2af3ff56-e3fc-4796-9672-67c7fe0b6da1,2af3ff56-e3fc-4796-9672-67c7fe0b6da1,Garko Model Primary Health Center,"{""admin1"": ""Kano"", ""admin2"": ""Garko"", ""settlement"": ""KN1403""}","{""admin_path"": 0.6, ""distance_km"": 1.55, ""geo"": 0.596, ""name"": 0.9, ""name_tftoken"": 0.766, ""name_type"": 1.0}",,,,
Kano,xwd:sha256:0662d37e8926582bc5858df9766c21381175910dae77d243e52ef80f709d1387,match,0.9333,0.875,0.0,grid3:3f67a9f0-6d5f-405a-8a18-ec57578d1fd5,19/37/1/1/1/0003,Bango Health Post,"{""admin1"": ""Kano"", ""admin2"": ""Takai"", ""settlement"": ""Bagwaro""}",hfr:3f67a9f0-6d5f-405a-8a18-ec57578d1fd5,3f67a9f0-6d5f-405a-8a18-ec57578d1fd5,Bango Health Post,"{""admin1"": ""Kano"", ""admin2"": ""Takai"", ""settlement"": ""KN3701""}","{""admin_path"": 0.6, ""distance_km"": 0.0, ""geo"": 1.0, ""name"": 1.0, ""name_phrase"": ""bango health"", ""name_phrase_rarity"": 0.875, ""name_tftoken"": 1.0, ""name_type"": 1.0}",,,,
Kano,xwd:sha256:066704eccc4cae1f0ed2f99d7baa0872d70de6aae05a7e29987c0384e941fc36,match,0.9333,0.954,0.0,grid3:3c5fe50e-b92e-45d4-a02c-ce8d2cfc9520,19/22/1/1/1/0016,Tudun Kaya Health Post,"{""admin1"": ""Kano"", ""admin2"": ""Karaye"", ""settlement"": ""Tudun Kaya""}",hfr:3c5fe50e-b92e-45d4-a02c-ce8d2cfc9520,3c5fe50e-b92e-45d4-a02c-ce8d2cfc9520,Tudun Kaya Health Post,"{""admin1"": ""Kano"", ""admin2"": ""Karaye"", ""settlement"": ""KN2206""}","{""admin_path"": 0.6, ""distance_km"": 0.0, ""geo"": 1.0, ""name"": 1.0, ""name_phrase"": ""tudun kaya"", ""name_phrase_rarity"": 0.954, ""name_tftoken"": 1.0, ""name_type"": 1.0}",,,,
Kano,xwd:sha256:06ce78609334472a80645e2da99bc9af09c5c07db73b142cfa85f72aa0d9c2c3,match,0.9333,1.0,0.0,grid3:17e3344d-2342-4efb-a704-541d136ca3c8,19/34/1/1/1/0013,Karofin Yashi Health Post,"{""admin1"": ""Kano"", ""admin2"": ""Rimin Gado"", ""settlement"": ""Karofin Yashi""}",hfr:17e3344d-2342-4efb-a704-541d136ca3c8,17e3344d-2342-4efb-a704-541d136ca3c8,Karofin Yashi Health Post,"{""admin1"": ""Kano"", ""admin2"": ""Rimin Gado"", ""settlement"": ""KN3307""}","{""admin_path"": 0.6, ""distance_km"": 0.0, ""geo"": 1.0, ""name"": 1.0, ""name_tftoken"": 1.0, ""name_type"": 1.0}",,,,
Kano,xwd:sha256:06ed53119833ec471dba4ede0ebcb02cf7bf5bc998883acad34696eb8ed001b1,match,0.9333,1.0,0.0,grid3:661ecca2-ca05-4dc0-bd9d-c2501ef29ed7,,Jirgabawa Health Post,"{""admin1"": ""Kano"", ""admin2"": ""Dawakin Tofa"", ""settlement"": ""Dawakin East""}",hfr:661ecca2-ca05-4dc0-bd9d-c2501ef29ed7,661ecca2-ca05-4dc0-bd9d-c2501ef29ed7,Jirgabawa Health Post,"{""admin1"": ""Kano"", ""admin2"": ""Dawakin Tofa"", ""settlement"": ""KN1002""}","{""admin_path"": 0.6, ""distance_km"": 0.0, ""geo"": 1.0, ""name"": 1.0, ""name_tftoken"": 1.0, ""name_type"": 1.0}",,,,
Kano,xwd:sha256:07108c00579c67800ae1a782c4f33e0aaedf35957045037ed6d019cb888ac960,match,0.9333,1.0,0.0,grid3:c2412b88-8cd5-41a1-a583-9e8ca5efe689,19/10/1/1/1/0009,Danguguwa Primary Health Center,"{""admin1"": ""Kano"", ""admin2"": ""Dawakin Tofa"", ""settlement"": ""Danguguwa""}",hfr:c2412b88-8cd5-41a1-a583-9e8ca5efe689,c2412b88-8cd5-41a1-a583-9e8ca5efe689,Danguguwa Primary Health Center,"{""admin1"": ""Kano"", ""admin2"": ""Dawakin Tofa"", ""settlement"": ""KN1001""}","{""admin_path"": 0.6, ""distance_km"": 0.0, ""geo"": 1.0, ""name"": 1.0, ""name_tftoken"": 1.0, ""name_type"": 1.0}",,,,
Kano,xwd:sha256:077781dd64a536f9883b07129214e4b0f463ef795009fd853bdd01073ffeabc8,match,0.8649,0.915,0.0,grid3:28b301b6-a7ca-444d-9432-ff6945ce1c58,19/38/1/1/1/0007,Hotoro Danmarke Primary Health Clinic,"{""admin1"": ""Kano"", ""admin2"": ""Tarauni"", ""settlement"": ""Hotoro""}",hfr:28b301b6-a7ca-444d-9432-ff6945ce1c58,28b301b6-a7ca-444d-9432-ff6945ce1c58,Hotoro Danmarke Health Clinic,"{""admin1"": ""Kano"", ""admin2"": ""Tarauni"", ""settlement"": ""KN3806""}","{""admin_path"": 0.6, ""distance_km"": 0.0, ""geo"": 1.0, ""name"": 0.915, ""name_tftoken"": 0.879, ""name_type"": 1.0}",,,,
Kano,xwd:sha256:078e31f5f37d96a07eb328a459e47cd97af4a875f2157e3e6960ef83d139d471,match,0.7186,0.863,0.0,grid3:ac5428e1-12aa-46ad-97df-5f5389dbaf86,19/42/1/1/1/0015,Kadawa Health Clinic,"{""admin1"": ""Kano"", ""admin2"": ""Ungogo"", ""settlement"": ""Kadawa Ungogo""}",hfr:ac5428e1-12aa-46ad-97df-5f5389dbaf86,ac5428e1-12aa-46ad-97df-5f5389dbaf86,Kadawa Basic Health Center,"{""admin1"": ""Kano"", ""admin2"": ""Ungogo"", ""settlement"": ""KN4204""}","{""admin_path"": 0.6, ""distance_km"": 0.0, ""geo"": 1.0, ""name"": 0.863, ""name_tftoken"": 0.493, ""name_type"": 0.0}",,,,
Kano,xwd:sha256:07f4f8f350639015b60e876a6ee7931d738f5e3c88045a900cafc8a2c74944a6,match,0.7894,0.906,0.0,grid3:25252c28-aa77-4f10-9e7a-8ac096f24f81,19/29/1/1/1/0014,Koguna Primary Health Center,"{""admin1"": ""Kano"", ""admin2"": ""Makoda"", ""settlement"": ""Koguna""}",hfr:25252c28-aa77-4f10-9e7a-8ac096f24f81,25252c28-aa77-4f10-9e7a-8ac096f24f81,Koguna Basic Health Center,"{""admin1"": ""Kano"", ""admin2"": ""Makoda"", ""settlement"": ""KN2905""}","{""admin_path"": 0.6, ""distance_km"": 0.0, ""geo"": 1.0, ""name"": 0.906, ""name_tftoken"": 0.662, ""name_type"": 1.0}",,,,
Kano,xwd:sha256:0801841338a340063beceb80023b8cf22f2b93bcdec8a090467fe221c1f80403,match,0.9333,1.0,0.0,grid3:5ce549b4-52a7-4168-b679-2da29a244457,19/23/1/1/1/0019,Shike Health Post,"{""admin1"": ""Kano"", ""admin2"": ""Kibiya"", ""settlement"": ""Kahu""}",hfr:5ce549b4-52a7-4168-b679-2da29a244457,5ce549b4-52a7-4168-b679-2da29a244457,Shike Health Post,"{""admin1"": ""Kano"", ""admin2"": ""Kibiya"", ""settlement"": ""KN2305""}","{""admin_path"": 0.6, ""distance_km"": 0.0, ""geo"": 1.0, ""name"": 1.0, ""name_tftoken"": 1.0, ""name_type"": 1.0}",,,,
Kano,xwd:sha256:087245cdf5c86350284665855c358d47b852b24f73132b65c97909264c348ebb,match,0.9333,1.0,0.0,grid3:55651117-2830-400f-bebc-0b859f151a12,19/01/1/1/1/0003,Biyamusu Health Post,"{""admin1"": ""Kano"", ""admin2"": ""Ajingi"", ""settlement"": ""Toranke""}",hfr:55651117-2830-400f-bebc-0b859f151a12,55651117-2830-400f-bebc-0b859f151a12,Biyamusu Health Post,"{""admin1"": ""Kano"", ""admin2"": ""Ajingi"", ""settlement"": ""KN0109""}","{""admin_path"": 0.6, ""distance_km"": 0.0, ""geo"": 1.0, ""name"": 1.0, ""name_tftoken"": 1.0, ""name_type"": 1.0}",,,,
Kano,xwd:sha256:08bb0ad778d6687116dc63ce8356388f04ac3cadfccf1860ea66e7a6fab55c24,match,0.9333,0.86,0.0,grid3:bab11cf7-c4d1-4b27-a2e7-bb36229c0730,19/39/1/1/1/0020,Yarimawa Health Post,"{""admin1"": ""Kano"", ""admin2"": ""Tofa"", ""settlement"": ""Yarimawa""}",hfr:bab11cf7-c4d1-4b27-a2e7-bb36229c0730,bab11cf7-c4d1-4b27-a2e7-bb36229c0730,Yarimawa Health Post,"{""admin1"": ""Kano"", ""admin2"": ""Tofa"", ""settlement"": ""KN3915""}","{""admin_path"": 0.6, ""distance_km"": 0.0, ""geo"": 1.0, ""name"": 1.0, ""name_tftoken"": 1.0, ""name_type"": 1.0}",,,,
Kano,xwd:sha256:08e4663b24c229a34717726661b1bbefe179f036a530ae3b5d9efadc94f5c6c0,match,0.9333,0.879,0.0,grid3:cea39b86-ce43-4119-a39a-078c43c0a15e,19/09/1/1/1/0007,Gada Health Post,"{""admin1"": ""Kano"", ""admin2"": ""Dawakin Kudu"", ""settlement"": ""Tamburawa""}",hfr:cea39b86-ce43-4119-a39a-078c43c0a15e,cea39b86-ce43-4119-a39a-078c43c0a15e,Gada Health Post,"{""admin1"": ""Kano"", ""admin2"": ""Dawakin Kudu"", ""settlement"": ""KN0909""}","{""admin_path"": 0.6, ""distance_km"": 0.0, ""geo"": 1.0, ""name"": 1.0, ""name_tftoken"": 1.0, ""name_type"": 1.0}",,,,
Kano,xwd:sha256:08e9c971444f3a56598c1976bf8ba0187e72aee59da5201adc43fc05c6078fe2,match,0.8206,0.86,0.0,grid3:d72451ca-c7ff-454f-b9c3-be84843b4946,19/10/1/1/1/0042,Yumfawa Primary Health Center,"{""admin1"": ""Kano"", ""admin2"": ""Dawakin Tofa"", ""settlement"": ""Jalli""}",hfr:d72451ca-c7ff-454f-b9c3-be84843b4946,d72451ca-c7ff-454f-b9c3-be84843b4946,Yumfawa Model Primary Health Center,"{""admin1"": ""Kano"", ""admin2"": ""Dawakin Tofa"", ""settlement"": ""KN1007""}","{""admin_path"": 0.6, ""distance_km"": 0.0, ""geo"": 1.0, ""name"": 0.906, ""name_tftoken"": 0.756, ""name_type"": 1.0}",,,,
Kano,xwd:sha256:08ef61771eb78d93890cd65d77cac5d019c76a278ed4b06ad56d64995e6ee61a,match,0.7414,0.861,0.0,grid3:74dde647-1c6e-453b-b8fd-66c6aa8f4099,19/40/1/1/2/0031,Tsanyawa Ecwa Clinic,"{""admin1"": ""Kano"", ""admin2"": ""Tsanyawa"", ""settlement"": ""Tsanyawa""}",hfr:74dde647-1c6e-453b-b8fd-66c6aa8f4099,74dde647-1c6e-453b-b8fd-66c6aa8f4099,Tsanyawa Town Ecwa Hospital,"{""admin1"": ""Kano"", ""admin2"": ""Tsanyawa"", ""settlement"": ""KN4007""}","{""admin_path"": 0.6, ""distance_km"": 0.0, ""geo"": 1.0, ""name"": 0.861, ""name_tftoken"": 0.564, ""name_type"": 0.0}",,,,
Kano,xwd:sha256:0919b0a0cd6322884ab514cb6cb4083b1cdf31db119d3852079283659f05da9f,match,0.9333,0.94,0.0,grid3:01971e47-3ced-44bc-8c89-da45bd7cb033,19/13/1/1/1/0021,Tarauni Health Post,"{""admin1"": ""Kano"", ""admin2"": ""Gabasawa"", ""settlement"": ""Tarauni (Gbsa)""}",hfr:01971e47-3ced-44bc-8c89-da45bd7cb033,01971e47-3ced-44bc-8c89-da45bd7cb033,Tarauni Health Post,"{""admin1"": ""Kano"", ""admin2"": ""Gabasawa"", ""settlement"": ""KN1306""}","{""admin_path"": 0.6, ""distance_km"": 0.0, ""geo"": 1.0, ""name"": 1.0, ""name_tftoken"": 1.0, ""name_type"": 1.0}",,,,
Kano,xwd:sha256:0990b0511161dea1f08f7b5118d2b580c2f0aeafcbb97023213d840f4618d7e6,match,0.9333,0.86,0.0,grid3:df40ace6-415a-403c-8e2d-7b24d9ee7dd8,19/34/1/1/1/0006,Dugurawa Health Post,"{""admin1"": ""Kano"", ""admin2"": ""Rimin Gado"", ""settlement"": ""Dugurawa""}",hfr:df40ace6-415a-403c-8e2d-7b24d9ee7dd8,df40ace6-415a-403c-8e2d-7b24d9ee7dd8,Dugurawa Health Post,"{""admin1"": ""Kano"", ""admin2"": ""Rimin Gado"", ""settlement"": ""KN3304""}","{""admin_path"": 0.6, ""distance_km"": 0.0, ""geo"": 1.0, ""name"": 1.0, ""name_tftoken"": 1.0, ""name_type"": 1.0}",,,,
Kano,xwd:sha256:099ca609da024fc1ac904634cb2aff5cf27dba00ea20adca4c46b246cc16084c,match,0.8833,1.0,0.0,grid3:daefea06-0646-4956-bf72-2fc59935a1fa,19/08/1/1/1/0029,Shiddar Health Post,"{""admin1"": ""Kano"", ""admin2"": ""Danbatta"", ""settlement"": ""Gwarabjawa""}",hfr:daefea06-0646-4956-bf72-2fc59935a1fa,daefea06-0646-4956-bf72-2fc59935a1fa,Shiddar Health Post,"{""admin1"": ""Kano"", ""admin2"": ""Dambatta"", ""settlement"": ""KN0807""}","{""admin_path"": 0.3, ""distance_km"": 0.0, ""geo"": 1.0, ""name"": 1.0, ""name_tftoken"": 1.0, ""name_type"": 1.0}",,,,
Kano,xwd:sha256:0a4fdf72aa8ffd98e128d60fb2b57f72a1ef3ebf3546978aa0021c41614fbba2,match,0.9333,0.984,0.0,grid3:133162e5-8d52-4d23-aca6-44a47825822c,19/03/1/1/1/0002,Alajawa Health Post,"{""admin1"": ""Kano"", ""admin2"": ""Bagwai"", ""settlement"": ""Sare-Sare""}",hfr:133162e5-8d52-4d23-aca6-44a47825822c,133162e5-8d52-4d23-aca6-44a47825822c,Alajawa Health Post,"{""admin1"": ""Kano"", ""admin2"": ""Bagwai"", ""settlement"": ""KN0309""}","{""admin_path"": 0.6, ""distance_km"": 0.0, ""geo"": 1.0, ""name"": 1.0, ""name_tftoken"": 1.0, ""name_type"": 1.0}",,,,
Kano,xwd:sha256:0a5a1d97eade9e13284eff5d7591c798a8c3f99b9d2afd12873abcfa31d1708e,match,0.9333,1.0,0.0,grid3:6b13a786-b644-4552-8c7d-169fc5ee4de8,,Inusawa Health Post,"{""admin1"": ""Kano"", ""admin2"": ""Shanono"", ""settlement"": ""Shakogi""}",hfr:6b13a786-b644-4552-8c7d-169fc5ee4de8,6b13a786-b644-4552-8c7d-169fc5ee4de8,Inusawa Health Post,"{""admin1"": ""Kano"", ""admin2"": ""Shanono"", ""settlement"": ""KN3508""}","{""admin_path"": 0.6, ""distance_km"": 0.0, ""geo"": 1.0, ""name"": 1.0, ""name_tftoken"": 1.0, ""name_type"": 1.0}",,,,
Kano,xwd:sha256:00571bfd439df8e94a1b1d0f26d14b4759143d27ef45a3a2dc7cea72553c333e,review,0.6438,0.869,1.0,grid3:639e8627-5ee9-44d4-8824-33e637f9d9df,19/07/1/1/1/0019,Goron Dutse Primary Health Center,"{""admin1"": ""Kano"", ""admin2"": ""Dala"", ""settlement"": ""Dogon Nama""}",hfr:0e14701b-7af2-4f35-ae28-3c5b9f5f5f21,0e14701b-7af2-4f35-ae28-3c5b9f5f5f21,Goron Dutse Community Health Post,"{""admin1"": ""Kano"", ""admin2"": ""Gwale"", ""settlement"": ""KN1805""}","{""admin_path"": 0.3, ""distance_km"": 1.0, ""geo"": 0.716, ""name"": 0.869, ""name_tftoken"": 0.554, ""name_type"": 0.0}",,,,
Kano,xwd:sha256:00e124244f9d5b95df7e3c009b003aad1dc29c8509e5364913669e5c4b3c7709,review,0.6981,0.906,2.64,grid3:be75acb4-4fb8-4726-bb35-a17afddfd2c3,19/29/1/1/1/0011,Jibga Health Post,"{""admin1"": ""Kano"", ""admin2"": ""Makoda"", ""settlement"": ""Jibga""}",hfr:87184442-6ebd-46e6-9ff6-e61efd84a7c7,87184442-6ebd-46e6-9ff6-e61efd84a7c7,Jibga Fulani Health Post,"{""admin1"": ""Kano"", ""admin2"": ""Makoda"", ""settlement"": ""KN2903""}","{""admin_path"": 0.6, ""distance_km"": 2.64, ""geo"": 0.415, ""name"": 0.906, ""name_tftoken"": 0.68, ""name_type"": 1.0}",,,,
Kano,xwd:sha256:018f088df473d4bcac63413a442e82245ec8ca13c0f9b028523dff8652d8a40e,review,0.7168,0.904,21.92,grid3:c551479d-59eb-4ab8-8a79-b01ba4c5d64f,19/35/1/1/1/0015,Koya Health Post,"{""admin1"": ""Kano"", ""admin2"": ""Shanono"", ""settlement"": ""Alajawa (Shanonolga)""}",hfr:c0f63327-50ef-4b75-86b1-791c17eae0ef,c0f63327-50ef-4b75-86b1-791c17eae0ef,Koya Health Post,"{""admin1"": ""Kano"", ""admin2"": ""Gwarzo"", ""settlement"": ""KN1904""}","{""admin_path"": 0.3, ""distance_km"": 21.92, ""geo"": 0.001, ""geo_conflict_km"": 21.92, ""name"": 1.0, ""name_tftoken"": 1.0, ""name_type"": 1.0}",,,,
Kano,xwd:sha256:02189717e634d3fe0edfd8fd86b979dbf3e0ce143b9071f822e7f90e837c3c2a,review,0.5618,0.672,0.06,grid3:338150ff-3ae8-49eb-80ae-9a04b7e3e069,,Yan Dutse Health Post,"{""admin1"": ""Kano"", ""admin2"": ""Bichi"", ""settlement"": ""Bichi""}",hfr:2f95331d-6eba-482b-907e-27caa4b9b360,2f95331d-6eba-482b-907e-27caa4b9b360,Kariya Health Post,"{""admin1"": ""Kano"", ""admin2"": ""Bichi"", ""settlement"": ""KN0502""}","{""admin_path"": 0.6, ""distance_km"": 0.06, ""geo"": 0.979, ""name"": 0.672, ""name_tftoken"": 0.224, ""name_type"": 1.0}",,,,
Kano,xwd:sha256:025b46add3506cbf8ec2fc6d00ef8c94626b69211961a0c84b1602d369e881d5,review,0.5578,0.91,16.52,grid3:d50fdcf3-f513-4118-a3c5-7197d12b60bd,,Kadawa Health Center,"{""admin1"": ""Kano"", ""admin2"": ""Bagwai"", ""settlement"": ""Dangada""}",hfr:890e46d9-2874-4a30-99d2-6bb12c5dc3a0,890e46d9-2874-4a30-99d2-6bb12c5dc3a0,Kadawa Health Post,"{""admin1"": ""Kano"", ""admin2"": ""Dawakin Tofa"", ""settlement"": ""KN1001""}","{""admin_path"": 0.3, ""distance_km"": 16.52, ""geo"": 0.004, ""geo_conflict_km"": 16.52, ""name"": 0.917, ""name_phrase"": ""kadawa health"", ""name_phrase_rarity"": 0.91, ""name_tftoken"": 0.605, ""name_type"": 0.0}",,,,
Kano,xwd:sha256:027a04fcbe4d33bce39297774b6ee628d282b1f32be7d840e1908e510cd6716a,review,0.6962,0.86,0.0,grid3:b09556e4-cc12-43b7-b7c4-1a9356e6013e,19/37/1/1/1/0014,Hantsai Health Post,"{""admin1"": ""Kano"", ""admin2"": ""Takai"", ""settlement"": ""Fajewa""}",hfr:b09556e4-cc12-43b7-b7c4-1a9356e6013e,b09556e4-cc12-43b7-b7c4-1a9356e6013e,Hatsai Health Post,"{""admin1"": ""Kano"", ""admin2"": ""Takai"", ""settlement"": ""KN3704""}","{""admin_path"": 0.6, ""distance_km"": 0.0, ""geo"": 1.0, ""name"": 0.986, ""name_tftoken"": 0.303, ""name_type"": 1.0}",,,,
Kano,xwd:sha256:02a25fdcf23bdb3c06f496acf437716bb634ce3cba365e44bd62a7cac02e673c,review,0.6035,0.867,0.01,grid3:b9b89c69-be92-422e-b91d-8e587d92483e,19/27/1/2/2/0002,Kura Sa'Adat Clinic and Maternity,"{""admin1"": ""Kano"", ""admin2"": ""Kura"", ""settlement"": ""Sarkin Kura""}",hfr:bcb68434-83ae-4522-85a7-811036c89ce7,bcb68434-83ae-4522-85a7-811036c89ce7,Saadat Clinic and Matarnity,"{""admin1"": ""Kano"", ""admin2"": ""Kura"", ""settlement"": ""KN2707""}","{""admin_path"": 0.6, ""distance_km"": 0.01, ""geo"": 0.996, ""name"": 0.867, ""name_phrase"": ""clinic and"", ""name_phrase_rarity"": 0.54, ""name_tftoken"": 0.146, ""name_type"": 0.0}",,,,
Kano,xwd:sha256:02f6077592d735f4fac8171c052f599bc4b056fb845aabd8312180cd3993f131,review,0.7167,0.92,96.23,grid3:be305ca2-0eaa-44f9-ace7-d49f46bca87f,19/32/1/1/1/0017,Yama Health Post,"{""admin1"": ""Kano"", ""admin2"": ""Rano"", ""settlement"": ""Saji""}",hfr:2fdd5285-2d9a-4ad7-b4bb-4fb160ada5ac,2fdd5285-2d9a-4ad7-b4bb-4fb160ada5ac,Yama Health Post,"{""admin1"": ""Kano"", ""admin2"": ""Gabasawa"", ""settlement"": ""KN1309""}","{""admin_path"": 0.3, ""distance_km"": 96.23, ""geo"": 0.0, ""geo_conflict_km"": 96.23, ""name"": 1.0, ""name_tftoken"": 1.0, ""name_type"": 1.0}",,,,
Kano,xwd:sha256:03392d2c3fdbdadd83bce37dd086715849ad1af8045a8445b3de7e766dc3f35e,review,0.65,0.86,0.0,grid3:28b1a1f6-8e25-488b-bbcc-0d7e60f1c3bd,19/18/1/1/1/0006,Danmadanho Health Post,"{""admin1"": ""Kano"", ""admin2"": ""Gezawa"", ""settlement"": ""Zango Gezawa""}",hfr:28b1a1f6-8e25-488b-bbcc-0d7e60f1c3bd,28b1a1f6-8e25-488b-bbcc-0d7e60f1c3bd,Dan Madanho Health Post,"{""admin1"": ""Kano"", ""admin2"": ""Gezawa"", ""settlement"": ""KN1711""}","{""admin_path"": 0.6, ""distance_km"": 0.0, ""geo"": 1.0, ""name"": 0.916, ""name_tftoken"": 0.234, ""name_type"": 1.0}",,,,
Kano,xwd:sha256:0342fcd37d1ddfa2f2f7bd6bcae015ebd43f794450f3100c7eb7362828e6c466,review,0.6946,0.86,0.0,grid3:bfad14cb-ecb9-47c5-b997-97624af6eb19,19/40/1/1/1/0020,Yammamman Health Post,"{""admin1"": ""Kano"", ""admin2"": ""Tsanyawa"", ""settlement"": ""Daddarawa""}",hfr:bfad14cb-ecb9-47c5-b997-97624af6eb19,bfad14cb-ecb9-47c5-b997-97624af6eb19,Yammammam Health Post,"{""admin1"": ""Kano"", ""admin2"": ""Tsanyawa"", ""settlement"": ""KN4001""}","{""admin_path"": 0.6, ""distance_km"": 0.0, ""geo"": 1.0, ""name"": 0.981, ""name_tftoken"": 0.303, ""name_type"": 1.0}",,,,
Kano,xwd:sha256:0343a91b07e3b121ea46163876fdccf06f5ecdf0fe7e0288aae117d09e404c34,review,0.6318,0.692,0.0,grid3:134bd6f9-f111-43ed-9a93-615982678e53,,Gezawa Health Post,"{""admin1"": ""Kano"", ""admin2"": ""Ungogo"", ""settlement"": ""Bachirawa""}",hfr:134bd6f9-f111-43ed-9a93-615982678e53,134bd6f9-f111-43ed-9a93-615982678e53,Gezawa Dispensary,"{""admin1"": ""Kano"", ""admin2"": ""Ungogo"", ""settlement"": ""KN4201""}","{""admin_path"": 0.6, ""distance_km"": 0.0, ""geo"": 1.0, ""name"": 0.692, ""name_tftoken"": 0.403, ""name_type"": 0.0}",,,,
Kano,xwd:sha256:0374b587b2c38f3bade9d1382ecf5772aa1870dfc241904ac4b0a5e54cc2d8d2,review,0.7167,0.93,36.12,grid3:0ccb494d-71fe-4819-93ff-a9b855b8c28c,19/10/1/1/1/0034,Roba Health Post,"{""admin1"": ""Kano"", ""admin2"": ""Dawakin Tofa"", ""settlement"": ""Ganduje""}",hfr:addf2f93-e289-4e48-b330-1287cc4c5b06,addf2f93-e289-4e48-b330-1287cc4c5b06,Roba Health Post,"{""admin1"": ""Kano"", ""admin2"": ""Gabasawa"", ""settlement"": ""KN1308""}","{""admin_path"": 0.3, ""distance_km"": 36.12, ""geo"": 0.0, ""geo_conflict_km"": 36.12, ""name"": 1.0, ""name_tftoken"": 1.0, ""name_type"": 1.0}",,,,
Kano,xwd:sha256:03bbd27fbd38f581b24552a39b77da0d452a30f13db2c9b8cc0de6e2b2908fba,review,0.5612,0.91,25.58,grid3:ac5428e1-12aa-46ad-97df-5f5389dbaf86,19/42/1/1/1/0015,Kadawa Health Clinic,"{""admin1"": ""Kano"", ""admin2"": ""Ungogo"", ""settlement"": ""Kadawa Ungogo""}",hfr:d50fdcf3-f513-4118-a3c5-7197d12b60bd,d50fdcf3-f513-4118-a3c5-7197d12b60bd,Kadawa Health Center,"{""admin1"": ""Kano"", ""admin2"": ""Bagwai"", ""settlement"": ""KN0302""}","{""admin_path"": 0.3, ""distance_km"": 25.58, ""geo"": 0.0, ""geo_conflict_km"": 25.58, ""name"": 0.92, ""name_phrase"": ""kadawa health"", ""name_phrase_rarity"": 0.91, ""name_tftoken"": 0.614, ""name_type"": 0.0}",,,,
Kano,xwd:sha256:03d2c934a5f91d34af9f210449a78afdbc2f12085d490d5aa3814f0d214a7b7b,review,0.5785,0.692,1.07,grid3:c6cc0ae3-d672-4cdb-8f74-35101dc99edf,19/12/1/1/2/0006,Middle Road Maternal and Child Health,"{""admin1"": ""Kano"", ""admin2"": ""Fagge"", ""settlement"": ""Sabon Gari West""}",hfr:8f4e401d-12e3-4b4b-a098-acf0fc7e48ca,8f4e401d-12e3-4b4b-a098-acf0fc7e48ca,Sabo Garba Maternal and Child Health Clinic,"{""admin1"": ""Kano"", ""admin2"": ""Fagge"", ""settlement"": ""KN1209""}","{""admin_path"": 0.6, ""distance_km"": 1.07, ""geo"": 0.7, ""name"": 0.692, ""name_tftoken"": 0.394}",,,,
Kano,xwd:sha256:03f0813c60d8672e1ffe6ed19ba35da9474ba89d8c22f62de78747fc57a765d9,review,0.561,0.68,0.53,grid3:ae2f1cab-0427-46ba-a52c-1e99a87ec673,,Hayin Bango Health Post,"{""admin1"": ""Kano"", ""admin2"": ""Kabo"", ""settlement"": ""Hawaden Galadima""}",hfr:7e269139-2304-4787-b718-22b1f6c775a6,7e269139-2304-4787-b718-22b1f6c775a6,Hawadin Bango Primary Health Center,"{""admin1"": ""Kano"", ""admin2"": ""Kabo"", ""settlement"": ""KN2007""}","{""admin_path"": 0.6, ""distance_km"": 0.53, ""geo"": 0.838, ""name"": 0.68, ""name_tftoken"": 0.284, ""name_type"": 0.0}",,,,
Kano,xwd:sha256:0412651be74f775cbb8d109a792a9ac987036bd9a2d19910595134f0d48a3a1b,review,0.5948,0.825,0.33,grid3:cf9bb673-d790-41b1-9335-789d93b7d71b,19/40/1/1/1/0030,Tsanyawa Model Primary Health Center,"{""admin1"": ""Kano"", ""admin2"": ""Tsanyawa"", ""settlement"": ""Tsanyawa""}",hfr:74dde647-1c6e-453b-b8fd-66c6aa8f4099,74dde647-1c6e-453b-b8fd-66c6aa8f4099,Tsanyawa Town Ecwa Hospital,"{""admin1"": ""Kano"", ""admin2"": ""Tsanyawa"", ""settlement"": ""KN4007""}","{""admin_path"": 0.6, ""distance_km"": 0.33, ""geo"": 0.894, ""name"": 0.825, ""name_tftoken"": 0.213, ""name_type"": 0.0}",,,,
Kano,xwd:sha256:0418cb47467566ec97d4c0635089e6850f6dfe00e14efad7828494ede2ce4e55,review,0.6939,0.86,0.0,grid3:df08814d-1f59-4172-8e44-dd696f82e8a0,19/37/1/1/1/0029,Shukuto Health Post,"{""admin1"": ""Kano"", ""admin2"": ""Takai"", ""settlement"": ""Bagwaro""}",hfr:df08814d-1f59-4172-8e44-dd696f82e8a0,df08814d-1f59-4172-8e44-dd696f82e8a0,Shukutu Health Post,"{""admin1"": ""Kano"", ""admin2"": ""Takai"", ""settlement"": ""KN3701""}","{""admin_path"": 0.6, ""distance_km"": 0.0, ""geo"": 1.0, ""name"": 0.979, ""name_tftoken"": 0.303, ""name_type"": 1.0}",,,,
Kano,xwd:sha256:04d7004fe3bb56c64e783d987b5066fb02e5ec4875a78c2e098d42285f7bd973,review,0.581,0.919,2.06,grid3:c8832058-65c3-42cc-b2fd-430981e9d7a9,19/10/1/1/1/0019,Gargari Health Post,"{""admin1"": ""Kano"", ""admin2"": ""Dawakin Tofa"", ""settlement"": ""Gargari""}",hfr:96917ef9-0068-4529-9339-c42b1c77adfd,96917ef9-0068-4529-9339-c42b1c77adfd,Gwamai Health Post,"{""admin1"": ""Kano"", ""admin2"": ""Dawakin Tofa"", ""settlement"": ""KN1006""}","{""admin_path"": 0.6, ""distance_km"": 2.06, ""geo"": 0.504, ""name"": 0.919, ""name_tftoken"": 0.272, ""name_type"": 1.0}",,,,
Kano,xwd:sha256:04fdd100a4c034857ed827e1c24f23280d1c792ba268f1b311b1b9b4ef348bd4,review,0.6122,0.826,2.85,grid3:379f1446-d090-4960-948e-b651d5c3ec93,19/05/1/1/1/0038,Saye Primary Health Center,"{""admin1"": ""Kano"", ""admin2"": ""Bichi"", ""settlement"": ""Saye""}",hfr:c5d6850e-22be-4032-8e03-3a0d2e6327d6,c5d6850e-22be-4032-8e03-3a0d2e6327d6,Saye Health Post,"{""admin1"": ""Kano"", ""admin2"": ""Bichi"", ""settlement"": ""KN0509""}","{""admin_path"": 0.6, ""distance_km"": 2.85, ""geo"": 0.387, ""name"": 0.826, ""name_tftoken"": 0.517, ""name_type"": 0.0}",,,,
Kano,xwd:sha256:05570830dccc12c3b8c135894d402bbec4d549083f7989bc9db961d27ebf5f92,review,0.6198,0.671,0.0,grid3:33336dde-8b23-4bad-8459-828609f731c3,,Zango Health Post,"{""admin1"": ""Kano"", ""admin2"": ""Dawakin Tofa"", ""settlement"": ""Danguguwa""}",hfr:33336dde-8b23-4bad-8459-828609f731c3,33336dde-8b23-4bad-8459-828609f731c3,Zango Dispensary,"{""admin1"": ""Kano"", ""admin2"": ""Dawakin Tofa"", ""settlement"": ""KN1001""}","{""admin_path"": 0.6, ""distance_km"": 0.0, ""geo"": 1.0, ""name"": 0.671, ""name_tftoken"": 0.388, ""name_type"": 0.0}",,,,
Kano,xwd:sha256:0591ae23ba2c671ba6b6c3cfac1d8adfcd7837a2efad1d86ed3d77c1173ede0c,review,0.6194,0.822,0.99,grid3:7d269d9c-5e83-42eb-b173-a44417ce87dc,19/04/1/1/1/0019,Tariwa Primary Health Center,"{""admin1"": ""Kano"", ""admin2"": ""Bebeji"", ""settlement"": ""Tariwa""}",hfr:ca0f71ee-3f5b-448f-b91e-c2e6ff2adb29,ca0f71ee-3f5b-448f-b91e-c2e6ff2adb29,Tariwa Dispensary,"{""admin1"": ""Kano"", ""admin2"": ""Bebeji"", ""settlement"": ""KN0413""}","{""admin_path"": 0.6, ""distance_km"": 0.99, ""geo"": 0.719, ""name"": 0.822, ""name_tftoken"": 0.377, ""name_type"": 0.0}",,,,
Kano,xwd:sha256:0594d470540d7929754321037ed65362d000fdb1573789c5810654e78377dd31,review,0.6079,0.839,0.65,grid3:64de5fd3-b198-42eb-84f8-a00a4149e45b,19/03/1/1/1/0005,Baure Health Post,"{""admin1"": ""Kano"", ""admin2"": ""Bagwai"", ""settlement"": ""Rimin Dako""}",hfr:85964287-2b4b-41e6-8c6b-266d0d8494c8,85964287-2b4b-41e6-8c6b-266d0d8494c8,Kaleku Health Post,"{""admin1"": ""Kano"", ""admin2"": ""Bagwai"", ""settlement"": ""KN0307""}","{""admin_path"": 0.6, ""distance_km"": 0.65, ""geo"": 0.805, ""name"": 0.839, ""name_tftoken"": 0.282, ""name_type"": 1.0}",,,,
Kano,xwd:sha256:059a6c0572852b6be802727b25e84e56575ebb054d874aa11edbd52c2511db0f,review,0.6467,0.86,0.0,grid3:1bc59454-e908-4d1c-97f6-9843524e1f6b,19/36/1/1/1/0040,Yakaduna Health Post,"{""admin1"": ""Kano"", ""admin2"": ""Sumaila"", ""settlement"": ""Magami""}",hfr:1bc59454-e908-4d1c-97f6-9843524e1f6b,1bc59454-e908-4d1c-97f6-9843524e1f6b,Yaka Duna Health Post,"{""admin1"": ""Kano"", ""admin2"": ""Sumaila"", ""settlement"": ""KN3606""}","{""admin_path"": 0.6, ""distance_km"": 0.0, ""geo"": 1.0, ""name"": 0.93, ""name_tftoken"": 0.21, ""name_type"": 1.0}",,,,
Kano,xwd:sha256:06034b08773317b7a4fc1499cf284b9327f58aba8b393d1e492e486cd420cdd4,review,0.5742,0.826,1.59,grid3:24469c5d-2ab4-4ff6-be92-983e0ee01a5c,19/06/1/1/1/0026,Tsanbaki Health Post,"{""admin1"": ""Kano"", ""admin2"": ""Bunkure"", ""settlement"": ""Gwamma""}",hfr:a6f4740b-9cc0-4d3e-b29d-1911b4dc153e,a6f4740b-9cc0-4d3e-b29d-1911b4dc153e,Gwamma Health Post,"{""admin1"": ""Kano"", ""admin2"": ""Bunkure"", ""settlement"": ""KN0607""}","{""admin_path"": 0.6, ""distance_km"": 1.59, ""geo"": 0.588, ""name"": 0.826, ""name_tftoken"": 0.303, ""name_type"": 1.0}",,,,
Kano,xwd:sha256:0653e7fae76ad3c5c15be7d09366f22b2e2efa9182fc3441f6374f276ff509de,review,0.6697,0.899,1.5,grid3:989dc988-963f-4a81-87a2-61c72c7afa84,19/15/1/1/1/0013,Kwarken Health Post,"{""admin1"": ""Kano"", ""admin2"": ""Garum Mallam"", ""settlement"": ""Makwaro""}",hfr:2962fabe-236f-4caa-be5a-80ce28ab3159,2962fabe-236f-4caa-be5a-80ce28ab3159,Kwarken Gabas Health Post,"{""admin1"": ""Kano"", ""admin2"": ""Garun Malam"", ""settlement"": ""KN1509""}","{""admin_path"": 0.3, ""distance_km"": 1.5, ""geo"": 0.606, ""name"": 0.899, ""name_tftoken"": 0.657, ""name_type"": 1.0}",,,,
Kano,xwd:sha256:06779173858867ec88fc2661350caebb25714fd45e0061588784c2486115a3a1,review,0.5505,0.809,1.14,grid3:d7bd27a1-2ef1-4dc7-ad19-1b7a4ec36d8b,19/21/1/1/1/0012,Tukuntawa Primary Health Center,"{""admin1"": ""Kano"", ""admin2"": ""Kano Municipal"", ""settlement"": ""Gandun Albasa""}",hfr:8b8b697f-1316-43cf-9f64-22ff4c07a754,8b8b697f-1316-43cf-9f64-22ff4c07a754,Hausawa Primary Health Center,"{""admin1"": ""Kano"", ""admin2"": ""Tarauni"", ""settlement"": ""KN3801""}","{""admin_path"": 0.3, ""distance_km"": 1.14, ""geo"": 0.684, ""name"": 0.809, ""name_tftoken"": 0.35, ""name_type"": 1.0}",,,,
Kano,xwd:sha256:067bac4ed2a8ca0fc56a1d8f0f077a806a87dead4376f08c03381411e89734e1,review,0.5562,0.791,1.66,grid3:51bb615f-cc5e-4ac5-bd9a-d92d47a9cf57,,Dandalama Health Post,"{""admin1"": ""Kano"", ""admin2"": ""Tofa"", ""settlement"": ""Gajida""}",hfr:dbe71c0c-53cc-4acd-8e51-196251e9e6b1,dbe71c0c-53cc-4acd-8e51-196251e9e6b1,Dindere Health Post,"{""admin1"": ""Kano"", ""admin2"": ""Tofa"", ""settlement"": ""KN3901""}","{""admin_path"": 0.6, ""distance_km"": 1.66, ""geo"": 0.575, ""name"": 0.791, ""name_tftoken"": 0.29, ""name_type"": 1.0}",,,,
Kano,xwd:sha256:06939d86a1f9d0459c27a0cf0b3ab61692dcb20ddbdb73fc4b612bff082834e1,review,0.7168,0.851,20.81,grid3:7e01b4a6-c474-47a5-9ca1-5821c0cb5d7c,19/39/1/1/1/0004,Doka Health Post,"{""admin1"": ""Kano"", ""admin2"": ""Ungogo"", ""settlement"": ""Ungogo""}",hfr:edf7d84c-f3aa-4b33-a4af-01c99624fafd,edf7d84c-f3aa-4b33-a4af-01c99624fafd,Doka Health Post,"{""admin1"": ""Kano"", ""admin2"": ""Tofa"", ""settlement"": ""KN3910""}","{""admin_path"": 0.3, ""distance_km"": 20.81, ""geo"": 0.001, ""geo_conflict_km"": 20.81, ""name"": 1.0, ""name_tftoken"": 1.0, ""name_type"": 1.0}",,,,
Kano,xwd:sha256:06b778a8f4b9648e07bd22fb80274f732dc2fa274f355b2d61dbe15db4e3425c,review,0.6173,0.86,1.78,grid3:df40ace6-415a-403c-8e2d-7b24d9ee7dd8,19/34/1/1/1/0006,Dugurawa Health Post,"{""admin1"": ""Kano"", ""admin2"": ""Rimin Gado"", ""settlement"": ""Dugurawa""}",hfr:f4a09d5f-9265-4c90-9b25-fa7b12069978,f4a09d5f-9265-4c90-9b25-fa7b12069978,Dusurawa Health Post,"{""admin1"": ""Kano"", ""admin2"": ""Rimin Gado"", ""settlement"": ""KN3304""}","{""admin_path"": 0.6, ""distance_km"": 1.78, ""geo"": 0.552, ""name"": 0.973, ""name_tftoken"": 0.303, ""name_type"": 1.0}",,,,
Kano,xwd:sha256:07370f5ed69652107dcde053c84088ee0dca5ebecc101ee708ef622a5d8ea44b,review,0.5622,0.917,40.39,grid3:db4b3227-5f27-4b00-8c45-a17b0cbe46b8,19/03/1/1/1/0004,Badodo Health Post,"{""admin1"": ""Kano"", ""admin2"": ""Bagwai"", ""settlement"": ""Rimin Dako""}",hfr:e9ff9ea1-69fd-47e2-8b61-b84f8d91495b,e9ff9ea1-69fd-47e2-8b61-b84f8d91495b,Badodo Health Center,"{""admin1"": ""Kano"", ""admin2"": ""Nassarawa"", ""settlement"": ""KN3104""}","{""admin_path"": 0.3, ""distance_km"": 40.39, ""geo"": 0.0, ""geo_conflict_km"": 40.39, ""name"": 0.917, ""name_tftoken"": 0.62, ""name_type"": 0.0}",,,,
Kano,xwd:sha256:074bac6a0b22b3fbdafa0ad3bc86bc0dd9234caf91302d9f8576efcd0fa372eb,review,0.6476,0.86,0.0,grid3:846d6037-d164-48e6-83e7-94ed580368cc,19/26/1/1/1/0003,Dankwai Health Post,"{""admin1"": ""Kano"", ""admin2"": ""Kunchi"", ""settlement"": ""Kasuwar Kuka""}",hfr:846d6037-d164-48e6-83e7-94ed580368cc,846d6037-d164-48e6-83e7-94ed580368cc,Dan Kwai Health Post,"{""admin1"": ""Kano"", ""admin2"": ""Kunchi"", ""settlement"": ""KN2604""}","{""admin_path"": 0.6, ""distance_km"": 0.0, ""geo"": 1.0, ""name"": 0.915, ""name_tftoken"": 0.228, ""name_type"": 1.0}",,,,
Kano,xwd:sha256:074e1c52345f169a39ca78dd350f3880ff22488d04836d4777aa8b4151f6a160,review,0.6943,0.901,1.82,grid3:1f636318-80c8-42b2-bbd9-62977caf41f2,19/27/1/1/1/0010,Gamadan Health Post,"{""admin1"": ""Kano"", ""admin2"": ""Kura"", ""settlement"": ""Dukawa""}",hfr:142a03ec-0f89-4182-8510-0f31ad3325b4,142a03ec-0f89-4182-8510-0f31ad3325b4,Gamadan Health Clinic,"{""admin1"": ""Kano"", ""admin2"": ""Kura"", ""settlement"": ""KN2703""}","{""admin_path"": 0.6, ""distance_km"": 1.82, ""geo"": 0.546, ""name"": 0.901, ""name_tftoken"": 0.609, ""name_type"": 0.0}",,,,
Kano,xwd:sha256:07505d77b6cfe9475d1bbd6ebab05ad81afeb08ecd254c8077b47dd593d30871,review,0.5578,0.872,34.1,grid3:967c9596-8d39-4623-a965-5345fbd978b0,19/13/1/1/1/0027,Yautar Kudu Primary Health Center,"{""admin1"": ""Kano"", ""admin2"": ""Gabasawa"", ""settlement"": ""Yautar Kudu""}",hfr:df0f5cec-fc1c-4534-8d1f-6504cbdb6763,df0f5cec-fc1c-4534-8d1f-6504cbdb6763,Yautar Kudu Health Post,"{""admin1"": ""Kano"", ""admin2"": ""Dawakin Tofa"", ""settlement"": ""KN1011""}","{""admin_path"": 0.3, ""distance_km"": 34.1, ""geo"": 0.0, ""geo_conflict_km"": 34.1, ""name"": 0.872, ""name_tftoken"": 0.652, ""name_type"": 0.0}",,,,
Kano,xwd:sha256:0777e84436b4c59373497a1d04ed045633fba7942fd1279665d9745179792cbc,review,0.6192,0.808,0.31,grid3:55063ee9-6c4e-417d-86af-cb43ef4e03b2,19/17/1/1/1/0019,Sabuwar Madina Health Center,"{""admin1"": ""Kano"", ""admin2"": ""Gwale"", ""settlement"": ""Dorayi""}",hfr:3d2e8aeb-2135-46a6-829c-02c1f435c23f,3d2e8aeb-2135-46a6-829c-02c1f435c23f,Dabuwar Madina Health Clinic,"{""admin1"": ""Kano"", ""admin2"": ""Gwale"", ""settlement"": ""KN1803""}","{""admin_path"": 0.6, ""distance_km"": 0.31, ""geo"": 0.902, ""name"": 0.808, ""name_phrase"": ""madina health"", ""name_phrase_rarity"": 0.913, ""name_tftoken"": 0.298, ""name_type"": 0.0}",,,,
Kano,xwd:sha256:077f7a66856b29add5d708c4a7b60153aae2a0d77e30fe34f3a585ce0710be0f,review,0.5581,0.819,70.13,grid3:e0de1cfc-7994-4182-a8bc-4621fbbd675c,19/05/1/1/1/0052,Yola (Bichi) Health Post,"{""admin1"": ""Kano"", ""admin2"": ""Bichi"", ""settlement"": ""Badume""}",hfr:2a8f30ba-e878-44ba-9314-b66740029f95,2a8f30ba-e878-44ba-9314-b66740029f95,Yola Health Post,"{""admin1"": ""Kano"", ""admin2"": ""Karaye"", ""settlement"": ""KN2210""}","{""admin_path"": 0.3, ""distance_km"": 70.13, ""geo"": 0.0, ""geo_conflict_km"": 70.13, ""name"": 0.896, ""name_tftoken"": 0.629, ""name_type"": 1.0}",,,,
Kano,xwd:sha256:0783c557cf5e4204f55dc2fe4d2af54c1fbb120e89704d6c300155ac6fa115b2,review,0.6658,0.864,4.05,grid3:0536a6b0-5b04-4d86-bfb2-9fa79ea4a461,19/34/1/1/1/0022,Zango 2 Health Post,"{""admin1"": ""Kano"", ""admin2"": ""Rimin Gado"", ""settlement"": ""Zango (Rmg)""}",hfr:325b2b7b-76fd-40a1-a604-756cc56251fc,325b2b7b-76fd-40a1-a604-756cc56251fc,Zango 1 Health Post,"{""admin1"": ""Kano"", ""admin2"": ""Rimin Gado"", ""settlement"": ""KN3312""}","{""admin_path"": 0.6, ""distance_km"": 4.05, ""geo"": 0.259, ""name"": 0.979, ""name_tftoken"": 0.589, ""name_type"": 1.0}",,,,
Kano,xwd:sha256:0793737ecaeaed94b73d9e250ea1f8f4700a4492178cb85f5b10044699666f5b,review,0.7167,0.986,61.9,grid3:b4a4e8d3-70be-4215-896b-22af96f9755f,19/19/1/1/1/0033,Katsinawa Health Post,"{""admin1"": ""Kano"", ""admin2"": ""Gwarzo"", ""settlement"": ""Kutama""}",hfr:7189527f-cb47-4f6c-b929-64249c8e82a9,7189527f-cb47-4f6c-b929-64249c8e82a9,Katsinawa Health Post,"{""admin1"": ""Kano"", ""admin2"": ""Ungogo"", ""settlement"": ""KN4201""}","{""admin_path"": 0.3, ""distance_km"": 61.9, ""geo"": 0.0, ""geo_conflict_km"": 61.9, ""name"": 1.0, ""name_tftoken"": 1.0, ""name_type"": 1.0}",,,,
Kano,xwd:sha256:07c50153f83cef61c01f9d796264aa4eeb11e3abb0a1da0b00a6336c31b942ff,review,0.5821,0.863,1.31,grid3:68e336c2-f891-41e7-ab55-06d6b91f0d21,,Sarauniya Health Center,"{""admin1"": ""Kano"", ""admin2"": ""Bagwai"", ""settlement"": ""Kwajale""}",hfr:d50fdcf3-f513-4118-a3c5-7197d12b60bd,d50fdcf3-f513-4118-a3c5-7197d12b60bd,Kadawa Health Center,"{""admin1"": ""Kano"", ""admin2"": ""Bagwai"", ""settlement"": ""KN0302""}","{""admin_path"": 0.6, ""distance_km"": 1.31, ""geo"": 0.646, ""name"": 0.863, ""name_tftoken"": 0.261, ""name_type"": 1.0}",,,,
Kano,xwd:sha256:07f76cc8afa1b83db4b3a87aa3b91bca7672580e7553f6d81b88f1c757560e2f,review,0.6265,0.692,0.0,grid3:0b309abe-f7b7-4879-ae88-b4189547e8b0,,Kacako Health Post,"{""admin1"": ""Kano"", ""admin2"": ""Takai"", ""settlement"": ""Takai""}",hfr:0b309abe-f7b7-4879-ae88-b4189547e8b0,0b309abe-f7b7-4879-ae88-b4189547e8b0,Kacako Dispensary,"{""admin1"": ""Kano"", ""admin2"": ""Takai"", ""settlement"": ""KN3709""}","{""admin_path"": 0.6, ""distance_km"": 0.0, ""geo"": 1.0, ""name"": 0.692, ""name_tftoken"": 0.387, ""name_type"": 0.0}",,,,
Kano,xwd:sha256:08db8a062cf45f6986fc0df1fb7e492994ec2eb872e852dac7276d3097d041a3,review,0.5974,0.96,7.99,grid3:bbd4d0bf-3942-4261-8a66-1dd6aebf6413,,Garo Primary Health Care,"{""admin1"": ""Kano"", ""admin2"": ""Rimin Gado"", ""settlement"": ""Doka-Dawa""}",hfr:43075e34-149d-4146-bc02-cfae20595fdf,43075e34-149d-4146-bc02-cfae20595fdf,Garo Primary Health Center,"{""admin1"": ""Kano"", ""admin2"": ""Kabo"", ""settlement"": ""KN2004""}","{""admin_path"": 0.3, ""distance_km"": 7.99, ""geo"": 0.07, ""name"": 0.96, ""name_tftoken"": 0.647}",,,,
Kano,xwd:sha256:08f81ff0fd5c6716bd18da188585d960ca6c3a1d5c2e3821d82209a89ea55deb,review,0.6018,0.837,0.89,grid3:15498076-57dd-4026-a78c-b0cc9869aedd,,Gora Health Post,"{""admin1"": ""Kano"", ""admin2"": ""Bunkure"", ""settlement"": ""Chirin""}",hfr:5cca708f-c51e-466c-a1f5-828ce9185083,5cca708f-c51e-466c-a1f5-828ce9185083,Tumbau Health Post,"{""admin1"": ""Kano"", ""admin2"": ""Bunkure"", ""settlement"": ""KN0604""}","{""admin_path"": 0.6, ""distance_km"": 0.89, ""geo"": 0.743, ""name"": 0.845, ""name_tftoken"": 0.289, ""name_type"": 1.0}",,,,
Kano,xwd:sha256:09796ff6f2d984580f8b4f5690084c39402748dd9a2410d8e0422f104f4c5618,review,0.7167,0.914,143.02,grid3:43f25992-725a-4727-9c35-51ac0f3815a4,19/36/1/1/1/0042,Yan Bawa Health Post,"{""admin1"": ""Kano"", ""admin2"": ""Sumaila"", ""settlement"": ""Kanawa""}",hfr:85c84c48-f82c-4732-a2bb-09399b9cc5a5,85c84c48-f82c-4732-a2bb-09399b9cc5a5,Yan Bawa Health Post,"{""admin1"": ""Kano"", ""admin2"": ""Makoda"", ""settlement"": ""KN2903""}","{""admin_path"": 0.3, ""distance_km"": 143.02, ""geo"": 0.0, ""geo_conflict_km"": 143.02, ""name"": 1.0, ""name_phrase"": ""yan bawa"", ""name_phrase_rarity"": 0.914, ""name_tftoken"": 1.0, ""name_type"": 1.0}",,,,
Kano,xwd:sha256:0a9c6fe88de1bb4e423e72bffa4d9c9e67ed25be3873764634b1f3c6020484fd,review,0.5559,0.86,2.89,grid3:846d6037-d164-48e6-83e7-94ed580368cc,19/26/1/1/1/0003,Dankwai Health Post,"{""admin1"": ""Kano"", ""admin2"": ""Kunchi"", ""settlement"": ""Kasuwar Kuka""}",hfr:2eda0177-180b-4d84-8f23-42a7b2971388,2eda0177-180b-4d84-8f23-42a7b2971388,Tabani Health Post,"{""admin1"": ""Kano"", ""admin2"": ""Kunchi"", ""settlement"": ""KN2604""}","{""admin_path"": 0.6, ""distance_km"": 2.89, ""geo"": 0.382, ""name"": 0.889, ""name_tftoken"": 0.287, ""name_type"": 1.0}",,,,
Kano,xwd:sha256:0b345cef7648b8a66474f340024b9a0c088715a16e715b085f8446857f97a5f6,review,0.7167,0.999,39.32,grid3:4b250449-2955-41a2-a7ad-a42a9b9abfd2,,Chikawa Health Post,"{""admin1"": ""Kano"", ""admin2"": ""Ungogo"", ""settlement"": ""Fanisau""}",hfr:1ceb03fa-c75e-4c27-adcb-2f7a936ed17c,1ceb03fa-c75e-4c27-adcb-2f7a936ed17c,Chikawa Health Post,"{""admin1"": ""Kano"", ""admin2"": ""Gabasawa"", ""settlement"": ""KN1301""}","{""admin_path"": 0.3, ""distance_km"": 39.32, ""geo"": 0.0, ""geo_conflict_km"": 39.32, ""name"": 1.0, ""name_tftoken"": 1.0, ""name_type"": 1.0}",,,,
Kano,xwd:sha256:0b5fd74b2450125f2e9e212decab3016685c29844423fe3af5a6ca5f8df9468a,review,0.557,0.895,3.37,grid3:6dd5eab1-5f6f-4d61-acd4-8cbec5be2fbc,,Gera Health Post,"{""admin1"": ""Kano"", ""admin2"": ""Bagwai"", ""settlement"": ""Kwajale""}",hfr:64de5fd3-b198-42eb-84f8-a00a4149e45b,64de5fd3-b198-42eb-84f8-a00a4149e45b,Baure Health Post,"{""admin1"": ""Kano"", ""admin2"": ""Bagwai"", ""settlement"": ""KN0307""}","{""admin_path"": 0.6, ""distance_km"": 3.37, ""geo"": 0.326, ""name"": 0.918, ""name_tftoken"": 0.29, ""name_type"": 1.0}",,,,
Kano,xwd:sha256:0b8f9e687b995e26eb33d46f3a717fcc1321aac5fb53ddee0fc210795a29de3a,review,0.6058,0.825,0.47,grid3:e286d785-a93a-4ae5-adce-d74165738999,,Tinkis Health Center,"{""admin1"": ""Kano"", ""admin2"": ""Rogo"", ""settlement"": ""Rogo Sabon Gari""}",hfr:7d8d6b3c-d35d-491b-81de-a182da883434,7d8d6b3c-d35d-491b-81de-a182da883434,Bakari Health Center,"{""admin1"": ""Kano"", ""admin2"": ""Rogo"", ""settlement"": ""KN3407""}","{""admin_path"": 0.6, ""distance_km"": 0.47, ""geo"": 0.856, ""name"": 0.825, ""name_tftoken"": 0.265, ""name_type"": 1.0}",,,,
Kano,xwd:sha256:0b9e376dc6c224f531a84f3da3b78e6b6456dbed5be982db0065943145870e9d,review,0.6809,0.86,0.32,grid3:f19e9a1d-2485-49e1-9b62-ee588a98a077,,Dangauro Health Post,"{""admin1"": ""Kano"", ""admin2"": ""Kumbotso"", ""settlement"": ""Unguwar Rimi (Tfa)""}",hfr:53c2d257-fbdb-4b78-b107-c8e0c314c5b6,53c2d257-fbdb-4b78-b107-c8e0c314c5b6,Dangwauro Health Post,"{""admin1"": ""Kano"", ""admin2"": ""Kumbotso"", ""settlement"": ""KN2512""}","{""admin_path"": 0.6, ""distance_km"": 0.32, ""geo"": 0.899, ""name"": 0.99, ""name_tftoken"": 0.303, ""name_type"": 1.0}",,,,
Kano,xwd:sha256:0be64a158217f64167fcd5b00ec9689e080d2a05281a9974428a234ea896d1af,review,0.7167,0.919,90.25,grid3:be0e6399-dc43-44a7-b130-5a743efc70aa,19/40/1/1/1/0005,Gezawa Health Post,"{""admin1"": ""Kano"", ""admin2"": ""Tsanyawa"", ""settlement"": ""Yan Kamaye""}",hfr:13a51cb4-36d0-4b25-bd90-e511c54b7f82,13a51cb4-36d0-4b25-bd90-e511c54b7f82,Gezawa Health Post,"{""admin1"": ""Kano"", ""admin2"": ""Gezawa"", ""settlement"": ""KN1703""}","{""admin_path"": 0.3, ""distance_km"": 90.25, ""geo"": 0.0, ""geo_conflict_km"": 90.25, ""name"": 1.0, ""name_tftoken"": 1.0, ""name_type"": 1.0}",,,,
Kano,xwd:sha256:0c59e531ffb7e92a6647a7224e544ee26f0480d49e83d067b04cd76e3feb6cf1,review,0.6665,0.86,0.0,grid3:15b86aca-ba72-459c-bf8e-f9e645e8b799,19/25/1/1/1/0010,Ja'Oji Health Post,"{""admin1"": ""Kano"", ""admin2"": ""Kumbotso"", ""settlement"": ""Guringawa""}",hfr:15b86aca-ba72-459c-bf8e-f9e645e8b799,15b86aca-ba72-459c-bf8e-f9e645e8b799,Jaoji Health Post,"{""admin1"": ""Kano"", ""admin2"": ""Kumbotso"", ""settlement"": ""KN2505""}","{""admin_path"": 0.6, ""distance_km"": 0.0, ""geo"": 1.0, ""name"": 0.985, ""name_tftoken"": 0.214, ""name_type"": 1.0}",,,,
Kano,xwd:sha256:0c94c2ad71cfb401b4c171962e15758c54f8dd1b8d532e6e1d6990f26549ef7e,review,0.5611,0.806,1.8,grid3:e823f8ae-2280-4b7b-a149-d1689512534d,19/02/1/1/1/0019,Jigar Health Post,"{""admin1"": ""Kano"", ""admin2"": ""Albasu"", ""settlement"": ""Albasu""}",hfr:ce54c137-3843-44db-a0f1-e1f5cf6c2a9b,ce54c137-3843-44db-a0f1-e1f5cf6c2a9b,Yawurma Health Post,"{""admin1"": ""Kano"", ""admin2"": ""Albasu"", ""settlement"": ""KN0210""}","{""admin_path"": 0.6, ""distance_km"": 1.8, ""geo"": 0.549, ""name"": 0.806, ""name_tftoken"": 0.303, ""name_type"": 1.0}",,,,
Kano,xwd:sha256:0cd1c37c0df5454a365e7c3274aaf50af55367404224f99a7e3419988c0bc962,review,0.5596,0.884,41.85,grid3:23eb6da2-4c24-49f5-ba2a-926f369c8db2,,Nassarawa Health Center,"{""admin1"": ""Kano"", ""admin2"": ""Bagwai"", ""settlement"": ""Kwajale""}",hfr:e3a7feb3-3190-49ce-a613-641fa6e9d56f,e3a7feb3-3190-49ce-a613-641fa6e9d56f,Nassarawa Health Post,"{""admin1"": ""Kano"", ""admin2"": ""Tsanyawa"", ""settlement"": ""KN4004""}","{""admin_path"": 0.3, ""distance_km"": 41.85, ""geo"": 0.0, ""geo_conflict_km"": 41.85, ""name"": 0.928, ""name_tftoken"": 0.601, ""name_type"": 0.0}",,,,
Kano,xwd:sha256:0cd4a416594ca91c0f00d501c3e6345ce6b006917dce972da0dafee199674bed,review,0.6835,0.823,0.0,grid3:13aa2649-7121-4b48-88fa-03af81e3da6c,19/25/1/1/1/0015,Naibawa Health Clinic,"{""admin1"": ""Kano"", ""admin2"": ""Kumbotso"", ""settlement"": ""Na'Ibawa""}",hfr:13aa2649-7121-4b48-88fa-03af81e3da6c,13aa2649-7121-4b48-88fa-03af81e3da6c,Naibawa Gabas Health Post,"{""admin1"": ""Kano"", ""admin2"": ""Kumbotso"", ""settlement"": ""KN2510""}","{""admin_path"": 0.6, ""distance_km"": 0.0, ""geo"": 1.0, ""name"": 0.823, ""name_tftoken"": 0.428, ""name_type"": 0.0}",,,,
Kano,xwd:sha256:0cef4ad1444bbf83a22e5acb329266a5253ecf939c7f418621bc0fa26ceec0d7,review,0.5501,0.876,69.31,grid3:9c849e3f-37e1-4f30-af7a-354e408a7865,19/35/1/1/1/0010,Goron Dutse (Snn) Health Post,"{""admin1"": ""Kano"", ""admin2"": ""Shanono"", ""settlement"": ""Gwaron Dutse""}",hfr:0e14701b-7af2-4f35-ae28-3c5b9f5f5f21,0e14701b-7af2-4f35-ae28-3c5b9f5f5f21,Goron Dutse Community Health Post,"{""admin1"": ""Kano"", ""admin2"": ""Gwale"", ""settlement"": ""KN1805""}","{""admin_path"": 0.3, ""distance_km"": 69.31, ""geo"": 0.0, ""geo_conflict_km"": 69.31, ""name"": 0.876, ""name_tftoken"": 0.624, ""name_type"": 1.0}",,,,
Kano,xwd:sha256:0cf818ecf37c98939359f4719fdf13f7a085daaab220d104f57cd726e82ecf61,review,0.5508,0.806,1.83,grid3:7ed2e218-2aac-4b88-b5e1-89a0a8028c6d,19/28/1/1/1/0013,Kanwa Health Post,"{""admin1"": ""Kano"", ""admin2"": ""Kabo"", ""settlement"": ""Kanwa Kabo""}",hfr:718036b1-4859-4052-b745-38f2870a1d55,718036b1-4859-4052-b745-38f2870a1d55,Baskore Health Post,"{""admin1"": ""Kano"", ""admin2"": ""Kabo"", ""settlement"": ""KN2009""}","{""admin_path"": 0.6, ""distance_km"": 1.83, ""geo"": 0.543, ""name"": 0.806, ""name_tftoken"": 0.275, ""name_type"": 1.0}",,,,
Kano,xwd:sha256:0d103ee61f5974ed1eab6e8f192e0b43c90b7c02486f7d95cd6f218c603ec190,review,0.5608,0.807,1.68,grid3:1f4d4654-3742-4046-9a9a-41f8faaaeba0,19/25/1/1/1/0024,Yanhamar Health Post,"{""admin1"": ""Kano"", ""admin2"": ""Kumbotso"", ""settlement"": ""Kureken Sani""}",hfr:106ef8d1-1d59-4834-a654-aa0409ded6d6,106ef8d1-1d59-4834-a654-aa0409ded6d6,Zara Health Post,"{""admin1"": ""Kano"", ""admin2"": ""Kumbotso"", ""settlement"": ""KN2509""}","{""admin_path"": 0.6, ""distance_km"": 1.68, ""geo"": 0.572, ""name"": 0.807, ""name_tftoken"": 0.29, ""name_type"": 1.0}",,,,
Kano,xwd:sha256:0d121c3aee0c45667d4f13f70d56ece6d42f5360b0ebf1e0c1ee0d33df3e0b4f,review,0.6069,0.903,28.85,grid3:80e0ee82-7293-4ede-ad34-89dd5b2ba553,19/18/1/1/1/0002,Babawa Primary Health Center,"{""admin1"": ""Kano"", ""admin2"": ""Gezawa"", ""settlement"": ""Babawa""}",hfr:90fee38a-7aa6-46fb-87d8-f2b68cc9f024,90fee38a-7aa6-46fb-87d8-f2b68cc9f024,Babawa Model Primary Health Center,"{""admin1"": ""Kano"", ""admin2"": ""Dawakin Tofa"", ""settlement"": ""KN1001""}","{""admin_path"": 0.3, ""distance_km"": 28.85, ""geo"": 0.0, ""geo_conflict_km"": 28.85, ""name"": 0.903, ""name_tftoken"": 0.767, ""name_type"": 1.0}",,,,
Kano,xwd:sha256:0d2451a0a05172e4451dfa2615fbd85a2ed18c0d10e2f6b02cfaaa5bcbee8f6a,review,0.5533,0.79,1.72,grid3:5b5a2434-426c-4534-be39-09a5e774f904,19/39/1/1/1/0019,Yanoko Health Post,"{""admin1"": ""Kano"", ""admin2"": ""Tofa"", ""settlement"": ""Yanoko""}",hfr:edf7d84c-f3aa-4b33-a4af-01c99624fafd,edf7d84c-f3aa-4b33-a4af-01c99624fafd,Doka Health Post,"{""admin1"": ""Kano"", ""admin2"": ""Tofa"", ""settlement"": ""KN3910""}","{""admin_path"": 0.6, ""distance_km"": 1.72, ""geo"": 0.563, ""name"": 0.79, ""name_tftoken"": 0.288, ""name_type"": 1.0}",,,,
Kano,xwd:sha256:0d54422ee9a03a12641a769ea4b32983f04d152e17f90a8a477eaec8b2024841,review,0.5853,0.938,25.27,grid3:ee1e3c5e-617c-4b07-9344-401236535850,,Kunya Primary Health Care,"{""admin1"": ""Kano"", ""admin2"": ""Dawakin Tofa"", ""settlement"": ""Marke""}",hfr:cd54c56a-cc92-43c8-9e40-ae158c14b4ef,cd54c56a-cc92-43c8-9e40-ae158c14b4ef,Kunya Primary Health Center,"{""admin1"": ""Kano"", ""admin2"": ""Minjibir"", ""settlement"": ""KN3004""}","{""admin_path"": 0.3, ""distance_km"": 25.27, ""geo"": 0.0, ""geo_conflict_km"": 25.27, ""name"": 0.961, ""name_tftoken"": 0.644}",,,,
Kano,xwd:sha256:0d636940caf1ddd7139de3de02c7efc3f3b006282c00930b2c02d96b3db2793e,review,0.578,0.871,135.06,grid3:5f3a9185-a7ee-4f92-ab08-a1802cf394ad,19/07/1/1/1/0015,Yalwa (Dal) Primary Health Center,"{""admin1"": ""Kano"", ""admin2"": ""Dala"", ""settlement"": ""Yalwa Dala""}",hfr:dfd13aae-a29d-4f5f-b3b5-3cb1107c6b8e,dfd13aae-a29d-4f5f-b3b5-3cb1107c6b8e,Yalwa Primary Health Center,"{""admin1"": ""Kano"", ""admin2"": ""Doguwa"", ""settlement"": ""KN1110""}","{""admin_path"": 0.3, ""distance_km"": 135.06, ""geo"": 0.0, ""geo_conflict_km"": 135.06, ""name"": 0.912, ""name_tftoken"": 0.672, ""name_type"": 1.0}",,,,
Kano,xwd:sha256:0d81cb9fe42766bc4f82e802bb258e997587fee1760f58a9651e7100c465aa9b,review,0.6251,0.873,0.0,grid3:c22053ce-3d32-48fc-a184-9c810bea329b,19/22/1/1/1/0001,Dambazau (Kry) Health Post,"{""admin1"": ""Kano"", ""admin2"": ""Karaye"", ""settlement"": ""Kurugu""}",hfr:c22053ce-3d32-48fc-a184-9c810bea329b,c22053ce-3d32-48fc-a184-9c810bea329b,Danbazau Health Post,"{""admin1"": ""Kano"", ""admin2"": ""Karaye"", ""settlement"": ""KN2203""}","{""admin_path"": 0.6, ""distance_km"": 0.0, ""geo"": 1.0, ""name"": 0.873, ""name_tftoken"": 0.203, ""name_type"": 1.0}",,,,
Ondo,xwd:sha256:001333f93712f443d74cea3aea54ba448e562ab11dd06202a6a8b8c16e229be0,match,0.83,0.917,0.0,grid3:8e96d83e-6953-4b10-9595-bf41d32c03ba,28/09/1/1/1/0026,Obatedo Basic Health Center,"{""admin1"": ""Ondo"", ""admin2"": ""Idanre"", ""settlement"": ""Irowo""}",hfr:8e96d83e-6953-4b10-9595-bf41d32c03ba,8e96d83e-6953-4b10-9595-bf41d32c03ba,Obatedo Health Center,"{""admin1"": ""Ondo"", ""admin2"": ""Idanre"", ""settlement"": ""ODSIDNE06""}","{""admin_path"": 0.6, ""distance_km"": 0.0, ""geo"": 1.0, ""name"": 0.917, ""name_tftoken"": 0.772, ""name_type"": 1.0}",,,,
Ondo,xwd:sha256:004e608a056f292751245ec47f4e7b658fb712c3143c0eadf603b55ccfdfe9e3,match,0.8469,0.845,0.0,grid3:77943d6f-eabd-4833-813d-38bbf1410ab2,28/13/1/1/1/0027,Mile 9 Basic Health Center,"{""admin1"": ""Ondo"", ""admin2"": ""Odigbo"", ""settlement"": ""Ore 2""}",hfr:77943d6f-eabd-4833-813d-38bbf1410ab2,77943d6f-eabd-4833-813d-38bbf1410ab2,Mile 9 Health Center,"{""admin1"": ""Ondo"", ""admin2"": ""Odigbo"", ""settlement"": ""ODSODI11""}","{""admin_path"": 0.6, ""distance_km"": 0.0, ""geo"": 1.0, ""name"": 0.914, ""name_tftoken"": 0.827, ""name_type"": 1.0}",,,,
Ondo,xwd:sha256:005872ec7346d9b8825c76b1e5425963e29fd8d82fa18f3a4e5131114320adff,match,0.8565,0.847,0.05,grid3:a3d2dbf0-dc02-41c5-aafc-b8c4f2043f4b,,Mother and Child Hospital,"{""admin1"": ""Ondo"", ""admin2"": ""Akure South"", ""settlement"": ""Oke-Aro""}",hfr:90e76049-daa2-4bd3-a3c2-34695fbc92b3,90e76049-daa2-4bd3-a3c2-34695fbc92b3,Mother and Child,"{""admin1"": ""Ondo"", ""admin2"": ""Akure South"", ""settlement"": ""ODSAKS09""}","{""admin_path"": 0.6, ""distance_km"": 0.05, ""geo"": 0.983, ""name"": 0.928, ""name_tftoken"": 0.85}",,,,
Ondo,xwd:sha256:0098bcce2bd876d131aaecfd9d2c212b4130a7d091607df78302c972b0d3c73c,match,0.9333,0.888,0.0,grid3:701962cc-47a3-44d2-9039-0b95884dea10,,Oke Iju Basic Health Center,"{""admin1"": ""Ondo"", ""admin2"": ""Akure North"", ""settlement"": ""Moferere""}",hfr:701962cc-47a3-44d2-9039-0b95884dea10,701962cc-47a3-44d2-9039-0b95884dea10,Oke Iju Basic Health Center,"{""admin1"": ""Ondo"", ""admin2"": ""Akure North"", ""settlement"": ""ODSAKN05""}","{""admin_path"": 0.6, ""distance_km"": 0.0, ""geo"": 1.0, ""name"": 1.0, ""name_phrase"": ""oke iju"", ""name_phrase_rarity"": 0.888, ""name_tftoken"": 1.0, ""name_type"": 1.0}",,,,
Ondo,xwd:sha256:00efb25b5a2b8918965e26cb6bb93753d0de0e7895dd6e35a79ca76fe7653fff,match,0.796,0.889,0.0,grid3:60bfc0c7-076d-405f-9c13-80ac17c7ecb6,28/05/1/2/1/0001,Irun Akoko General Hospital,"{""admin1"": ""Ondo"", ""admin2"": ""Akoko North West"", ""settlement"": ""Oke-Irun/Surulere""}",hfr:60bfc0c7-076d-405f-9c13-80ac17c7ecb6,60bfc0c7-076d-405f-9c13-80ac17c7ecb6,Irun General Hospital,"{""admin1"": ""Ondo"", ""admin2"": ""Akoko North West"", ""settlement"": ""ODSANW09""}","{""admin_path"": 0.6, ""distance_km"": 0.0, ""geo"": 1.0, ""name"": 0.889, ""name_tftoken"": 0.699, ""name_type"": 1.0}",,,,
Ondo,xwd:sha256:00f65de2c2a96f7d3774a242dbf6f4248febff37d9773a81a1ee18607467e594,match,0.7628,0.826,0.0,grid3:544494d8-be0f-489c-8c71-073651a261e2,28/06/1/2/1/0001,Iju Itaogbolu General Hospital,"{""admin1"": ""Ondo"", ""admin2"": ""Akure North"", ""settlement"": ""Ayetoro""}",hfr:544494d8-be0f-489c-8c71-073651a261e2,544494d8-be0f-489c-8c71-073651a261e2,Iju General Hospital,"{""admin1"": ""Ondo"", ""admin2"": ""Akure North"", ""settlement"": ""ODSAKN01""}","{""admin_path"": 0.6, ""distance_km"": 0.0, ""geo"": 1.0, ""name"": 0.853, ""name_tftoken"": 0.635, ""name_type"": 1.0}",,,,
Ondo,xwd:sha256:00feae2d5e5884277a0600fa8bb954722311d8743dc4fefded58046652ef0d2b,match,0.9333,0.86,0.0,grid3:719e4f3f-14d9-4566-9867-46e60bf9524b,,Idig Bengben Hospital,"{""admin1"": ""Ondo"", ""admin2"": ""Ilaje"", ""settlement"": ""Aheri""}",hfr:719e4f3f-14d9-4566-9867-46e60bf9524b,719e4f3f-14d9-4566-9867-46e60bf9524b,Idig Bengben Hospital,"{""admin1"": ""Ondo"", ""admin2"": ""Ilaje"", ""settlement"": ""ODSIAE01""}","{""admin_path"": 0.6, ""distance_km"": 0.0, ""geo"": 1.0, ""name"": 1.0, ""name_tftoken"": 1.0, ""name_type"": 1.0}",,,,
Ondo,xwd:sha256:011efd3ce9a2fd36054b21fde3724b1769d1f5d9f09b0c354cbd0e885b9abb0e,match,0.8833,0.86,0.0,grid3:ac6d2748-20d4-48e1-85ce-463b8c9ed82b,28/08/1/1/1/0026,Obontoru Basic Health Center,"{""admin1"": ""Ondo"", ""admin2"": ""Ese Odo"", ""settlement"": ""Arogbo 1""}",hfr:ac6d2748-20d4-48e1-85ce-463b8c9ed82b,ac6d2748-20d4-48e1-85ce-463b8c9ed82b,Obontoru Basic Health Center,"{""admin1"": ""Ondo"", ""admin2"": ""Irele"", ""settlement"": ""ODSIRL04""}","{""admin_path"": 0.3, ""distance_km"": 0.0, ""geo"": 1.0, ""name"": 1.0, ""name_tftoken"": 1.0, ""name_type"": 1.0}",,,,
Ondo,xwd:sha256:0241e9a5c401435082dec177ea4e6fd02cb7580274ba9ba9c92e2aa3823e012f,match,0.7655,0.915,0.23,grid3:34ed0f4d-7d16-4e3e-a71d-39b9874d8b49,28/11/1/1/1/0034,Ode Mahin Prmary Health Center,"{""admin1"": ""Ondo"", ""admin2"": ""Ilaje"", ""settlement"": ""Mahin 1""}",hfr:34ed0f4d-7d16-4e3e-a71d-39b9874d8b49,34ed0f4d-7d16-4e3e-a71d-39b9874d8b49,Ode Mahin Basic Health Center,"{""admin1"": ""Ondo"", ""admin2"": ""Ilaje"", ""settlement"": ""ODSIAE03""}","{""admin_path"": 0.6, ""distance_km"": 0.23, ""geo"": 0.925, ""name"": 0.915, ""name_tftoken"": 0.619, ""name_type"": 1.0}",,,,
Ondo,xwd:sha256:0243f6397c5c78ed1d0b3a19dec6f6fbe2f18b7a10935a9c2b6f7df42f8d61e0,match,0.9333,0.935,0.0,grid3:04851481-cbcd-4860-a8fc-4494de4928c2,,Arif Hospital,"{""admin1"": ""Ondo"", ""admin2"": ""Irele"", ""settlement"": ""Irele 5""}",hfr:04851481-cbcd-4860-a8fc-4494de4928c2,04851481-cbcd-4860-a8fc-4494de4928c2,Arif Hospital,"{""admin1"": ""Ondo"", ""admin2"": ""Irele"", ""settlement"": ""ODSIRL09""}","{""admin_path"": 0.6, ""distance_km"": 0.0, ""geo"": 1.0, ""name"": 1.0, ""name_tftoken"": 1.0, ""name_type"": 1.0}",,,,
Ondo,xwd:sha256:02532991f2ba25b41d0b0118f60624b7f7466d4e6b67ba246edb76583328eef0,match,0.841,0.942,0.16,grid3:d6a4ab17-9fa3-4137-9cd2-79ad365372b7,,Epinmi 2 Basic Health Center,"{""admin1"": ""Ondo"", ""admin2"": ""Akoko South East"", ""settlement"": ""Epinmi 1""}",hfr:234e8459-9a4d-4dcd-a6a1-4dd0559c933a,234e8459-9a4d-4dcd-a6a1-4dd0559c933a,Epinmi Basic Health Center,"{""admin1"": ""Ondo"", ""admin2"": ""Akoko South East"", ""settlement"": ""ODSASE01""}","{""admin_path"": 0.6, ""distance_km"": 0.16, ""geo"": 0.947, ""name"": 0.963, ""name_tftoken"": 0.786, ""name_type"": 1.0}",,,,
Ondo,xwd:sha256:0287daa0aeb4270db6f054966f54f1da045a5b70db28f4a091b5a156db8a0fed,match,0.9333,0.972,0.0,grid3:653ebc3a-9c1c-439a-955b-af320fd42d09,28/11/1/2/1/0001,Igbokoda General Hospital,"{""admin1"": ""Ondo"", ""admin2"": ""Ilaje"", ""settlement"": ""Mahin 3""}",hfr:653ebc3a-9c1c-439a-955b-af320fd42d09,653ebc3a-9c1c-439a-955b-af320fd42d09,Igbokoda General Hospital,"{""admin1"": ""Ondo"", ""admin2"": ""Ilaje"", ""settlement"": ""ODSIAE05""}","{""admin_path"": 0.6, ""distance_km"": 0.0, ""geo"": 1.0, ""name"": 1.0, ""name_tftoken"": 1.0, ""name_type"": 1.0}",,,,
Ondo,xwd:sha256:03114e9bfd641509cc2da40ad705fe39b078a5c7522df49836ea0279a61a81de,match,0.7836,0.889,0.0,grid3:7b2a3879-7458-400a-b759-a605ec55a9f8,28/11/1/1/1/0009,Lepe Primary Health Center,"{""admin1"": ""Ondo"", ""admin2"": ""Ilaje"", ""settlement"": ""Ugbo 1""}",hfr:7b2a3879-7458-400a-b759-a605ec55a9f8,7b2a3879-7458-400a-b759-a605ec55a9f8,Lepe Basic Health Center,"{""admin1"": ""Ondo"", ""admin2"": ""Ilaje"", ""settlement"": ""ODSIAE12""}","{""admin_path"": 0.6, ""distance_km"": 0.0, ""geo"": 1.0, ""name"": 0.889, ""name_tftoken"": 0.662, ""name_type"": 1.0}",,,,
Ondo,xwd:sha256:0323bb0afa27ea84886d06f11f9f983c02de621f3d69589d6aa7a26d1a470fef,match,0.9333,0.948,0.0,grid3:9fb2acdc-ce44-4452-86ec-97a7e91b5a12,,St Lawrence Clinic,"{""admin1"": ""Ondo"", ""admin2"": ""Akoko South West"", ""settlement"": ""Ikun""}",hfr:9fb2acdc-ce44-4452-86ec-97a7e91b5a12,9fb2acdc-ce44-4452-86ec-97a7e91b5a12,St Lawrence Clinic,"{""admin1"": ""Ondo"", ""admin2"": ""Akoko South West"", ""settlement"": ""ODSASW08""}","{""admin_path"": 0.6, ""distance_km"": 0.0, ""geo"": 1.0, ""name"": 1.0, ""name_phrase"": ""lawrence clinic"", ""name_phrase_rarity"": 0.948, ""name_tftoken"": 1.0, ""name_type"": 1.0}",,,,
Ondo,xwd:sha256:033b03e9ef94926bebe13f1d5c5a9951a9dbc75ad5b55845a1fd732b2d558c17,match,0.9333,0.938,0.0,grid3:54d298fe-6874-4872-9a60-5aeae728924d,,Ajapa Basic Health Center,"{""admin1"": ""Ondo"", ""admin2"": ""Ilaje"", ""settlement"": ""Ugbo 2""}",hfr:54d298fe-6874-4872-9a60-5aeae728924d,54d298fe-6874-4872-9a60-5aeae728924d,Ajapa Basic Health Center,"{""admin1"": ""Ondo"", ""admin2"": ""Ilaje"", ""settlement"": ""ODSIAE07""}","{""admin_path"": 0.6, ""distance_km"": 0.0, ""geo"": 1.0, ""name"": 1.0, ""name_tftoken"": 1.0, ""name_type"": 1.0}",,,,
Ondo,xwd:sha256:0348bbe02fc968457f34f39958b60acf9f27a9da5eb3316b8f674bcd264d748e,match,0.7974,0.882,1.03,grid3:f4c741fd-82f7-4407-b3a5-8433c4ad4913,,Oke Aro Basic Health Center,"{""admin1"": ""Ondo"", ""admin2"": ""Akure South"", ""settlement"": ""Gbogi/Isikan 2""}",hfr:2a68ec88-7a06-4e16-9b80-b38c43b8baf3,2a68ec88-7a06-4e16-9b80-b38c43b8baf3,Oke Aro Health Center,"{""admin1"": ""Ondo"", ""admin2"": ""Akure South"", ""settlement"": ""ODSAKS09""}","{""admin_path"": 0.6, ""distance_km"": 1.03, ""geo"": 0.71, ""name"": 0.917, ""name_phrase"": ""oke aro"", ""name_phrase_rarity"": 0.882, ""name_tftoken"": 0.82, ""name_type"": 1.0}",,,,
Ondo,xwd:sha256:0368427ea3c49a68bd9c9ea40a6fe71ccc8d37804f5854dbd8665c333a4f6355,match,0.9333,0.918,0.0,grid3:4ecb688c-2b24-4960-9ebf-d5acf7b7d1be,,Oka Support Programme Family Clinic,"{""admin1"": ""Ondo"", ""admin2"": ""Akoko South West"", ""settlement"": ""Ikese""}",hfr:4ecb688c-2b24-4960-9ebf-d5acf7b7d1be,4ecb688c-2b24-4960-9ebf-d5acf7b7d1be,Oka Family Support Programme Clinic,"{""admin1"": ""Ondo"", ""admin2"": ""Akoko South West"", ""settlement"": ""ODSASW07""}","{""admin_path"": 0.6, ""distance_km"": 0.0, ""geo"": 1.0, ""name"": 1.0, ""name_tftoken"": 1.0, ""name_type"": 1.0}",,,,
Ondo,xwd:sha256:04010f3a70ed0efd9390704bf130bf9f82e048429be36d738011108b871c4318,match,0.9333,0.965,0.0,grid3:5c769ba3-fa61-45be-85b9-60d86de756e5,,Adegbola Basic Health Center,"{""admin1"": ""Ondo"", ""admin2"": ""Ifedore"", ""settlement"": ""Ikota / Irese""}",hfr:5c769ba3-fa61-45be-85b9-60d86de756e5,5c769ba3-fa61-45be-85b9-60d86de756e5,Adegbola Basic Health Center,"{""admin1"": ""Ondo"", ""admin2"": ""Ifedore"", ""settlement"": ""ODSIDE06""}","{""admin_path"": 0.6, ""distance_km"": 0.0, ""geo"": 1.0, ""name"": 1.0, ""name_tftoken"": 1.0, ""name_type"": 1.0}",,,,
Ondo,xwd:sha256:04415281fcd0f8c4fbdeb88a51965eca27a7d5ad7a5949f6c462d273584679ad,match,0.9313,0.985,0.04,grid3:e8419b78-2998-4fc1-aede-d617fc7bc023,,Staff Secretariat Clinic,"{""admin1"": ""Ondo"", ""admin2"": ""Akure North"", ""settlement"": ""Obaile""}",hfr:e8419b78-2998-4fc1-aede-d617fc7bc023,e8419b78-2998-4fc1-aede-d617fc7bc023,Staff Clinic Secretariat,"{""admin1"": ""Ondo"", ""admin2"": ""Akure North"", ""settlement"": ""ODSAKN06""}","{""admin_path"": 0.6, ""distance_km"": 0.04, ""geo"": 0.988, ""name"": 1.0, ""name_tftoken"": 1.0, ""name_type"": 1.0}",,,,
Ondo,xwd:sha256:0441d76ff42b6e9f68de8c7cc14168157771a49be82aaeb7c28bf724ee08bc63,match,0.9333,1.0,0.0,grid3:99dce02a-eff5-4706-978c-0b8cad369b7f,,Ijama Health Post,"{""admin1"": ""Ondo"", ""admin2"": ""Idanre"", ""settlement"": ""Irowo""}",hfr:99dce02a-eff5-4706-978c-0b8cad369b7f,99dce02a-eff5-4706-978c-0b8cad369b7f,Ijama Health Post,"{""admin1"": ""Ondo"", ""admin2"": ""Idanre"", ""settlement"": ""ODSIDNE06""}","{""admin_path"": 0.6, ""distance_km"": 0.0, ""geo"": 1.0, ""name"": 1.0, ""name_tftoken"": 1.0, ""name_type"": 1.0}",,,,
Ondo,xwd:sha256:048ea4004de2c805d6cb8a0a50eb071d8bfd61bebe41506764438f387bc291ed,match,0.7272,0.875,0.0,grid3:48c90ca9-12c7-464d-b310-51db1dfd2320,28/09/1/1/1/0025,Mobaredele Basic Health Center,"{""admin1"": ""Ondo"", ""admin2"": ""Idanre"", ""settlement"": ""Isalu Jigbokin""}",hfr:48c90ca9-12c7-464d-b310-51db1dfd2320,48c90ca9-12c7-464d-b310-51db1dfd2320,Mobaredele Health Post,"{""admin1"": ""Ondo"", ""admin2"": ""Idanre"", ""settlement"": ""ODSIDNE08""}","{""admin_path"": 0.6, ""distance_km"": 0.0, ""geo"": 1.0, ""name"": 0.875, ""name_tftoken"": 0.506, ""name_type"": 0.0}",,,,
Ondo,xwd:sha256:04ed960b35ade40239801d4fa9e0eaeb745c8394f1c3a41a52b277810f94036a,match,0.9333,1.0,0.0,grid3:2959561e-cd0c-4768-802c-b409f4a1d34e,,Dayo Nursing Home,"{""admin1"": ""Ondo"", ""admin2"": ""Akoko North East"", ""settlement"": ""Iyometa 2""}",hfr:2959561e-cd0c-4768-802c-b409f4a1d34e,2959561e-cd0c-4768-802c-b409f4a1d34e,Dayo Nursing Home,"{""admin1"": ""Ondo"", ""admin2"": ""Akoko North East"", ""settlement"": ""ODSANE10""}","{""admin_path"": 0.6, ""distance_km"": 0.0, ""geo"": 1.0, ""name"": 1.0, ""name_tftoken"": 1.0}",,,,
Ondo,xwd:sha256:05411b293bfe284aa839b79b6d8bb12041cec6e684c030ef6ab07f629018c1bf,match,0.9333,0.86,0.0,grid3:f9de0cd0-3d64-4c96-a2ba-40db3f76610c,,Ominiyan Health Center,"{""admin1"": ""Ondo"", ""admin2"": ""Idanre"", ""settlement"": ""Ala Elefosan""}",hfr:f9de0cd0-3d64-4c96-a2ba-40db3f76610c,f9de0cd0-3d64-4c96-a2ba-40db3f76610c,Ominiyan Health Center,"{""admin1"": ""Ondo"", ""admin2"": ""Idanre"", ""settlement"": ""ODSIDNE02""}","{""admin_path"": 0.6, ""distance_km"": 0.0, ""geo"": 1.0, ""name"": 1.0, ""name_tftoken"": 1.0, ""name_type"": 1.0}",,,,
Ondo,xwd:sha256:057a5bc2585afdd75cea4a176f8a364b2b2213ceb7358198fd05f13470b4cb23,match,0.9333,0.86,0.0,grid3:6a01ea61-6c05-4057-a019-49fa1942d5d4,,Alobu Comprehensive Health Center,"{""admin1"": ""Ondo"", ""admin2"": ""Odigbo"", ""settlement"": ""Araromi-Obu""}",hfr:6a01ea61-6c05-4057-a019-49fa1942d5d4,6a01ea61-6c05-4057-a019-49fa1942d5d4,Alobu Comprehensive Health Center,"{""admin1"": ""Ondo"", ""admin2"": ""Odigbo"", ""settlement"": ""ODSODI05""}","{""admin_path"": 0.6, ""distance_km"": 0.0, ""geo"": 1.0, ""name"": 1.0, ""name_tftoken"": 1.0, ""name_type"": 1.0}",,,,
Ondo,xwd:sha256:059687fcba74d9220ff6bb3e606ed06f25de75fa667f0ce3ab97d233b7907a07,match,0.9333,1.0,0.0,grid3:4dd4046d-48ff-46d4-b514-308b2271e67b,,Orisa Ikare Basic Health Center,"{""admin1"": ""Ondo"", ""admin2"": ""Akoko North East"", ""settlement"": ""Orun 1""}",hfr:4dd4046d-48ff-46d4-b514-308b2271e67b,4dd4046d-48ff-46d4-b514-308b2271e67b,Orisa Ikare Basic Health Center,"{""admin1"": ""Ondo"", ""admin2"": ""Akoko North East"", ""settlement"": ""ODSANE11""}","{""admin_path"": 0.6, ""distance_km"": 0.0, ""geo"": 1.0, ""name"": 1.0, ""name_tftoken"": 1.0, ""name_type"": 1.0}",,,,
Ondo,xwd:sha256:05be6bf164eb136b81a7604478b951047b1326ed9d7c75e5655071236824b925,match,0.9333,1.0,0.0,grid3:44653b65-be0e-4704-b792-93d59c2206d5,,Temidayo Specialist Hospital,"{""admin1"": ""Ondo"", ""admin2"": ""Akure South"", ""settlement"": ""Gbogi/Isikan 2""}",hfr:44653b65-be0e-4704-b792-93d59c2206d5,44653b65-be0e-4704-b792-93d59c2206d5,Temidayo Specialist Hospital,"{""admin1"": ""Ondo"", ""admin2"": ""Akure South"", ""settlement"": ""ODSAKS03""}","{""admin_path"": 0.6, ""distance_km"": 0.0, ""geo"": 1.0, ""name"": 1.0, ""name_tftoken"": 1.0, ""name_type"": 1.0}",,,,
Ondo,xwd:sha256:06d83bed93a950a9b35685b6b8c01e43b27fc25aed5ee7a9aa6947d3250e38cf,match,0.7228,0.84,0.0,grid3:b9530ed8-7399-415a-b95a-26adc9edb5c9,28/05/1/1/1/0012,Oyin Basic Health Clinic,"{""admin1"": ""Ondo"", ""admin2"": ""Akoko North West"", ""settlement"": ""Oyin/Oge""}",hfr:b9530ed8-7399-415a-b95a-26adc9edb5c9,b9530ed8-7399-415a-b95a-26adc9edb5c9,Oyin Akoko Basic Health Center,"{""admin1"": ""Ondo"", ""admin2"": ""Akoko North West"", ""settlement"": ""ODSANW10""}","{""admin_path"": 0.6, ""distance_km"": 0.0, ""geo"": 1.0, ""name"": 0.84, ""name_tftoken"": 0.528, ""name_type"": 0.0}",,,,
Ondo,xwd:sha256:070e01037f105e001bdeba3919b8c62dcc7ad88f3b60a5c5bfe05d6da319f50c,match,0.9333,0.86,0.0,grid3:fef4b4a4-ab3c-4b0a-9ea6-f1b6a6a44b67,,Moferee Oja Community Health Center,"{""admin1"": ""Ondo"", ""admin2"": ""Ondo West"", ""settlement"": ""Moferereoja""}",hfr:fef4b4a4-ab3c-4b0a-9ea6-f1b6a6a44b67,fef4b4a4-ab3c-4b0a-9ea6-f1b6a6a44b67,Moferee Oja Community Health Center,"{""admin1"": ""Ondo"", ""admin2"": ""Ondo West"", ""settlement"": ""ODSOWT08""}","{""admin_path"": 0.6, ""distance_km"": 0.0, ""geo"": 1.0, ""name"": 1.0, ""name_tftoken"": 1.0, ""name_type"": 1.0}",,,,
Ondo,xwd:sha256:0722785bb0e74c6bde941f70ad07950ca91fb6649e7bb55c544e0b31190a9b19,match,0.8833,0.934,0.0,grid3:9527d92d-e856-4c60-ad1f-81cba721a040,,Epe Comprehensive Health Center,"{""admin1"": ""Ondo"", ""admin2"": ""Ile-Oluji/Okeigbo"", ""settlement"": ""Oke-Igbo 2""}",hfr:9527d92d-e856-4c60-ad1f-81cba721a040,9527d92d-e856-4c60-ad1f-81cba721a040,Epe Comprehensive Health Center,"{""admin1"": ""Ondo"", ""admin2"": ""Ile Oluji/Okeigbo"", ""settlement"": ""ODSIOU08""}","{""admin_path"": 0.3, ""distance_km"": 0.0, ""geo"": 1.0, ""name"": 1.0, ""name_tftoken"": 1.0, ""name_type"": 1.0}",,,,
Ondo,xwd:sha256:07a98db44da805f3de4c5fc124682e755e337ca62da7bbe0fc3a7e43df9cc086,match,0.9333,0.86,0.0,grid3:5d1e93f3-0a42-4d87-8a6d-35bac2fa7fa4,,Matuso 1 Basic Health Center,"{""admin1"": ""Ondo"", ""admin2"": ""Owo"", ""settlement"": ""Uso / Emure""}",hfr:5d1e93f3-0a42-4d87-8a6d-35bac2fa7fa4,5d1e93f3-0a42-4d87-8a6d-35bac2fa7fa4,Matuso 1 Basic Health Center,"{""admin1"": ""Ondo"", ""admin2"": ""Owo"", ""settlement"": ""ODSOWO11""}","{""admin_path"": 0.6, ""distance_km"": 0.0, ""geo"": 1.0, ""name"": 1.0, ""name_tftoken"": 1.0, ""name_type"": 1.0}",,,,
Ondo,xwd:sha256:07cba4b26919873a2206e6d54855b6e502565de738bd64f402d6252b11a2c250,match,0.9333,0.86,0.0,grid3:e74eecd9-7fa7-40f1-8ea8-44aa9af9d026,28/12/1/2/1/0001,Lipanu Basic Health Center,"{""admin1"": ""Ondo"", ""admin2"": ""Irele"", ""settlement"": ""Irele 5""}",hfr:e74eecd9-7fa7-40f1-8ea8-44aa9af9d026,e74eecd9-7fa7-40f1-8ea8-44aa9af9d026,Lipanu Basic Health Center,"{""admin1"": ""Ondo"", ""admin2"": ""Irele"", ""settlement"": ""ODSIRL05""}","{""admin_path"": 0.6, ""distance_km"": 0.0, ""geo"": 1.0, ""name"": 1.0, ""name_tftoken"": 1.0, ""name_type"": 1.0}",,,,
Ondo,xwd:sha256:07d5edcae95f0607c1dd680b3f07f0bbfb9ab92f40db996f16e863042a3578a0,match,0.761,0.899,0.0,grid3:2f047a0b-b770-4a0b-b735-161fa404870c,,Support Programme Family Clinic,"{""admin1"": ""Ondo"", ""admin2"": ""Owo"", ""settlement"": ""Ijebu 1""}",hfr:2f047a0b-b770-4a0b-b735-161fa404870c,2f047a0b-b770-4a0b-b735-161fa404870c,Family Support Program Clinic,"{""admin1"": ""Ondo"", ""admin2"": ""Owo"", ""settlement"": ""ODSOWO06""}","{""admin_path"": 0.6, ""distance_km"": 0.0, ""geo"": 1.0, ""name"": 0.967, ""name_tftoken"": 0.516, ""name_type"": 1.0}",,,,
Ondo,xwd:sha256:082a965bc2219f6a9e3fa0097679219a6a1db2a344d5a6a82e9b33bd9da33628,match,0.8833,0.86,0.0,grid3:1619b1f7-825f-426c-8b46-de508084dfc7,28/01/1/1/1/0024,Okuopolo Basic Health Center,"{""admin1"": ""Ondo"", ""admin2"": ""Ile-Oluji/Okeigbo"", ""settlement"": ""Ile-Oluji 5""}",hfr:1619b1f7-825f-426c-8b46-de508084dfc7,1619b1f7-825f-426c-8b46-de508084dfc7,Okuopolo Basic Health Center,"{""admin1"": ""Ondo"", ""admin2"": ""Ile Oluji/Okeigbo"", ""settlement"": ""ODSIOU05""}","{""admin_path"": 0.3, ""distance_km"": 0.0, ""geo"": 1.0, ""name"": 1.0, ""name_tftoken"": 1.0, ""name_type"": 1.0}",,,,
Ondo,xwd:sha256:0882cce00dd24a5a0cf2961df64fa539006ab92337e65dda4ffd2109ba607611,match,0.9333,0.977,0.0,grid3:bef00a04-8592-4b2b-976a-2011256385d8,,Idasen Primary Health Care,"{""admin1"": ""Ondo"", ""admin2"": ""Owo"", ""settlement"": ""Ijebu 2""}",hfr:bef00a04-8592-4b2b-976a-2011256385d8,bef00a04-8592-4b2b-976a-2011256385d8,Idasen Primary Health Care,"{""admin1"": ""Ondo"", ""admin2"": ""Owo"", ""settlement"": ""ODSOWO07""}","{""admin_path"": 0.6, ""distance_km"": 0.0, ""geo"": 1.0, ""name"": 1.0, ""name_tftoken"": 1.0}",,,,
Ondo,xwd:sha256:08ba5385105b4bda5a15222e7f004ad08045150b117ff12d16fa8f3d6236eab8,match,0.9333,1.0,0.0,grid3:59fb2c14-6ed8-4d2f-9254-3577d4dd5b2c,28/13/1/1/1/0021,Oloruntedo Basic Health Center,"{""admin1"": ""Ondo"", ""admin2"": ""Odigbo"", ""settlement"": ""Ajue""}",hfr:59fb2c14-6ed8-4d2f-9254-3577d4dd5b2c,59fb2c14-6ed8-4d2f-9254-3577d4dd5b2c,Oloruntedo Basic Health Center,"{""admin1"": ""Ondo"", ""admin2"": ""Odigbo"", ""settlement"": ""ODSODI04""}","{""admin_path"": 0.6, ""distance_km"": 0.0, ""geo"": 1.0, ""name"": 1.0, ""name_tftoken"": 1.0, ""name_type"": 1.0}",,,,
Ondo,xwd:sha256:08f9de5fefb1c6511f1dbe4eedbb837f75768ba4ad8d9b79bd05f43a4b444073,match,0.771,0.925,0.0,grid3:b466ae02-2cfa-40e1-8334-67b6eeab45ec,28/02/1/1/1/0021,Oketun Abadara Primary Health Clinic,"{""admin1"": ""Ondo"", ""admin2"": ""Akoko North East"", ""settlement"": ""Iyometa 2""}",hfr:b466ae02-2cfa-40e1-8334-67b6eeab45ec,b466ae02-2cfa-40e1-8334-67b6eeab45ec,Oketun Abadara Basic Health Center,"{""admin1"": ""Ondo"", ""admin2"": ""Akoko North East"", ""settlement"": ""ODSANE10""}","{""admin_path"": 0.6, ""distance_km"": 0.0, ""geo"": 1.0, ""name"": 0.925, ""name_tftoken"": 0.588, ""name_type"": 0.0}",,,,
Ondo,xwd:sha256:09342e8b14b986b570638f1ab3a10d9d93ba2327fbee815bde0fd53701398e58,match,0.7937,0.943,0.0,grid3:887c771b-46f9-4bfa-ab37-f9e1d3c9eedd,28/18/1/1/1/0015,Upenmen Primary Health Clinic,"{""admin1"": ""Ondo"", ""admin2"": ""Owo"", ""settlement"": ""Idasen""}",hfr:887c771b-46f9-4bfa-ab37-f9e1d3c9eedd,887c771b-46f9-4bfa-ab37-f9e1d3c9eedd,Upenmen Primary Health Care,"{""admin1"": ""Ondo"", ""admin2"": ""Owo"", ""settlement"": ""ODSOWO03""}","{""admin_path"": 0.6, ""distance_km"": 0.0, ""geo"": 1.0, ""name"": 0.943, ""name_tftoken"": 0.638}",,,,
Ondo,xwd:sha256:0953e84722360ebf81051752d29ff35b93f0160cafb6914a074b85e0b899ed53,match,0.9333,0.86,0.0,grid3:6e314c40-dff1-481a-90a6-cb4cf8bf92ca,,Igboolokun Health Center,"{""admin1"": ""Ondo"", ""admin2"": ""Idanre"", ""settlement"": ""Isalu Jigbokin""}",hfr:6e314c40-dff1-481a-90a6-cb4cf8bf92ca,6e314c40-dff1-481a-90a6-cb4cf8bf92ca,Igboolokun Health Center,"{""admin1"": ""Ondo"", ""admin2"": ""Idanre"", ""settlement"": ""ODSIDNE08""}","{""admin_path"": 0.6, ""distance_km"": 0.0, ""geo"": 1.0, ""name"": 1.0, ""name_tftoken"": 1.0, ""name_type"": 1.0}",,,,
Ondo,xwd:sha256:09a9b55b38bfdb352ebafb109d84f1d5c728601ce5c033bf51176455bb6c5863,match,0.7134,0.892,0.0,grid3:145071a0-3c52-4f72-b2e7-3aae03c671dc,28/11/1/1/1/0030,Motoro Primary Health Clinic,"{""admin1"": ""Ondo"", ""admin2"": ""Ilaje"", ""settlement"": ""Mahin 2""}",hfr:145071a0-3c52-4f72-b2e7-3aae03c671dc,145071a0-3c52-4f72-b2e7-3aae03c671dc,Motoro Basic Health Center,"{""admin1"": ""Ondo"", ""admin2"": ""Ilaje"", ""settlement"": ""ODSIAE04""}","{""admin_path"": 0.6, ""distance_km"": 0.0, ""geo"": 1.0, ""name"": 0.892, ""name_tftoken"": 0.448, ""name_type"": 0.0}",,,,
Ondo,xwd:sha256:09c34b822e1a65db9e41a1ce90939f165b011bc990f8bedaafda7af443510aa2,match,0.8833,1.0,0.0,grid3:1b33a5d2-a71f-4e79-b66e-a8ae5265259a,28/01/1/1/1/0032,Popoola Basic Health Center,"{""admin1"": ""Ondo"", ""admin2"": ""Ile-Oluji/Okeigbo"", ""settlement"": ""Oke-Igbo 2""}",hfr:1b33a5d2-a71f-4e79-b66e-a8ae5265259a,1b33a5d2-a71f-4e79-b66e-a8ae5265259a,Popoola Basic Health Center,"{""admin1"": ""Ondo"", ""admin2"": ""Ile Oluji/Okeigbo"", ""settlement"": ""ODSIOU08""}","{""admin_path"": 0.3, ""distance_km"": 0.0, ""geo"": 1.0, ""name"": 1.0, ""name_tftoken"": 1.0, ""name_type"": 1.0}",,,,
Ondo,xwd:sha256:0a3cc39aacc308d1c0b6f24fe6e43bf06411da04bb8e4d3e3f825d4eaa7077f5,match,0.7934,0.852,0.0,grid3:3a97c530-e47e-411e-953f-22450fcb8668,28/10/1/1/1/0012,Ibuji Comprehensive Health Center,"{""admin1"": ""Ondo"", ""admin2"": ""Ifedore"", ""settlement"": ""Ero/Ibuji""}",hfr:3a97c530-e47e-411e-953f-22450fcb8668,3a97c530-e47e-411e-953f-22450fcb8668,Ibuji Health Center,"{""admin1"": ""Ondo"", ""admin2"": ""Ifedore"", ""settlement"": ""ODSIDE01""}","{""admin_path"": 0.6, ""distance_km"": 0.0, ""geo"": 1.0, ""name"": 0.852, ""name_tftoken"": 0.728, ""name_type"": 1.0}",,,,
Ondo,xwd:sha256:0a8fa4dc16f0ede34aa201d6f19510e1c8dac1a032825ee19d79d60501c3e8ea,match,0.9333,0.884,0.0,grid3:bcecef1a-b4b2-4b1f-b24f-4b4c0fd622ae,,Gods Mercy Clinic,"{""admin1"": ""Ondo"", ""admin2"": ""Akoko South West"", ""settlement"": ""Akungba 2""}",hfr:bcecef1a-b4b2-4b1f-b24f-4b4c0fd622ae,bcecef1a-b4b2-4b1f-b24f-4b4c0fd622ae,Gods Mercy Clinic,"{""admin1"": ""Ondo"", ""admin2"": ""Akoko South West"", ""settlement"": ""ODSASW03""}","{""admin_path"": 0.6, ""distance_km"": 0.0, ""geo"": 1.0, ""name"": 1.0, ""name_phrase"": ""gods mercy"", ""name_phrase_rarity"": 0.884, ""name_tftoken"": 1.0, ""name_type"": 1.0}",,,,
Ondo,xwd:sha256:0af790dac3a01436e1ef00c3b465db3d9b948746e02531bd62f01c04cf680646,match,0.8107,0.9,0.0,grid3:b1d06514-1196-48e3-854d-3dd2f732be9a,28/16/1/1/1/0039,Surulere Basic Health Clinic,"{""admin1"": ""Ondo"", ""admin2"": ""Ondo West"", ""settlement"": ""Surulere""}",hfr:b1d06514-1196-48e3-854d-3dd2f732be9a,b1d06514-1196-48e3-854d-3dd2f732be9a,Surulere Basic Health Center,"{""admin1"": ""Ondo"", ""admin2"": ""Ondo West"", ""settlement"": ""ODSOWT11""}","{""admin_path"": 0.6, ""distance_km"": 0.0, ""geo"": 1.0, ""name"": 0.943, ""name_tftoken"": 0.689, ""name_type"": 0.0}",,,,
Ondo,xwd:sha256:0b8d3f3b130ef0049eb350dc9d01f25b306f40f944a2ba1f53a3624c9b796501,match,0.841,0.942,0.16,grid3:234e8459-9a4d-4dcd-a6a1-4dd0559c933a,,Epinmi Basic Health Center,"{""admin1"": ""Ondo"", ""admin2"": ""Akoko South East"", ""settlement"": ""Epinmi 1""}",hfr:d6a4ab17-9fa3-4137-9cd2-79ad365372b7,d6a4ab17-9fa3-4137-9cd2-79ad365372b7,Epinmi 2 Basic Health Center,"{""admin1"": ""Ondo"", ""admin2"": ""Akoko South East"", ""settlement"": ""ODSASE01""}","{""admin_path"": 0.6, ""distance_km"": 0.16, ""geo"": 0.947, ""name"": 0.963, ""name_tftoken"": 0.786, ""name_type"": 1.0}",,,,
Ondo,xwd:sha256:0b9126258838e714165b90fb8a7e5c4f97a40710228a513be876b0235b9ef412,match,0.7118,0.892,0.0,grid3:07fb67f0-89cc-4af5-aa4c-685fe24e4baf,28/09/1/1/1/0033,Apefon Primary Health Clinic,"{""admin1"": ""Ondo"", ""admin2"": ""Idanre"", ""settlement"": ""Isalu Ehinpeti""}",hfr:07fb67f0-89cc-4af5-aa4c-685fe24e4baf,07fb67f0-89cc-4af5-aa4c-685fe24e4baf,Apefon Basic Health Center,"{""admin1"": ""Ondo"", ""admin2"": ""Idanre"", ""settlement"": ""ODSIDNE07""}","{""admin_path"": 0.6, ""distance_km"": 0.0, ""geo"": 1.0, ""name"": 0.892, ""name_tftoken"": 0.443, ""name_type"": 0.0}",,,,
Ondo,xwd:sha256:0b93ac56f21bda99b90d49208f70967afd13763f2ba6b2a1ff884fd3390e4c25,match,0.7071,0.843,0.0,grid3:ce2c5f62-56b7-4ad3-a6c2-5a06a884e9a5,28/05/1/1/1/0013,Ejidu Health Post,"{""admin1"": ""Ondo"", ""admin2"": ""Akoko North West"", ""settlement"": ""Odo-Irun/Oyinmo""}",hfr:ce2c5f62-56b7-4ad3-a6c2-5a06a884e9a5,ce2c5f62-56b7-4ad3-a6c2-5a06a884e9a5,Ejidu Basic Health Center,"{""admin1"": ""Ondo"", ""admin2"": ""Akoko North West"", ""settlement"": ""ODSANW07""}","{""admin_path"": 0.6, ""distance_km"": 0.0, ""geo"": 1.0, ""name"": 0.843, ""name_tftoken"": 0.478, ""name_type"": 0.0}",,,,
Ondo,xwd:sha256:0be857eaa958626f8c4cd2406d2ba21eef5110b4ad3cea03c57f85e5f163093c,match,0.7067,0.86,0.0,grid3:d66dac91-1950-45b2-ab34-9dd9c1e5e952,28/12/1/1/1/0003,Atoranse Primary Health Clinic,"{""admin1"": ""Ondo"", ""admin2"": ""Irele"", ""settlement"": ""Irele 4""}",hfr:d66dac91-1950-45b2-ab34-9dd9c1e5e952,d66dac91-1950-45b2-ab34-9dd9c1e5e952,Atoranse Basic Health Center,"{""admin1"": ""Ondo"", ""admin2"": ""Irele"", ""settlement"": ""ODSIRL07""}","{""admin_path"": 0.6, ""distance_km"": 0.0, ""geo"": 1.0, ""name"": 0.9, ""name_tftoken"": 0.42, ""name_type"": 0.0}",,,,
Ondo,xwd:sha256:0c4c4efa0263e41e00a033ef5cbd0b203a0b4c9803ab9d3bf0ad6e80c2b64fc8,match,0.8441,0.97,0.0,grid3:d2ded6ba-9298-470d-bc75-e16ce022f522,,Maroko Maternity Primary Health Centre,"{""admin1"": ""Ondo"", ""admin2"": ""Ondo West"", ""settlement"": ""Maroko""}",hfr:d2ded6ba-9298-470d-bc75-e16ce022f522,d2ded6ba-9298-470d-bc75-e16ce022f522,Maroko Maternity Primary Health Center,"{""admin1"": ""Ondo"", ""admin2"": ""Ondo West"", ""settlement"": ""ODSOWT07""}","{""admin_path"": 0.6, ""distance_km"": 0.0, ""geo"": 1.0, ""name"": 0.995, ""name_tftoken"": 0.738, ""name_type"": 1.0}",,,,
Ondo,xwd:sha256:0d0de4e90786c6ac1a861a29e3a4a47da816eba02f646add187836afea780563,match,0.7894,0.906,0.0,grid3:06e60495-57e2-4010-b5a9-69190c5f0ad3,28/10/1/1/1/0009,Ipogun Primary Health Center,"{""admin1"": ""Ondo"", ""admin2"": ""Ifedore"", ""settlement"": ""Ipogun/Ibule""}",hfr:06e60495-57e2-4010-b5a9-69190c5f0ad3,06e60495-57e2-4010-b5a9-69190c5f0ad3,Ipogun Basic Health Center,"{""admin1"": ""Ondo"", ""admin2"": ""Ifedore"", ""settlement"": ""ODSIDE09""}","{""admin_path"": 0.6, ""distance_km"": 0.0, ""geo"": 1.0, ""name"": 0.906, ""name_tftoken"": 0.662, ""name_type"": 1.0}",,,,
Ondo,xwd:sha256:0d41fd9c1029c664b82f3d8f78bdb4a1c069960e81463698566ad255bd448b4f,match,0.7661,0.86,0.0,grid3:bceb5080-e147-4b3b-8975-ab69f43bbfd4,28/05/1/1/2/0004,Aridek Clinic,"{""admin1"": ""Ondo"", ""admin2"": ""Akoko North West"", ""settlement"": ""Arigidi 2""}",hfr:bceb5080-e147-4b3b-8975-ab69f43bbfd4,bceb5080-e147-4b3b-8975-ab69f43bbfd4,Aridek Clinic Arigidi,"{""admin1"": ""Ondo"", ""admin2"": ""Akoko North West"", ""settlement"": ""ODSANW04""}","{""admin_path"": 0.6, ""distance_km"": 0.0, ""geo"": 1.0, ""name"": 0.924, ""name_tftoken"": 0.574, ""name_type"": 1.0}",,,,
Ondo,xwd:sha256:0d94436cf8aebf2b8dbbed36ad5322e70840c914ed745dabbbb724a5cd0045f1,match,0.7057,0.869,1.07,grid3:aeb89a63-8cac-462a-940b-e7ba49bf9bef,28/14/1/1/1/0013,Igbotako Comprehensive Health Center,"{""admin1"": ""Ondo"", ""admin2"": ""Okitipupa"", ""settlement"": ""Ereekiti / Ijuodo""}",hfr:3a1e85cc-e955-4318-b56c-60e3f548c157,3a1e85cc-e955-4318-b56c-60e3f548c157,Igbotako Basic Health Center,"{""admin1"": ""Ondo"", ""admin2"": ""Okitipupa"", ""settlement"": ""ODSPUP02""}","{""admin_path"": 0.6, ""distance_km"": 1.07, ""geo"": 0.699, ""name"": 0.869, ""name_tftoken"": 0.599, ""name_type"": 1.0}",,,,
Ondo,xwd:sha256:0dcd29abf87d0a862f0c7974ce001ad47c98f5104c023976e231a7701aed8602,match,0.7215,0.871,0.87,grid3:2f55fe12-a29d-4c11-9e67-0c1c1bc26007,28/14/1/1/1/0020,Ilutitun Primary Health Center,"{""admin1"": ""Ondo"", ""admin2"": ""Okitipupa"", ""settlement"": ""Ilutitun 1""}",hfr:2b3182b0-a9b0-46d5-be68-f74841863da5,2b3182b0-a9b0-46d5-be68-f74841863da5,Ilutitun Comprehensive Health Center,"{""admin1"": ""Ondo"", ""admin2"": ""Okitipupa"", ""settlement"": ""ODSPUP07""}","{""admin_path"": 0.6, ""distance_km"": 0.87, ""geo"": 0.748, ""name"": 0.871, ""name_tftoken"": 0.62, ""name_type"": 1.0}",,,,
Ondo,xwd:sha256:0dda3339ecfe1288c5df4055a583856e025770858bfcfc16fb618b7f4556b75a,match,0.7058,0.772,0.0,grid3:012090ae-a736-4587-84f8-fa1a03dccbb4,28/18/1/2/2/0002,St David Hospital,"{""admin1"": ""Ondo"", ""admin2"": ""Owo"", ""settlement"": ""Isaipen""}",hfr:012090ae-a736-4587-84f8-fa1a03dccbb4,012090ae-a736-4587-84f8-fa1a03dccbb4,St Davids Hospital,"{""admin1"": ""Ondo"", ""admin2"": ""Owo"", ""settlement"": ""ODSOWO02""}","{""admin_path"": 0.6, ""distance_km"": 0.0, ""geo"": 1.0, ""name"": 0.971, ""name_tftoken"": 0.346, ""name_type"": 1.0}",,,,
Ondo,xwd:sha256:0e7783e48bdcb636089c658133b5b177b54b1bac877b12af0c7176b52739622c,match,0.9333,1.0,0.0,grid3:a4ed627d-7edc-4327-b5c6-3972cff8e633,,Powa Health Center,"{""admin1"": ""Ondo"", ""admin2"": ""Akure South"", ""settlement"": ""Ilisa""}",hfr:a4ed627d-7edc-4327-b5c6-3972cff8e633,a4ed627d-7edc-4327-b5c6-3972cff8e633,Powa Health Center,"{""admin1"": ""Ondo"", ""admin2"": ""Akure South"", ""settlement"": ""ODSAKS05""}","{""admin_path"": 0.6, ""distance_km"": 0.0, ""geo"": 1.0, ""name"": 1.0, ""name_tftoken"": 1.0, ""name_type"": 1.0}",,,,
Ondo,xwd:sha256:0ef38ec637fed7b7003757ef795436b517fd8c8c768750afd1befff3dd2a867a,match,0.9333,0.86,0.0,grid3:9a1d66cd-8a70-4bf2-8614-199fcf3d25df,,Oke Egwure Basic Health Center,"{""admin1"": ""Ondo"", ""admin2"": ""Ondo West"", ""settlement"": ""Igbindo""}",hfr:9a1d66cd-8a70-4bf2-8614-199fcf3d25df,9a1d66cd-8a70-4bf2-8614-199fcf3d25df,Oke Egwure Basic Health Center,"{""admin1"": ""Ondo"", ""admin2"": ""Ondo West"", ""settlement"": ""ODSOWT01""}","{""admin_path"": 0.6, ""distance_km"": 0.0, ""geo"": 1.0, ""name"": 1.0, ""name_tftoken"": 1.0, ""name_type"": 1.0}",,,,
Ondo,xwd:sha256:0f23425a05f77fab145ed502a1c451c3c098ebad75ecc032ab606b2bd71cf009,match,0.7282,0.826,2.48,grid3:701962cc-47a3-44d2-9039-0b95884dea10,,Oke Iju Basic Health Center,"{""admin1"": ""Ondo"", ""admin2"": ""Akure North"", ""settlement"": ""Moferere""}",hfr:736fcbbe-77b5-4ba8-a39e-ccda4f40772d,736fcbbe-77b5-4ba8-a39e-ccda4f40772d,Iju Basic Health Center,"{""admin1"": ""Ondo"", ""admin2"": ""Akure North"", ""settlement"": ""ODSAKN01""}","{""admin_path"": 0.6, ""distance_km"": 2.48, ""geo"": 0.438, ""name"": 0.92, ""name_tftoken"": 0.746, ""name_type"": 1.0}",,,,
Ondo,xwd:sha256:0f4977864d5805b64e6be3bbf333928a30eeeb4eec2e99f8cc686ab48fd8068e,match,0.9333,0.892,0.0,grid3:4bdf98da-d8a1-451d-9395-66d4c1ca2be7,,Idanre Basic Health Center,"{""admin1"": ""Ondo"", ""admin2"": ""Idanre"", ""settlement"": ""Idale/Logbosere""}",hfr:4bdf98da-d8a1-451d-9395-66d4c1ca2be7,4bdf98da-d8a1-451d-9395-66d4c1ca2be7,Idanre Basic Health Center,"{""admin1"": ""Ondo"", ""admin2"": ""Idanre"", ""settlement"": ""ODSIDNE04""}","{""admin_path"": 0.6, ""distance_km"": 0.0, ""geo"": 1.0, ""name"": 1.0, ""name_tftoken"": 1.0, ""name_type"": 1.0}",,,,
Ondo,xwd:sha256:0fbf52b7c128ef90f50c150aa89490ed0a95401990d537f3031e50815ede4bd2,match,0.8116,0.941,0.0,grid3:b1d7e018-ceea-48e6-a43f-b91f29fab576,28/05/1/1/1/0005,Arigidi Basic Health Clinic,"{""admin1"": ""Ondo"", ""admin2"": ""Akoko North West"", ""settlement"": ""Arigidi 1""}",hfr:b1d7e018-ceea-48e6-a43f-b91f29fab576,b1d7e018-ceea-48e6-a43f-b91f29fab576,Arigidi Basic Health Center,"{""admin1"": ""Ondo"", ""admin2"": ""Akoko North West"", ""settlement"": ""ODSANW03""}","{""admin_path"": 0.6, ""distance_km"": 0.0, ""geo"": 1.0, ""name"": 0.941, ""name_phrase"": ""arigidi basic"", ""name_phrase_rarity"": 0.945, ""name_tftoken"": 0.694, ""name_type"": 0.0}",,,,
Ondo,xwd:sha256:10967ff47ff88730cbe606dbaa1cc34c6b84c40b34ec22912c27c9db7343425c,match,0.81,0.943,0.0,grid3:d777f3a5-0b1f-417c-962a-be4d3fa0af66,28/18/1/1/1/0030,Isuada Primary Health Clinic,"{""admin1"": ""Ondo"", ""admin2"": ""Owo"", ""settlement"": ""Idasen""}",hfr:d777f3a5-0b1f-417c-962a-be4d3fa0af66,d777f3a5-0b1f-417c-962a-be4d3fa0af66,Isuada Primary Health Center,"{""admin1"": ""Ondo"", ""admin2"": ""Owo"", ""settlement"": ""ODSOWO03""}","{""admin_path"": 0.6, ""distance_km"": 0.0, ""geo"": 1.0, ""name"": 0.943, ""name_tftoken"": 0.687, ""name_type"": 0.0}",,,,
Ondo,xwd:sha256:10a97348a71c1b769963c2f5f6317bc741112e533146c57da4b5e3a19842bd33,match,0.9333,0.965,0.0,grid3:eb908024-edc0-43fe-bbd1-848e525596ef,,Erinje Basic Health Center,"{""admin1"": ""Ondo"", ""admin2"": ""Okitipupa"", ""settlement"": ""Okitipupai 2""}",hfr:eb908024-edc0-43fe-bbd1-848e525596ef,eb908024-edc0-43fe-bbd1-848e525596ef,Erinje Basic Health Center,"{""admin1"": ""Ondo"", ""admin2"": ""Okitipupa"", ""settlement"": ""ODSPUP13""}","{""admin_path"": 0.6, ""distance_km"": 0.0, ""geo"": 1.0, ""name"": 1.0, ""name_tftoken"": 1.0, ""name_type"": 1.0}",,,,
Ondo,xwd:sha256:001f789e4286ad751d5d580715175ac8c92e0a20d1585d1643b9f542185bc738,review,0.6178,0.852,4.64,grid3:d6a4ab17-9fa3-4137-9cd2-79ad365372b7,,Epinmi 2 Basic Health Center,"{""admin1"": ""Ondo"", ""admin2"": ""Akoko South East"", ""settlement"": ""Epinmi 1""}",hfr:bd86e4a1-7f85-4b4b-bf22-145a92fb5561,bd86e4a1-7f85-4b4b-bf22-145a92fb5561,Emurin Epinmi Basic Health Center,"{""admin1"": ""Ondo"", ""admin2"": ""Akoko South East"", ""settlement"": ""ODSASE04""}","{""admin_path"": 0.6, ""distance_km"": 4.64, ""geo"": 0.213, ""name"": 0.852, ""name_tftoken"": 0.595, ""name_type"": 1.0}",,,,
Ondo,xwd:sha256:007aaef74bb365d6f64c9d34c0919a18275e55fc9a475872236cf5327ffa727b,review,0.6688,0.845,0.0,grid3:24d41676-48a1-46a4-b3c7-35b432aae40e,28/14/1/1/1/0031,Ayadi Health Post,"{""admin1"": ""Ondo"", ""admin2"": ""Okitipupa"", ""settlement"": ""Erinje""}",hfr:24d41676-48a1-46a4-b3c7-35b432aae40e,24d41676-48a1-46a4-b3c7-35b432aae40e,Ayadi Holo Basic Health Center,"{""admin1"": ""Ondo"", ""admin2"": ""Okitipupa"", ""settlement"": ""ODSPUP03""}","{""admin_path"": 0.6, ""distance_km"": 0.0, ""geo"": 1.0, ""name"": 0.845, ""name_tftoken"": 0.361, ""name_type"": 0.0}",,,,
Ondo,xwd:sha256:0088bdf60efe11c9c37b4c4bd6a40b48f08720b79816a7addb1bda28c43cfbba,review,0.5686,0.826,1.26,grid3:8e2f07fb-1d52-46b2-bf17-4c5f9d4e58ae,,Aratudin Basic Health Center,"{""admin1"": ""Ondo"", ""admin2"": ""Ile-Oluji/Okeigbo"", ""settlement"": ""Ile-Oluji 1""}",hfr:9fcefd70-4593-4f00-a3a3-59256488cd02,9fcefd70-4593-4f00-a3a3-59256488cd02,Akinjagunla Basic Health Center,"{""admin1"": ""Ondo"", ""admin2"": ""Ile Oluji/Okeigbo"", ""settlement"": ""ODSIOU01""}","{""admin_path"": 0.3, ""distance_km"": 1.26, ""geo"": 0.656, ""name"": 0.826, ""name_tftoken"": 0.402, ""name_type"": 1.0}",,,,
Ondo,xwd:sha256:008b61bd7b5ff409bb327ccf1be989267c3296cbc4759a45f2b52ebc9340ebf2,review,0.6395,0.788,0.0,grid3:d296ae89-fcb1-4316-869b-e28749972466,28/07/1/1/1/0006,Ar 32 Arttillary Medical Center,"{""admin1"": ""Ondo"", ""admin2"": ""Akure South"", ""settlement"": ""Aponmu""}",hfr:d296ae89-fcb1-4316-869b-e28749972466,d296ae89-fcb1-4316-869b-e28749972466,32 Artillery Brigade Medical Center,"{""admin1"": ""Ondo"", ""admin2"": ""Akure South"", ""settlement"": ""ODSAKS02""}","{""admin_path"": 0.6, ""distance_km"": 0.0, ""geo"": 1.0, ""name"": 0.788, ""name_tftoken"": 0.331, ""name_type"": 1.0}",,,,
Ondo,xwd:sha256:009a298f6c8a431aa379c270b3f8962e4cb0a66d509d35dc004133e6ff16cbe6,review,0.633,0.83,1.73,grid3:8302d38e-1abf-47ea-a6c8-33a9472d7c0b,,Ore Basic Health Center,"{""admin1"": ""Ondo"", ""admin2"": ""Idanre"", ""settlement"": ""Owena/Aponmu""}",hfr:31fef548-6acf-44ff-b25b-5428dd906a43,31fef548-6acf-44ff-b25b-5428dd906a43,Owena Basic Health Center,"{""admin1"": ""Ondo"", ""admin2"": ""Idanre"", ""settlement"": ""ODSIDNE10""}","{""admin_path"": 0.6, ""distance_km"": 1.73, ""geo"": 0.561, ""name"": 0.917, ""name_tftoken"": 0.402, ""name_type"": 1.0}",,,,
Ondo,xwd:sha256:00a172b6bcaa437cf7f620cf9f2079640520224eb95d72780cd821d4a1b7f053,review,0.6415,0.848,1.17,grid3:cdd7913a-4b01-4805-a58d-4d45abc2f512,28/12/1/1/1/0001,Ajagba Primary Health Center,"{""admin1"": ""Ondo"", ""admin2"": ""Irele"", ""settlement"": ""Ajagba 1""}",hfr:bf4288f3-697f-4f2e-8a61-033bbe995817,bf4288f3-697f-4f2e-8a61-033bbe995817,Ode Ajagba Model Primary Health Center,"{""admin1"": ""Ondo"", ""admin2"": ""Ese Odo"", ""settlement"": ""ODSESO04""}","{""admin_path"": 0.3, ""distance_km"": 1.17, ""geo"": 0.677, ""name"": 0.848, ""name_tftoken"": 0.588, ""name_type"": 1.0}",,,,
Ondo,xwd:sha256:00b2dc5141ed8a41bb567d4044f6b4f68a77f6706620e902ab6e2877aefba62e,review,0.57,0.86,3.71,grid3:a8811754-3308-4bd1-8b6e-fe990393d466,28/12/1/1/1/0019,Lekon Basic Health Center,"{""admin1"": ""Ondo"", ""admin2"": ""Irele"", ""settlement"": ""Irele 3""}",hfr:760099e9-79ab-4837-b32f-8017f0e180c0,760099e9-79ab-4837-b32f-8017f0e180c0,Lokaka Basic Health Center,"{""admin1"": ""Ondo"", ""admin2"": ""Irele"", ""settlement"": ""ODSIRL08""}","{""admin_path"": 0.6, ""distance_km"": 3.71, ""geo"": 0.29, ""name"": 0.863, ""name_tftoken"": 0.402, ""name_type"": 1.0}",,,,
Ondo,xwd:sha256:00e0518d4b4a9821ff5915ac1dd0d22f02c340bc1fb0a7245e0bd5665ef7e658,review,0.7167,0.933,41.94,grid3:bef60097-07cf-4755-bc43-24ee69faf6c9,,Shekinah Hospital,"{""admin1"": ""Ondo"", ""admin2"": ""Owo"", ""settlement"": ""Ijebu 1""}",hfr:9a238f12-97ac-4da7-b166-7d0e0418d5a5,9a238f12-97ac-4da7-b166-7d0e0418d5a5,Shekinah Hospital,"{""admin1"": ""Ondo"", ""admin2"": ""Akure North"", ""settlement"": ""ODSAKN06""}","{""admin_path"": 0.3, ""distance_km"": 41.94, ""geo"": 0.0, ""geo_conflict_km"": 41.94, ""name"": 1.0, ""name_tftoken"": 1.0, ""name_type"": 1.0}",,,,
Ondo,xwd:sha256:0136a51a6d24d3015ab22be10a73c7e88a4ea1518ffff925b337ebd4b1edd746,review,0.6236,0.846,1.29,grid3:1e339409-2d2e-493b-b764-2f470577f328,28/17/1/1/1/0012,Obanigba Basic Health Center,"{""admin1"": ""Ondo"", ""admin2"": ""Ose"", ""settlement"": ""Ifon 2""}",hfr:e5146243-bdcb-4220-be99-3a8e3ed6de50,e5146243-bdcb-4220-be99-3a8e3ed6de50,Ifon Basic Health Center,"{""admin1"": ""Ondo"", ""admin2"": ""Ose"", ""settlement"": ""ODSOSE06""}","{""admin_path"": 0.6, ""distance_km"": 1.29, ""geo"": 0.651, ""name"": 0.846, ""name_tftoken"": 0.399, ""name_type"": 1.0}",,,,
Ondo,xwd:sha256:014666709b80bd39e07c0cccb48c02f499dd9ff148f41bfa49fe5a07f93c657b,review,0.642,0.825,0.35,grid3:18750a5b-3e2a-4cb8-a5e9-7c837baf9f1f,28/14/1/1/1/0032,Igbotako 2 Primary Health Clinic,"{""admin1"": ""Ondo"", ""admin2"": ""Okitipupa"", ""settlement"": ""Igbotako 2""}",hfr:aeb89a63-8cac-462a-940b-e7ba49bf9bef,aeb89a63-8cac-462a-940b-e7ba49bf9bef,Igbotako Comprehensive Health Center,"{""admin1"": ""Ondo"", ""admin2"": ""Okitipupa"", ""settlement"": ""ODSPUP02""}","{""admin_path"": 0.6, ""distance_km"": 0.35, ""geo"": 0.889, ""name"": 0.825, ""name_tftoken"": 0.356, ""name_type"": 0.0}",,,,
Ondo,xwd:sha256:01845429a419178a283e52ab28a889212be25e7b1993d9b9a59d20766a0aac13,review,0.5788,0.815,70.08,grid3:d8b0bec5-0246-460b-a73f-81eac4e1c79b,28/13/1/1/1/0024,Kajola Express Basic Health Center,"{""admin1"": ""Ondo"", ""admin2"": ""Odigbo"", ""settlement"": ""Oniparaga""}",hfr:959a0257-519c-498b-91b6-e0e0432d9e5d,959a0257-519c-498b-91b6-e0e0432d9e5d,Kajola Basic Health Center,"{""admin1"": ""Ondo"", ""admin2"": ""Ifedore"", ""settlement"": ""ODSIDE06""}","{""admin_path"": 0.3, ""distance_km"": 70.08, ""geo"": 0.0, ""geo_conflict_km"": 70.08, ""name"": 0.884, ""name_tftoken"": 0.703, ""name_type"": 1.0}",,,,
Ondo,xwd:sha256:019eb5b0131dd95b0a1141e19c0c3ac3e6d2ba2e4bfc9292f79390b09e98fa19,review,0.6076,0.835,2.07,grid3:7e31e0f0-36d7-4a2b-9619-565eb8be2634,28/13/1/1/1/0047,Ajue Main Town Primary Health Clinic,"{""admin1"": ""Ondo"", ""admin2"": ""Odigbo"", ""settlement"": ""Ajue""}",hfr:e57d72b7-0fce-46de-b734-a05ebb099387,e57d72b7-0fce-46de-b734-a05ebb099387,Ajue Primary Health Center,"{""admin1"": ""Ondo"", ""admin2"": ""Odigbo"", ""settlement"": ""ODSODI04""}","{""admin_path"": 0.6, ""distance_km"": 2.07, ""geo"": 0.501, ""name"": 0.835, ""name_tftoken"": 0.437, ""name_type"": 0.0}",,,,
Ondo,xwd:sha256:01d5b68df3038c5a3727f280d733eb50400521749686e17409b9b1b6e5777853,review,0.6526,0.919,5.49,grid3:c6584ce5-2bc8-4694-85db-37ff3237bd1b,28/13/1/1/1/0029,Mulekangbo Basic Health Center,"{""admin1"": ""Ondo"", ""admin2"": ""Odigbo"", ""settlement"": ""Agbabu""}",hfr:73a7e6ba-22e6-4816-933d-652826ead8d1,73a7e6ba-22e6-4816-933d-652826ead8d1,Mulekangbo Primary Health Center,"{""admin1"": ""Ondo"", ""admin2"": ""Odigbo"", ""settlement"": ""ODSODI02""}","{""admin_path"": 0.6, ""distance_km"": 5.49, ""geo"": 0.16, ""name"": 0.919, ""name_tftoken"": 0.659, ""name_type"": 1.0}",,,,
Ondo,xwd:sha256:01dc8cedbec8ff01102fe6ee64ab277ac25f796dfc601e9206562e599f24113a,review,0.5994,0.852,0.53,grid3:a55ee618-bc6e-4380-9178-f17cd0bc808d,,Idioma Basic Health Center,"{""admin1"": ""Ondo"", ""admin2"": ""Ile-Oluji/Okeigbo"", ""settlement"": ""Ile-Oluji 2""}",hfr:efe6ecea-a04a-4086-8901-bc1bd45fd37d,efe6ecea-a04a-4086-8901-bc1bd45fd37d,Temidire Basic Health Center,"{""admin1"": ""Ondo"", ""admin2"": ""Ile Oluji/Okeigbo"", ""settlement"": ""ODSIOU04""}","{""admin_path"": 0.3, ""distance_km"": 0.53, ""geo"": 0.837, ""name"": 0.852, ""name_tftoken"": 0.378, ""name_type"": 1.0}",,,,
Ondo,xwd:sha256:0204b9535bc013060eedfdee05f73684d30b70445dfe313eb996bddbb7ef4436,review,0.5817,0.764,0.83,grid3:68bd216d-9f40-4e6f-9181-ee2fe6a5b51e,,Oka Basic Health Center,"{""admin1"": ""Ondo"", ""admin2"": ""Ondo West"", ""settlement"": ""Oka""}",hfr:807443b3-77f2-4864-8131-402a81364024,807443b3-77f2-4864-8131-402a81364024,Ayeyemi Ondo Basic Health Center,"{""admin1"": ""Ondo"", ""admin2"": ""Ondo West"", ""settlement"": ""ODSOWT09""}","{""admin_path"": 0.6, ""distance_km"": 0.83, ""geo"": 0.758, ""name"": 0.764, ""name_tftoken"": 0.302, ""name_type"": 1.0}",,,,
Ondo,xwd:sha256:028c3b209a560cac2e2078e6b10740482c4341e086aeea3ba9b572b53352dcda,review,0.6104,0.826,4.85,grid3:9b01c70e-b4e2-4cb2-a1fc-6fc22380e87d,28/06/1/1/1/0022,Oke Iju Basic Health Center,"{""admin1"": ""Ondo"", ""admin2"": ""Akure North"", ""settlement"": ""Oke-Iju""}",hfr:c9b47f3c-e7b8-46c1-9d37-641756f06f99,c9b47f3c-e7b8-46c1-9d37-641756f06f99,Oke Afa Basic Health Center,"{""admin1"": ""Ondo"", ""admin2"": ""Akure North"", ""settlement"": ""ODSAKN09""}","{""admin_path"": 0.6, ""distance_km"": 4.85, ""geo"": 0.198, ""name"": 0.922, ""name_tftoken"": 0.51, ""name_type"": 1.0}",,,,
Ondo,xwd:sha256:02a92f9ed2b1ad881c939ea56f5473978d10a3b9bcbf09fbd48e76040d504e86,review,0.6262,0.845,4.13,grid3:234e4b37-9a89-45a6-9d3d-84c5f6301a63,,Owo Comprehensive Health Center,"{""admin1"": ""Ondo"", ""admin2"": ""Owo"", ""settlement"": ""Iyere""}",hfr:33218d96-78cd-4464-9e64-7fe82d876cc7,33218d96-78cd-4464-9e64-7fe82d876cc7,Owo Primary Health Center,"{""admin1"": ""Ondo"", ""admin2"": ""Owo"", ""settlement"": ""ODSOWO04""}","{""admin_path"": 0.6, ""distance_km"": 4.13, ""geo"": 0.252, ""name"": 0.845, ""name_tftoken"": 0.607, ""name_type"": 1.0}",,,,
Ondo,xwd:sha256:03201ab90b192795bfaf5f7a1521a342c775deba03c2107907c6a35127eb05d2,review,0.5687,0.856,2.29,grid3:8369b5d2-d083-4733-b6be-5c2faa33a0ad,,Ilepa 1 Basic Health Center,"{""admin1"": ""Ondo"", ""admin2"": ""Akoko North East"", ""settlement"": ""Ilepa 1""}",hfr:a19d6ac1-66bd-424a-bed3-f00f7b3d18cf,a19d6ac1-66bd-424a-bed3-f00f7b3d18cf,Ekanile Basic Health Center,"{""admin1"": ""Ondo"", ""admin2"": ""Akoko North East"", ""settlement"": ""ODSANE01""}","{""admin_path"": 0.6, ""distance_km"": 2.29, ""geo"": 0.466, ""name"": 0.856, ""name_tftoken"": 0.317, ""name_type"": 1.0}",,,,
Ondo,xwd:sha256:0380b3a6254ef4f6a944b036e02394a1ca21f0e3c8cfb6241008380e6247952d,review,0.5508,0.794,1.86,grid3:e8f10ccb-fdb8-4e33-ac04-418f51671e6d,,Okelisa Okedoko Basic Health Center,"{""admin1"": ""Ondo"", ""admin2"": ""Ondo West"", ""settlement"": ""Okelisa / Okedoko""}",hfr:a5581796-227a-4997-ad38-28fcb39700f8,a5581796-227a-4997-ad38-28fcb39700f8,Obunkeko Basic Health Center,"{""admin1"": ""Ondo"", ""admin2"": ""Ondo West"", ""settlement"": ""ODSOWT11""}","{""admin_path"": 0.6, ""distance_km"": 1.86, ""geo"": 0.539, ""name"": 0.794, ""name_tftoken"": 0.289, ""name_type"": 1.0}",,,,
Ondo,xwd:sha256:03a8c15b697f394d59d4116e1d3fdda6af1f766b23492ba349394226c6c0496e,review,0.6174,0.892,70.86,grid3:db02e26e-3ae3-4e02-b942-0f7489d7f08c,29/03/1/1/1/0047,Temidire Primary Health Center,"{""admin1"": ""Ondo"", ""admin2"": ""Atakumosa East"", ""settlement"": ""Eti-Oni""}",hfr:7ef68171-a423-4bfb-968d-f9f6b49f5fdb,7ef68171-a423-4bfb-968d-f9f6b49f5fdb,Temidire Health Center,"{""admin1"": ""Ondo"", ""admin2"": ""Odigbo"", ""settlement"": ""ODSODI09""}","{""admin_path"": 0.3, ""distance_km"": 70.86, ""geo"": 0.0, ""geo_conflict_km"": 70.86, ""name"": 0.892, ""name_tftoken"": 0.81, ""name_type"": 1.0}",,,,
Ondo,xwd:sha256:03beb7a6c77cc19fdd09f510ca2302468b2fc7b4e4ed12378937447fb5c2b19e,review,0.6208,0.83,2.71,grid3:e5146243-bdcb-4220-be99-3a8e3ed6de50,28/17/1/1/2/0021,Doctors Ifon Hospital and Maternity Home,"{""admin1"": ""Ondo"", ""admin2"": ""Ose"", ""settlement"": ""Ifon 2""}",hfr:b16f92b2-e74b-4bc1-885f-9074c693051a,b16f92b2-e74b-4bc1-885f-9074c693051a,Doctors Specialist Hospital and Maternity,"{""admin1"": ""Ondo"", ""admin2"": ""Ose"", ""settlement"": ""ODSOSE05""}","{""admin_path"": 0.6, ""distance_km"": 2.71, ""geo"": 0.406, ""name"": 0.853, ""name_tftoken"": 0.506, ""name_type"": 0.0}",,,,
Ondo,xwd:sha256:03ecc4b0270ab37842b0376406b1ac586f36a529b8b1f4cf577d3b0cd1f2344d,review,0.6424,0.833,0.61,grid3:2e99f57d-0086-4925-bec5-c877cc478c65,28/07/1/1/1/0039,Aponmu Primary Health Clinic,"{""admin1"": ""Ondo"", ""admin2"": ""Akure South"", ""settlement"": ""Aponmu""}",hfr:a3075631-b5f3-4980-af77-e747ce03f63f,a3075631-b5f3-4980-af77-e747ce03f63f,Aponmu Health Center,"{""admin1"": ""Ondo"", ""admin2"": ""Idanre"", ""settlement"": ""ODSIDNE10""}","{""admin_path"": 0.3, ""distance_km"": 0.61, ""geo"": 0.816, ""name"": 0.833, ""name_tftoken"": 0.536, ""name_type"": 0.0}",,,,
Ondo,xwd:sha256:0427d8bd89845a070afebed6403b5eb516eb59c5706402ca67b845be800a4b44,review,0.6822,0.815,0.24,grid3:cdd7913a-4b01-4805-a58d-4d45abc2f512,28/12/1/1/1/0001,Ajagba Primary Health Center,"{""admin1"": ""Ondo"", ""admin2"": ""Irele"", ""settlement"": ""Ajagba 1""}",hfr:fb72f90b-2b01-4002-a97b-77b2e0ae08ac,fb72f90b-2b01-4002-a97b-77b2e0ae08ac,Model Health Center Ajagba,"{""admin1"": ""Ondo"", ""admin2"": ""Ese Odo"", ""settlement"": ""ODSESO04""}","{""admin_path"": 0.3, ""distance_km"": 0.24, ""geo"": 0.924, ""name"": 0.815, ""name_tftoken"": 0.62, ""name_type"": 1.0}",,,,
Ondo,xwd:sha256:0499f9e6ca518f5d1946de5fd2973c4495a05e47fb302dd2db0ff7ac809b42e8,review,0.5554,0.797,111.58,grid3:68bd216d-9f40-4e6f-9181-ee2fe6a5b51e,,Oka Basic Health Center,"{""admin1"": ""Ondo"", ""admin2"": ""Ondo West"", ""settlement"": ""Oka""}",hfr:c8d0af95-3ff7-4f62-9cfd-a597299b4aaf,c8d0af95-3ff7-4f62-9cfd-a597299b4aaf,Oka Primary Health Center,"{""admin1"": ""Ondo"", ""admin2"": ""Akoko South West"", ""settlement"": ""ODSASW11""}","{""admin_path"": 0.3, ""distance_km"": 111.58, ""geo"": 0.0, ""geo_conflict_km"": 111.58, ""name"": 0.884, ""name_tftoken"": 0.632, ""name_type"": 1.0}",,,,
Ondo,xwd:sha256:049e1b91b00815dd07f04e0e0ed13b5feb0f3edea594dd4f8b445eb767413161,review,0.5821,0.724,0.42,grid3:15a26a1c-1c23-4e62-945e-9d98383b0599,28/07/1/2/2/0006,First Mercy Hospital Specialist,"{""admin1"": ""Ondo"", ""admin2"": ""Akure South"", ""settlement"": ""Gbogi/Isikan 1""}",hfr:c5fe7ee5-227b-4965-b968-7358227c2d3e,c5fe7ee5-227b-4965-b968-7358227c2d3e,Olusuen Specialist Hospital,"{""admin1"": ""Ondo"", ""admin2"": ""Akure South"", ""settlement"": ""ODSAKS02""}","{""admin_path"": 0.6, ""distance_km"": 0.42, ""geo"": 0.87, ""name"": 0.724, ""name_tftoken"": 0.287, ""name_type"": 1.0}",,,,
Ondo,xwd:sha256:04abeb05f08237842b53a165153a50bed580566042dbe640fc1eadec127a7096,review,0.5751,0.826,27.46,grid3:701962cc-47a3-44d2-9039-0b95884dea10,,Oke Iju Basic Health Center,"{""admin1"": ""Ondo"", ""admin2"": ""Akure North"", ""settlement"": ""Moferere""}",hfr:a30f380c-921b-492e-9608-72a79d56caca,a30f380c-921b-492e-9608-72a79d56caca,Oke Agunla Basic Health Center,"{""admin1"": ""Ondo"", ""admin2"": ""Akure North"", ""settlement"": ""ODSAKN08""}","{""admin_path"": 0.6, ""distance_km"": 27.46, ""geo"": 0.0, ""geo_conflict_km"": 27.46, ""name"": 0.912, ""name_tftoken"": 0.514, ""name_type"": 1.0}",,,,
Ondo,xwd:sha256:04ad8d1457e58ddcdc02ce849e15620a352ab46ffcf741cb08b7fd5c600f13d4,review,0.5792,0.797,0.96,grid3:0bf4a13b-8e57-4ed9-ba95-f2737935a20d,28/16/1/1/1/0031,Maroko Basic Health Clinic,"{""admin1"": ""Ondo"", ""admin2"": ""Ondo West"", ""settlement"": ""Maroko""}",hfr:68bd216d-9f40-4e6f-9181-ee2fe6a5b51e,68bd216d-9f40-4e6f-9181-ee2fe6a5b51e,Oka Basic Health Center,"{""admin1"": ""Ondo"", ""admin2"": ""Ondo West"", ""settlement"": ""ODSOWT09""}","{""admin_path"": 0.6, ""distance_km"": 0.96, ""geo"": 0.727, ""name"": 0.835, ""name_tftoken"": 0.239, ""name_type"": 0.0}",,,,
Ondo,xwd:sha256:05200b3977838875e899cbbc327261b5a4d636ee329852150e444eb8b8f6b7ad,review,0.6001,0.64,0.32,grid3:d9229239-ec52-4b70-8c6a-9a44738c6c5b,28/04/1/1/1/0016,Ikun Primary Health Clinic,"{""admin1"": ""Ondo"", ""admin2"": ""Akoko South West"", ""settlement"": ""Ikun""}",hfr:bd78b39f-d558-42d2-817a-19a492a66e10,bd78b39f-d558-42d2-817a-19a492a66e10,Model Health Center Ikun,"{""admin1"": ""Ondo"", ""admin2"": ""Akoko South West"", ""settlement"": ""ODSASW08""}","{""admin_path"": 0.6, ""distance_km"": 0.32, ""geo"": 0.899, ""name"": 0.64, ""name_tftoken"": 0.411, ""name_type"": 0.0}",,,,
Ondo,xwd:sha256:052aaf93e2fc961a5206bd3ab14598fb95838c98f8fd297a538b7f7cf3dcaf34,review,0.6056,0.904,115.79,grid3:2e5af348-084f-4286-9b6d-d30a104b9abf,28/03/1/1/2/0021,Temitope Medical Clinic,"{""admin1"": ""Ondo"", ""admin2"": ""Akoko South East"", ""settlement"": ""Isua 2""}",hfr:282eed90-0dbb-4478-b054-ce19e3aa42f7,282eed90-0dbb-4478-b054-ce19e3aa42f7,Temitope Clinic,"{""admin1"": ""Ondo"", ""admin2"": ""Ile Oluji/Okeigbo"", ""settlement"": ""ODSIOU03""}","{""admin_path"": 0.3, ""distance_km"": 115.79, ""geo"": 0.0, ""geo_conflict_km"": 115.79, ""name"": 0.904, ""name_tftoken"": 0.763, ""name_type"": 1.0}",,,,
Ondo,xwd:sha256:054ecbf5475b75e0ee6f9907941131aa23d30967aa1c33e0dac8b50b41110d7d,review,0.5791,0.856,66.46,grid3:4c76a8f3-bcda-4ab3-908a-90513f483443,,Ayetoro Basic Health Center,"{""admin1"": ""Ondo"", ""admin2"": ""Ondo West"", ""settlement"": ""Laje""}",hfr:be585afb-7d66-4922-8069-2a557022e8b9,be585afb-7d66-4922-8069-2a557022e8b9,Ayetoro Ijare Basic Health Center,"{""admin1"": ""Ondo"", ""admin2"": ""Ifedore"", ""settlement"": ""ODSIDE04""}","{""admin_path"": 0.3, ""distance_km"": 66.46, ""geo"": 0.0, ""geo_conflict_km"": 66.46, ""name"": 0.9, ""name_tftoken"": 0.687, ""name_type"": 1.0}",,,,
Ondo,xwd:sha256:05b695d78bc6f6587f25eababd4c8070f326a74925ab4fb9885cf0d4af0c33cf,review,0.6966,0.892,0.29,grid3:e03556aa-4f31-4ad4-a646-f12dc871466b,28/06/1/1/1/0012,Imafon Primary Health Clinic,"{""admin1"": ""Ondo"", ""admin2"": ""Akure North"", ""settlement"": ""Igbatoro""}",hfr:d1acf81d-e522-48be-8aed-9bd567926c6a,d1acf81d-e522-48be-8aed-9bd567926c6a,Imafon Basic Health Center,"{""admin1"": ""Ondo"", ""admin2"": ""Akure North"", ""settlement"": ""ODSAKN02""}","{""admin_path"": 0.6, ""distance_km"": 0.29, ""geo"": 0.909, ""name"": 0.892, ""name_tftoken"": 0.443, ""name_type"": 0.0}",,,,
Ondo,xwd:sha256:060898ae64a0fc47f52bdb431adda0b3700dfb5be898770d090ce44006eff3c5,review,0.5886,0.75,1.22,grid3:48c90ca9-12c7-464d-b310-51db1dfd2320,28/09/1/1/1/0025,Mobaredele Basic Health Center,"{""admin1"": ""Ondo"", ""admin2"": ""Idanre"", ""settlement"": ""Isalu Jigbokin""}",hfr:dba54ac9-4d1b-4eb3-b8c6-11437c496680,dba54ac9-4d1b-4eb3-b8c6-11437c496680,Janiyi Basic Health Center,"{""admin1"": ""Ondo"", ""admin2"": ""Idanre"", ""settlement"": ""ODSIDNE08""}","{""admin_path"": 0.6, ""distance_km"": 1.22, ""geo"": 0.665, ""name"": 0.75, ""name_tftoken"": 0.383, ""name_type"": 1.0}",,,,
Ondo,xwd:sha256:0630e92021515c76ef9c35fdad0498a574011333440835bd05a6b624c8d0c832,review,0.6294,0.83,0.45,grid3:b888577b-7c16-4671-af5b-3acd588d0a09,,Owo Basic Health Center,"{""admin1"": ""Ondo"", ""admin2"": ""Owo"", ""settlement"": ""Igboroko 1""}",hfr:8c140a3b-771f-4829-9fba-c59b50b7b722,8c140a3b-771f-4829-9fba-c59b50b7b722,Igboroko 1 Basic Health Center,"{""admin1"": ""Ondo"", ""admin2"": ""Owo"", ""settlement"": ""ODSOWO05""}","{""admin_path"": 0.6, ""distance_km"": 0.45, ""geo"": 0.86, ""name"": 0.83, ""name_tftoken"": 0.328, ""name_type"": 1.0}",,,,
Ondo,xwd:sha256:063861a828eb153c34ec07e72f5f08e44114fc25aec0b961c8e521d4772bb9ed,review,0.5568,0.797,0.0,grid3:4b913405-1402-4aff-ae46-21260efc3715,28/06/1/1/1/0018,Odegede Health Post,"{""admin1"": ""Ondo"", ""admin2"": ""Akure North"", ""settlement"": ""Isimija""}",hfr:4b913405-1402-4aff-ae46-21260efc3715,4b913405-1402-4aff-ae46-21260efc3715,Ode Igede Basic Health Center,"{""admin1"": ""Ondo"", ""admin2"": ""Akure North"", ""settlement"": ""ODSAKN04""}","{""admin_path"": 0.6, ""distance_km"": 0.0, ""geo"": 1.0, ""name"": 0.797, ""name_tftoken"": 0.074, ""name_type"": 0.0}",,,,
Ondo,xwd:sha256:067fc917b4a196d5412cbf0f503edffc8e0d6b3304b6a0935aa756130dc6ddc1,review,0.691,0.83,0.0,grid3:a60bffb2-a706-4e48-aadf-2a0ce49a1aa6,28/08/1/1/1/0027,Oboro Primary Health Clinic,"{""admin1"": ""Ondo"", ""admin2"": ""Ese Odo"", ""settlement"": ""Apoi 3""}",hfr:a60bffb2-a706-4e48-aadf-2a0ce49a1aa6,a60bffb2-a706-4e48-aadf-2a0ce49a1aa6,Oboro Basic Health Center,"{""admin1"": ""Ondo"", ""admin2"": ""Ese Odo"", ""settlement"": ""ODSESO03""}","{""admin_path"": 0.6, ""distance_km"": 0.0, ""geo"": 1.0, ""name"": 0.83, ""name_tftoken"": 0.443, ""name_type"": 0.0}",,,,
Ondo,xwd:sha256:06a46a39f07eb980b86b04da29d49a56c56fda2c91def213792a94d71ddb84e3,review,0.6148,0.841,4.83,grid3:b439277b-6df8-4ce1-a8de-42f09dcc5f42,,Oro Health Center,"{""admin1"": ""Ondo"", ""admin2"": ""Odigbo"", ""settlement"": ""Ajue""}",hfr:cab63d5c-8aa1-42ce-a30a-66f97f5ffb32,cab63d5c-8aa1-42ce-a30a-66f97f5ffb32,Oro Basic Center,"{""admin1"": ""Ondo"", ""admin2"": ""Odigbo"", ""settlement"": ""ODSODI04""}","{""admin_path"": 0.6, ""distance_km"": 4.83, ""geo"": 0.2, ""name"": 0.841, ""name_tftoken"": 0.603}",,,,
Ondo,xwd:sha256:06c4b3af5dbc6116d1d9cefcf7eae3643c6b5c907a6d43cdfb3fa3c08ee60bc2,review,0.5547,0.803,12.09,grid3:176ade40-9337-43a2-966d-3f17cba1fa81,28/06/1/1/1/0005,Oba'S Palace Basic Health Center,"{""admin1"": ""Ondo"", ""admin2"": ""Akure North"", ""settlement"": ""Odo Oja""}",hfr:987c21e5-0b22-4855-8ab0-b9ea5f5dfefe,987c21e5-0b22-4855-8ab0-b9ea5f5dfefe,Oba Ile Basic Health Center,"{""admin1"": ""Ondo"", ""admin2"": ""Akure North"", ""settlement"": ""ODSAKN06""}","{""admin_path"": 0.6, ""distance_km"": 12.09, ""geo"": 0.018, ""geo_conflict_km"": 12.09, ""name"": 0.867, ""name_tftoken"": 0.488, ""name_type"": 1.0}",,,,
Ondo,xwd:sha256:071f63ab371ea451375bd776d7c4c7fcb5afdc91b31a9197596602df531e0ace,review,0.5675,0.869,3.39,grid3:2a28945f-60b2-4706-b54c-b1eec322aa86,,Atijere Basic Health Center,"{""admin1"": ""Ondo"", ""admin2"": ""Okitipupa"", ""settlement"": ""Ayeka""}",hfr:f880e447-0a0d-4b10-b712-2e07b4b56ce2,f880e447-0a0d-4b10-b712-2e07b4b56ce2,Odeaye Basic Health Center,"{""admin1"": ""Ondo"", ""admin2"": ""Okitipupa"", ""settlement"": ""ODSPUP13""}","{""admin_path"": 0.6, ""distance_km"": 3.39, ""geo"": 0.323, ""name"": 0.869, ""name_tftoken"": 0.372, ""name_type"": 1.0}",,,,
Ondo,xwd:sha256:075b6b94534e4a4fa78f9e630addea7a27df3e851187745662b530c4c483b32a,review,0.5769,0.8,2.05,grid3:fbfc227f-3729-4197-b37b-90872363114a,28/09/1/1/1/0014,Isalu Basic Health Center,"{""admin1"": ""Ondo"", ""admin2"": ""Idanre"", ""settlement"": ""Idale/Logbosere""}",hfr:da51c375-4d4a-4c9d-8396-3b820b103626,da51c375-4d4a-4c9d-8396-3b820b103626,Odode Basic Health Center,"{""admin1"": ""Ondo"", ""admin2"": ""Idanre"", ""settlement"": ""ODSIDNE04""}","{""admin_path"": 0.6, ""distance_km"": 2.05, ""geo"": 0.505, ""name"": 0.8, ""name_tftoken"": 0.378, ""name_type"": 1.0}",,,,
Ondo,xwd:sha256:076f08b4462ee2c90e8c91297506e1f9d3ee84c4428c5e443eff228385d0d0fb,review,0.5794,0.84,1.77,grid3:8369b5d2-d083-4733-b6be-5c2faa33a0ad,,Ilepa 1 Basic Health Center,"{""admin1"": ""Ondo"", ""admin2"": ""Akoko North East"", ""settlement"": ""Ilepa 1""}",hfr:eb1c4e11-8cea-4182-bb9c-cb6cb3f5fcc9,eb1c4e11-8cea-4182-bb9c-cb6cb3f5fcc9,Iku Basic Health Center,"{""admin1"": ""Ondo"", ""admin2"": ""Akoko North East"", ""settlement"": ""ODSANE09""}","{""admin_path"": 0.6, ""distance_km"": 1.77, ""geo"": 0.555, ""name"": 0.84, ""name_tftoken"": 0.321, ""name_type"": 1.0}",,,,
Ondo,xwd:sha256:077af0b6c48976f2de881ff514ce084af6d145fc41739138c4a0d6b3cb7a3ba1,review,0.6228,0.837,0.0,grid3:3762fc65-7438-4dd2-abbf-769d7e6c0690,28/07/1/2/1/0002,Futa Hospital Specialist,"{""admin1"": ""Ondo"", ""admin2"": ""Akure South"", ""settlement"": ""Gbogi/Isikan 2""}",hfr:3762fc65-7438-4dd2-abbf-769d7e6c0690,3762fc65-7438-4dd2-abbf-769d7e6c0690,Futa Health Center,"{""admin1"": ""Ondo"", ""admin2"": ""Ifedore"", ""settlement"": ""ODSIDE06""}","{""admin_path"": 0.3, ""distance_km"": 0.0, ""geo"": 1.0, ""name"": 0.837, ""name_tftoken"": 0.381, ""name_type"": 0.0}",,,,
Ondo,xwd:sha256:078bd00ccbd126e5e8c154ef82f5d4e3cf55da75f07a0a225a8acabd7975cebd,review,0.7103,0.742,0.0,grid3:7657a9f1-1005-4e2c-a08c-1a594a858911,28/14/1/1/2/0002,Family Support Programme Centre (Okitipupa),"{""admin1"": ""Ondo"", ""admin2"": ""Okitipupa"", ""settlement"": ""Okitipupai 1""}",hfr:7657a9f1-1005-4e2c-a08c-1a594a858911,7657a9f1-1005-4e2c-a08c-1a594a858911,Okitipupa Family Support Programme Market Based Clinic,"{""admin1"": ""Ondo"", ""admin2"": ""Okitipupa"", ""settlement"": ""ODSPUP12""}","{""admin_path"": 0.6, ""distance_km"": 0.0, ""geo"": 1.0, ""name"": 0.742, ""name_tftoken"": 0.589}",,,,
Ondo,xwd:sha256:07add55d2fc31387822cb2dcd920c9c86e319d6a5fb26f2194460f3d36593888,review,0.5514,0.801,2.4,grid3:ec5d0964-0010-44bc-9619-b8431caf46f2,,Ayetoro Basic Health Center,"{""admin1"": ""Ondo"", ""admin2"": ""Akure North"", ""settlement"": ""Ayetoro""}",hfr:701962cc-47a3-44d2-9039-0b95884dea10,701962cc-47a3-44d2-9039-0b95884dea10,Oke Iju Basic Health Center,"{""admin1"": ""Ondo"", ""admin2"": ""Akure North"", ""settlement"": ""ODSAKN05""}","{""admin_path"": 0.6, ""distance_km"": 2.4, ""geo"": 0.449, ""name"": 0.801, ""name_tftoken"": 0.329, ""name_type"": 1.0}",,,,
Ondo,xwd:sha256:07b2d87134790f40ff993cf9ac95406e4656ebbb784ff5b312ee187e8aeac5b4,review,0.5749,0.807,0.89,grid3:efe6ecea-a04a-4086-8901-bc1bd45fd37d,28/01/1/1/1/0036,Temidire Basic Health Center,"{""admin1"": ""Ondo"", ""admin2"": ""Ile-Oluji/Okeigbo"", ""settlement"": ""Ile-Oluji 4""}",hfr:ad8b5624-2057-4428-aabe-3336b9a7e346,ad8b5624-2057-4428-aabe-3336b9a7e346,Ojaidioma Basic Health Center,"{""admin1"": ""Ondo"", ""admin2"": ""Ile Oluji/Okeigbo"", ""settlement"": ""ODSIOU03""}","{""admin_path"": 0.3, ""distance_km"": 0.89, ""geo"": 0.744, ""name"": 0.807, ""name_tftoken"": 0.396, ""name_type"": 1.0}",,,,
Ondo,xwd:sha256:08068f73eaa857bcc5b554592fcaf28d33b10ae04f2deba97f6a6fbccfa49343,review,0.5671,0.856,147.05,grid3:be585afb-7d66-4922-8069-2a557022e8b9,28/10/1/1/1/0003,Ayetoro Primary Health Center,"{""admin1"": ""Ondo"", ""admin2"": ""Ifedore"", ""settlement"": ""Ijare 1""}",hfr:6c812579-99dc-4aa9-a0ee-a009f04e80d2,6c812579-99dc-4aa9-a0ee-a009f04e80d2,Ayetoro Basic Health Center,"{""admin1"": ""Ondo"", ""admin2"": ""Ilaje"", ""settlement"": ""ODSIAE07""}","{""admin_path"": 0.3, ""distance_km"": 147.05, ""geo"": 0.0, ""geo_conflict_km"": 147.05, ""name"": 0.91, ""name_tftoken"": 0.641, ""name_type"": 1.0}",,,,
Ondo,xwd:sha256:0818ba434e84718bd734f4a91b71309d0afbb451544ac109f6e33299eadf59ee,review,0.6959,0.824,0.0,grid3:b70a5bd2-8305-47fc-bb29-84e07f70d723,28/11/1/1/1/0002,Abetobo Primary Health Center,"{""admin1"": ""Ondo"", ""admin2"": ""Ilaje"", ""settlement"": ""Ugbo 1""}",hfr:b70a5bd2-8305-47fc-bb29-84e07f70d723,b70a5bd2-8305-47fc-bb29-84e07f70d723,Mhealth Center Abetobo,"{""admin1"": ""Ondo"", ""admin2"": ""Ilaje"", ""settlement"": ""ODSIAE12""}","{""admin_path"": 0.6, ""distance_km"": 0.0, ""geo"": 1.0, ""name"": 0.824, ""name_tftoken"": 0.464}",,,,
Ondo,xwd:sha256:0833684852db779f5121fe73ccd00871d2ad2d174cfda97befc96a69a6eec27c,review,0.5749,0.86,2.73,grid3:d0bd9cd7-de8e-4c89-9792-9d242afdcfd4,,Idiro Basic Health Center,"{""admin1"": ""Ondo"", ""admin2"": ""Ile-Oluji/Okeigbo"", ""settlement"": ""Oke-Igbo 1""}",hfr:bf61a703-0e7c-4905-9dac-9dba50d35550,bf61a703-0e7c-4905-9dac-9dba50d35550,Idiroko Basic Health Center,"{""admin1"": ""Ondo"", ""admin2"": ""Ile Oluji/Okeigbo"", ""settlement"": ""ODSIOU09""}","{""admin_path"": 0.3, ""distance_km"": 2.73, ""geo"": 0.402, ""name"": 0.985, ""name_tftoken"": 0.388, ""name_type"": 1.0}",,,,
Ondo,xwd:sha256:08529f7ade9d59091d2c3fe02f5f6bd215a60d99a9ab0511121cc6b0136476b1,review,0.5891,0.86,0.0,grid3:e4f659e0-9569-4daf-91bc-1e1035ec6856,28/08/1/1/1/0035,Okaminiwei Primary Health Clinic,"{""admin1"": ""Ondo"", ""admin2"": ""Ese Odo"", ""settlement"": ""Arogbo 3""}",hfr:e4f659e0-9569-4daf-91bc-1e1035ec6856,e4f659e0-9569-4daf-91bc-1e1035ec6856,Okanimiwei Basic Health Center,"{""admin1"": ""Ondo"", ""admin2"": ""Ese Odo"", ""settlement"": ""ODSESO08""}","{""admin_path"": 0.6, ""distance_km"": 0.0, ""geo"": 1.0, ""name"": 0.882, ""name_tftoken"": 0.085, ""name_type"": 0.0}",,,,
Ondo,xwd:sha256:085d2c1c39b33b0997adb1cf44a64d184d0cb54d37ab62503bac4ec13f56b7a2,review,0.5743,0.767,0.95,grid3:0e77c25f-f7d9-489c-b4b8-dfcf81ef8ba7,28/06/1/1/1/0030,Itaogbolu Basic Health Center,"{""admin1"": ""Ondo"", ""admin2"": ""Akure North"", ""settlement"": ""Odo Oja""}",hfr:176ade40-9337-43a2-966d-3f17cba1fa81,176ade40-9337-43a2-966d-3f17cba1fa81,Obas Palace Basic Health Center,"{""admin1"": ""Ondo"", ""admin2"": ""Akure North"", ""settlement"": ""ODSAKN01""}","{""admin_path"": 0.6, ""distance_km"": 0.95, ""geo"": 0.729, ""name"": 0.767, ""name_tftoken"": 0.292, ""name_type"": 1.0}",,,,
Ondo,xwd:sha256:088e5d61f6a6ea0f5114353e9a0307dea49c22117e2b6c30c86a538604d98f61,review,0.5583,0.744,0.81,grid3:61887aef-fbaf-4dab-a391-77a12b853947,,Ifon Ward 6 Basic Health Center,"{""admin1"": ""Ondo"", ""admin2"": ""Ose"", ""settlement"": ""Ifon 2""}",hfr:73923cf0-7827-41b4-a31c-d7a2a03e41fc,73923cf0-7827-41b4-a31c-d7a2a03e41fc,Familugba Basic Health Center,"{""admin1"": ""Ondo"", ""admin2"": ""Ose"", ""settlement"": ""ODSOSE06""}","{""admin_path"": 0.6, ""distance_km"": 0.81, ""geo"": 0.763, ""name"": 0.744, ""name_tftoken"": 0.25, ""name_type"": 1.0}",,,,
Ondo,xwd:sha256:08d648deff7183c69f38d746310c3604f0672c7ad3f81bd53a6b9e6fde09f30c,review,0.6023,0.75,0.13,grid3:15a26a1c-1c23-4e62-945e-9d98383b0599,28/07/1/2/2/0006,First Mercy Hospital Specialist,"{""admin1"": ""Ondo"", ""admin2"": ""Akure South"", ""settlement"": ""Gbogi/Isikan 1""}",hfr:ee6d39ef-9d4d-47cd-aef7-336b5c6da56e,ee6d39ef-9d4d-47cd-aef7-336b5c6da56e,Fujah Specialist Hospital,"{""admin1"": ""Ondo"", ""admin2"": ""Akure South"", ""settlement"": ""ODSAKS03""}","{""admin_path"": 0.6, ""distance_km"": 0.13, ""geo"": 0.957, ""name"": 0.75, ""name_tftoken"": 0.279, ""name_type"": 1.0}",,,,
Ondo,xwd:sha256:0937b311340d75eab8636916741601e38278326ed7dfd6a3f1fe8c01618a0b05,review,0.5694,0.786,1.54,grid3:44653b65-be0e-4704-b792-93d59c2206d5,,Temidayo Specialist Hospital,"{""admin1"": ""Ondo"", ""admin2"": ""Akure South"", ""settlement"": ""Gbogi/Isikan 2""}",hfr:62134cd8-b818-4229-9983-591a689c176d,62134cd8-b818-4229-9983-591a689c176d,Momaak Specialist Hospital,"{""admin1"": ""Ondo"", ""admin2"": ""Akure South"", ""settlement"": ""ODSAKS03""}","{""admin_path"": 0.6, ""distance_km"": 1.54, ""geo"": 0.598, ""name"": 0.786, ""name_tftoken"": 0.323, ""name_type"": 1.0}",,,,
Ondo,xwd:sha256:09574c89d41b4e86a690ccac1e1e9d0983fdcc0281f5b25037a396f68713a705,review,0.5583,0.823,0.58,grid3:4489079f-b231-4c21-968e-8a1fd1f0373c,28/09/1/1/1/0005,Ala Elefosan Primary Health Clinic,"{""admin1"": ""Ondo"", ""admin2"": ""Idanre"", ""settlement"": ""Ala Elefosan""}",hfr:06e426a6-75d6-4350-9a4b-8ee986097957,06e426a6-75d6-4350-9a4b-8ee986097957,Ala Igbatoro Comprensive Healt Center,"{""admin1"": ""Ondo"", ""admin2"": ""Idanre"", ""settlement"": ""ODSIDNE02""}","{""admin_path"": 0.6, ""distance_km"": 0.58, ""geo"": 0.824, ""name"": 0.823, ""name_tftoken"": 0.14}",,,,
Ondo,xwd:sha256:098d43703ee13b964830e3dceff0577b0dc4ff8e4828f0f8a78a617d3c831409,review,0.5904,0.849,61.11,grid3:f9c029a9-b294-4eaa-b6ab-6fd3ac5e6b17,28/02/1/2/2/0002,Adeyemi Memorial Ikare Hospital,"{""admin1"": ""Ondo"", ""admin2"": ""Akoko North East"", ""settlement"": ""Isowopo 1""}",hfr:89d09392-a143-4e49-9f19-ec7a1aefafca,89d09392-a143-4e49-9f19-ec7a1aefafca,Adeyemi Memorial Hospital,"{""admin1"": ""Ondo"", ""admin2"": ""Akure North"", ""settlement"": ""ODSAKN05""}","{""admin_path"": 0.3, ""distance_km"": 61.11, ""geo"": 0.0, ""geo_conflict_km"": 61.11, ""name"": 0.937, ""name_tftoken"": 0.684, ""name_type"": 1.0}",,,,
Ondo,xwd:sha256:09bba5fb21ddc46d25afc6ab3053fdb25a4e8303c07262dba2c4f5941669a053,review,0.6647,0.86,0.46,grid3:73923cf0-7827-41b4-a31c-d7a2a03e41fc,,Familugba Basic Health Center,"{""admin1"": ""Ondo"", ""admin2"": ""Ose"", ""settlement"": ""Ifon 2""}",hfr:1e339409-2d2e-493b-b764-2f470577f328,1e339409-2d2e-493b-b764-2f470577f328,Obanigba Basic Health Center,"{""admin1"": ""Ondo"", ""admin2"": ""Ose"", ""settlement"": ""ODSOSE06""}","{""admin_path"": 0.6, ""distance_km"": 0.46, ""geo"": 0.859, ""name"": 0.878, ""name_tftoken"": 0.386, ""name_type"": 1.0}",,,,
Ondo,xwd:sha256:0a35cf294e85b1501d7fc32e71d90f30f8b0adf10553070ea9246915a4166899,review,0.6852,0.822,0.0,grid3:2084693e-3d42-439b-8bdb-e074ebfe7550,28/07/1/1/1/0015,Gaga Primary Health Clinic,"{""admin1"": ""Ondo"", ""admin2"": ""Akure South"", ""settlement"": ""Oke-Aro""}",hfr:2084693e-3d42-439b-8bdb-e074ebfe7550,2084693e-3d42-439b-8bdb-e074ebfe7550,Gaga Basic Health Center,"{""admin1"": ""Ondo"", ""admin2"": ""Akure South"", ""settlement"": ""ODSAKS09""}","{""admin_path"": 0.6, ""distance_km"": 0.0, ""geo"": 1.0, ""name"": 0.822, ""name_tftoken"": 0.434, ""name_type"": 0.0}",,,,
Ondo,xwd:sha256:0a929c0f8445dc1462b519714fe3b6feaf498311be196b263ff66ccdb6d848c2,review,0.6822,0.849,0.0,grid3:11bc111c-3a08-4fc3-8837-3fdc621c20aa,28/17/1/1/1/0017,Owalafo Basic Health Center,"{""admin1"": ""Ondo"", ""admin2"": ""Ose"", ""settlement"": ""Afo""}",hfr:11bc111c-3a08-4fc3-8837-3fdc621c20aa,11bc111c-3a08-4fc3-8837-3fdc621c20aa,Afo Basic Health Center,"{""admin1"": ""Ondo"", ""admin2"": ""Ose"", ""settlement"": ""ODSOSE01""}","{""admin_path"": 0.6, ""distance_km"": 0.0, ""geo"": 1.0, ""name"": 0.849, ""name_tftoken"": 0.397, ""name_type"": 1.0}",,,,
Ondo,xwd:sha256:0ae3d5b768efe0be743793a452be88e19e6a384cd9149079d5540b147355ad52,review,0.5648,0.726,1.62,grid3:eb908024-edc0-43fe-bbd1-848e525596ef,,Erinje Basic Health Center,"{""admin1"": ""Ondo"", ""admin2"": ""Okitipupa"", ""settlement"": ""Okitipupai 2""}",hfr:73bc2669-34f6-4806-9c82-67e1acd5a29a,73bc2669-34f6-4806-9c82-67e1acd5a29a,Igbodigo Basic Health Center,"{""admin1"": ""Ondo"", ""admin2"": ""Okitipupa"", ""settlement"": ""ODSPUP12""}","{""admin_path"": 0.6, ""distance_km"": 1.62, ""geo"": 0.582, ""name"": 0.726, ""name_tftoken"": 0.378, ""name_type"": 1.0}",,,,
Ondo,xwd:sha256:0b2c4aaead2e40dfcca0ac79fb5932d516a1535c4d84986f48fab8dfadd794a9,review,0.5945,0.86,1.88,grid3:46f4754f-eb0d-499b-bd62-f7d3696148a4,,Igboegunrin Basic Health Center,"{""admin1"": ""Ondo"", ""admin2"": ""Okitipupa"", ""settlement"": ""Ikoya""}",hfr:0e6c7fff-97e4-4cc3-98de-61b8b3424636,0e6c7fff-97e4-4cc3-98de-61b8b3424636,Igbogunrin Basic Health Center,"{""admin1"": ""Ondo"", ""admin2"": ""Ilaje"", ""settlement"": ""ODSIAE06""}","{""admin_path"": 0.3, ""distance_km"": 1.88, ""geo"": 0.534, ""name"": 0.984, ""name_tftoken"": 0.383, ""name_type"": 1.0}",,,,
Ondo,xwd:sha256:0b30e1a71c42cd32ed6656a97afce28eea02f21e19a3edb719dd28a928781b50,review,0.5876,0.786,0.82,grid3:d83c92ea-aa8b-4d5a-be8a-22a1c960a12d,,Ode Etikan Basic Health Center,"{""admin1"": ""Ondo"", ""admin2"": ""Okitipupa"", ""settlement"": ""Ayeka""}",hfr:5b851049-03ab-4258-b626-c39df13c026d,5b851049-03ab-4258-b626-c39df13c026d,Igodan Basic Health Center,"{""admin1"": ""Ondo"", ""admin2"": ""Okitipupa"", ""settlement"": ""ODSPUP01""}","{""admin_path"": 0.6, ""distance_km"": 0.82, ""geo"": 0.762, ""name"": 0.786, ""name_tftoken"": 0.296, ""name_type"": 1.0}",,,,
