hfr_id,hfr_name,gers_id,overture_name,score,decision
fde52dcb-f5b9-40b1-93ad-b2a02d674ada,Karfi Health Clinic,,,0.0,no_overture_place
79ec8d6a-e76e-42c6-abd2-8b7273cd7539,Kunshamaa Health Clinic,,,0.0,no_overture_place
a4df570b-3847-4804-b003-76b63118d3d3,Dugabau Health Clinic,,,0.0,no_overture_place
35abbfdd-c6ca-449d-8f90-5d059ade0098,Darmanawa Health Clinic,,,0.0,no_match
7be96824-2719-4e8b-b6d5-4c8ea462c7c0,Yauran Health Center,,,0.0,no_overture_place
ff5d545c-1c26-4c14-844c-fc9c6cd9cc7a,Runji Health Center,,,0.0,no_overture_place
92938283-38fc-4ba0-9e23-51a7fbe99928,Dususu Health Center,,,0.0,no_overture_place
260d05dc-b0cd-4755-8485-d841c348c09a,Gabari Health Center,,,0.0,no_overture_place
68e336c2-f891-41e7-ab55-06d6b91f0d21,Sarauniya Health Center,,,0.0,no_overture_place
d50fdcf3-f513-4118-a3c5-7197d12b60bd,Kadawa Health Center,,,0.0,no_overture_place
d1fdc055-a37c-4ddc-8906-5e7889de9634,Labour Abasawa Health Center,,,0.0,no_overture_place
bbd4d0bf-3942-4261-8a66-1dd6aebf6413,Garo Primary Health Care,,,0.0,no_overture_place
97c14284-e8a9-46e8-a640-723e7187595c,Dunin Primary Health Care,,,0.0,no_overture_place
f7f13dbc-3aa9-44a7-ab82-3c02acd49328,Kwankwaso Health Care,,,0.0,no_overture_place
8aa79a78-d62c-4359-a8e7-6adf4a5eaeaf,Leni Health Center,,,0.0,no_overture_place
aeb794c7-0fb0-4951-8a1c-d9528fb9d83b,Bachirawa Health Center,,,0.0,no_overture_place
ac87f9f5-95db-4ab5-9328-284831fbb4be,Dungurawa Health Center,,,0.0,no_overture_place
f62ed0a5-dc62-41a3-8b34-32f71a4565f5,Gadau Health Center,,,0.0,no_overture_place
70c4c3df-aa80-4cf7-9f13-e0358d18704e,Chedi Babbar Ruga Health Center,,,0.0,no_overture_place
4642fcfa-8ce8-42dd-b063-04747bfc9d59,Gargari Health Center,,,0.0,no_overture_place
361d9d54-7a08-41bc-a43a-b741a833f374,Romi Health Center,,,0.0,no_overture_place
f2f56193-942a-4e16-a96d-e9e43f33160c,Jalli Health Center,,,0.0,no_overture_place
9e5c1590-fb51-4870-94a0-24b527aa95e4,Kwa Health Center,,,0.0,no_overture_place
fa575e50-e10d-45cd-a658-dac63b7acc13,Joben Marke Health Center,,,0.0,no_overture_place
e424d4c7-cdad-47df-8dff-8176c3e76d54,Marke Health Center,,,0.0,no_overture_place
ee1e3c5e-617c-4b07-9344-401236535850,Kunya Primary Health Care,,,0.0,no_overture_place
48799221-012c-4427-9e10-8ddd5f053d46,Rahama B Health Clinic,,,0.0,no_overture_place
72f32874-0616-4216-b800-c1249be8897f,Danja Primary Health Care,,,0.0,no_overture_place
c3df3e61-29f2-4907-9d1b-a908f8fac38a,Mangwaro Primary Health Center,3c67f409-d50d-4d52-94e4-28f2e8303b1c,Bugu da Aya Islamic Herbal Center,0.6766,review
d9d7f622-b81d-4c07-a32b-45382edf3e0c,Gwamai Health Center,,,0.0,no_overture_place
dfb73cf9-29da-46bd-b304-c86c7369a708,Gabasawa Health Care,,,0.0,no_overture_place
e204a501-a815-4f04-8bf8-d3501fc0b66a,Balare Model Primary Health Center,,,0.0,no_overture_place
d7416eba-c0b5-4248-aa17-42f15f2ce73f,Dan Hassan Primary Health Center,,,0.0,no_match
046403e3-56d3-4eee-a342-6779bb7dd582,Rahama Basic Health Center,,,0.0,no_overture_place
05c67890-b8e0-4678-8923-cfb88772f370,Borno Health Care,,,0.0,no_overture_place
df48efd6-71b9-4e44-80e5-a2ff715f54c9,Tumfafi Health Clinic,,,0.0,no_match
3e5cd8c3-7506-42c9-9e4e-1674f04415a5,Wapa Primary Health Center,f0dd4144-cace-4ae4-a342-e17212648879,Abubakar Imam Urology Center,0.6689,review
58c24c51-0b78-4e1c-8915-c84d9a681165,Tahade Model Primary Health Center,,,0.0,no_overture_place
8ed65024-48dc-46ae-90bd-777d144998a8,Gaya Primary Health Center,,,0.0,no_overture_place
8f67f22b-23e5-48c0-b27f-3dacf7b7b91e,Chedi Health Clinic,c9b6d60e-375f-4e0e-88c2-ec7396f35689,Feccox Pharmaceutical Limited,0.7108,review
7777659b-a351-4d4d-a93e-5338754fb366,Gozarki Health Center,d2dd0545-1444-4473-ad6a-aba8c90e9d4f,Najbel Pharmacy Gwammaja,0.6568,review
a2d5347c-c9a7-448e-b2e3-d3d89300bcd0,Kofar Fada Primary Health Center,,,0.0,no_overture_place
9086f289-aef1-4590-8336-ea362775f648,Tamaru Health Clinic,,,0.0,no_match
3201fe91-86e9-4004-8036-a23a95a6ba53,Maganda Health Clinic,,,0.0,no_overture_place
761c4db9-38c4-477a-82cb-137341eee13c,Yan Audu Federal Government,,,0.0,no_overture_place
8f3d2416-46fd-4575-814e-c337235bcc94,Tarauni Government House Clinic,02eb44d1-5ef1-4aa8-9794-8c20864f2ae6,Medicus Clinic and Diagnostic Center,0.6015,review
142a03ec-0f89-4182-8510-0f31ad3325b4,Gamadan Health Clinic,,,0.0,no_overture_place
d5758286-6181-4dd1-aa46-1229d9a26e7a,Yalwa Danziyal Model Primary Health Center,,,0.0,no_overture_place
a7e34739-a7eb-4052-8b0e-9d5fb34c41d4,Tamburawan Gabbas Primary Health Center,,,0.0,no_overture_place
6277ccd9-fc11-48a9-a4a6-fe70b8cec687,Dawanau Basic Health Center,,,0.0,no_overture_place
90fee38a-7aa6-46fb-87d8-f2b68cc9f024,Babawa Model Primary Health Center,,,0.0,no_overture_place
e48a92aa-9f89-41d6-ab65-f83aaee752bb,Kirya Health Clinic,,,0.0,no_overture_place
56bd5019-254a-4a90-951c-d5f2f845e64d,Gainawa B Health Clinic,,,0.0,no_overture_place
2bbd8cc2-5c56-4a09-ad0a-8b8e5cf05311,Ruwan Tabo Health Clinic,,,0.0,no_overture_place
fd342b1a-ee7a-4645-92d1-cacc50182ff5,Ungogo Basic Health Center,,,0.0,no_overture_place
ce939a1f-bcbb-4e70-aad7-79d2441f3cc7,Gayawa Primary Health Center,,,0.0,no_overture_place
19e286f7-f605-4498-b77d-ab00a3542ad8,Gamashima Health Clinic,,,0.0,no_overture_place
caebe203-3306-45af-ba33-000c7a6ef2f7,Bude Primary Health Clinic,90fcd28f-8282-4397-a5be-7b41d119409b,Bichi General Hospital,0.6601,review
5fb85e8b-6681-4877-b3d4-9149ae48f1cd,Gwanda Federal Health Center,,,0.0,no_overture_place
8d2300ea-315e-4992-802e-ac862956d965,Baraji Health Post,,,0.0,no_overture_place
8ff1705f-2a2d-4916-9244-bf3ad03f0806,Kargo Health Post,,,0.0,no_overture_place
f48efa7e-1c9c-4862-a885-d180f73a44b4,Al Noury Specialist Hospital,e7d71094-fbe5-48b4-8db9-f55ae16e7ef0,Al-Noury Specialist Hospital,0.9087,match
e0e3971e-2fe8-4e85-a407-9ff8c9513711,Ggss Dawakin Tofa Clinic,,,0.0,no_overture_place
6c8b50cd-3bd8-49d6-a6be-62c069485b2a,Ni Ima Clinic,6149e636-fb9d-49e1-8035-83045688ad66,Salam Clinic and Maternity Bichi,0.6386,review
decaa76a-fee5-4ef9-9d38-2a4ed4ab5cb7,Saya Saya Health Post,,,0.0,no_overture_place
2273e320-f09e-4e63-a2d5-8b4e5d998f3d,Dambatta Government Secondary School Health Clinic,426e74f5-89a8-438d-a9ad-a812a28b1e0d,Dambatta General Hospital,0.7077,review
23eb6da2-4c24-49f5-ba2a-926f369c8db2,Nassarawa Health Center,,,0.0,no_overture_place
c2cdcece-3aea-4ea1-9e38-2c4f15f85050,Ecwa Health Center,,,0.0,no_match
18857014-1074-4e07-8eb0-947384d0e467,Kwiwa Health Center,,,0.0,no_overture_place
75a4c11c-bfe2-47bd-83b2-b507a07b2edf,Tsakuwa Dal Health Post,,,0.0,no_overture_place
cc3b7c65-47cc-46c0-a427-0d78e81d98fe,Husuren Health Post,,,0.0,no_overture_place
fbd30df9-6316-4fbc-8af0-7ec51d042f44,Unguwar Sarari Health Post,,,0.0,no_overture_place
bcdb7906-d92f-410e-a0cf-af16cb0dbdce,Yanshado Health Post,,,0.0,no_overture_place
2c99e9e7-a365-4bd4-919f-8b308ae4ec80,Tamburawan Yandadi Health Post,,,0.0,no_overture_place
173f04b8-69c9-4daf-bbd3-082dd840680b,Kawari Health Post,,,0.0,no_overture_place
790af470-9fdb-4ea8-9ba6-e2fa4fe6aea0,Karofi Sumaila Basic Health Center,8eb70581-8673-4858-b36a-e91170b688e3,Gabare clinic and maternity,0.6153,review
409e5719-063a-43db-9b6c-b478e7e8b6aa,Zakirai Comprehensive Health Center,,,0.0,no_match
b0ecaa24-7657-439b-8f88-8f0c8bc7d989,Raya Health Post,,,0.0,no_overture_place
26a2172b-f402-4a9c-8202-972b84d33fac,Kanyar Waja Health Post,,,0.0,no_overture_place
efda34e3-af63-4d85-a99a-811f8f43d8d1,Kadawa Chiki Gari Health Post,,,0.0,no_overture_place
9476bd1c-6f36-4d49-b964-1089ae6f5c0a,Takai Health Post,,,0.0,no_overture_place
18d4ec2a-d7dd-4074-a7a1-017ecb69f1bf,Getso Maternity and Child Primary Health Center,,,0.0,no_overture_place
f5775af9-3c06-4b4a-bcca-65c76e194c1d,Jajaye Health Post,,,0.0,no_overture_place
dd5df8f0-9e2d-4c32-b22f-38ac9e691977,Gadan Kaya Health Post,dd8391ca-cac7-43f3-8302-1d7b0e71206b,Makkah Specialist Eye Hospital,0.6444,review
9ac6db44-db02-4c2a-81b5-491bbbc1cb16,Gwauran Dutse Community Health Post,,,0.0,no_match
17f7996a-c35b-4f56-a993-65d1535d6950,Sanna Health Post,,,0.0,no_overture_place
7957a88a-3180-472f-b1dd-13e5b5f1acaa,Jobawa Health Post,,,0.0,no_overture_place
0eae85d7-91eb-432a-9c96-debbf7fc9214,Dawaki Health Center,f1cb8d56-9ca3-4b4c-ba69-4e71e9da4923,Dawakin Kudu General Hospital,0.7581,review
85964287-2b4b-41e6-8c6b-266d0d8494c8,Kaleku Health Post,,,0.0,no_overture_place
68ec31ff-d577-4f82-a678-9e457afec117,Bandutse Health Post,,,0.0,no_overture_place
2a7ed70d-9981-418c-8814-e7e76c3ad87f,Achilaffiya Health Post,,,0.0,no_overture_place
edf7d84c-f3aa-4b33-a4af-01c99624fafd,Doka Health Post,,,0.0,no_overture_place
db6989c9-f77e-44f0-b109-a37644a7f2e7,Dan Rimi Health Post,81511009-02a4-4b17-8122-3adfc48b71cc,Ungogo Basic Health Centre,0.6298,review
bc24ba2a-139d-4da4-a356-1ddf93fc9c11,Jaen Maternity and Child Primary Health Center,,,0.0,no_match
56f015d7-f41a-49a1-b803-ab09c8c4ab78,Dala Maternity and Child Primary Health Center,d2dd0545-1444-4473-ad6a-aba8c90e9d4f,Najbel Pharmacy Gwammaja,0.6059,review
531e9a0e-ffba-4f5f-9eea-cb4f62457b6a,Gwale Maternity and Child Primary Health Center,df443bda-4a3b-43ca-8496-db6150fd1b44,Salihannur Natural Herbal Medicine,0.7515,review
bfa34f6b-17bd-431a-afb0-071235e8775d,Omega Clinic,6e95c8ce-afb9-455a-b941-5dfb9d4ed14d,Basic Joe Global Ventures and Pharmaceuticals,0.6525,review
a9647bee-60df-4f45-8952-1fe3d1267b17,Tunik Hospital,,,0.0,no_match
f284d0df-7c12-4590-acc0-bf231f4613c3,Wari Hospital,905cf9f5-d493-4edb-a6ed-c82c11875f1d,Gawuna Chemist and Medical Store,0.6963,review
aad7d4ae-269a-437a-bcaa-587e04b68bb8,Ggss Kwa Clinic,,,0.0,no_overture_place
a33f379a-849a-44e2-b3cd-aef80c14e590,Yada Kunya Leprosy Hospital,,,0.0,no_overture_place
b0001a9e-ceb4-4213-b661-d77cdc9be9f2,Udunma Center,2b1f39e3-4466-4c55-aac9-03b8dcb690bf,Providian Medical Diagnostic Center,0.6433,review
d9c074b7-c425-408b-a6f7-c9a71fc50882,Ggss Clinic,,,0.0,no_overture_place
96986f7f-70cc-4d0f-bdae-c17b9eec225c,Triump Hospital,f176851a-ba86-4a3e-b380-83367457392c,Amity Hospital,0.8004,match
c7c37bb8-cb7d-4b37-8270-eabf350ff682,Farida Clinic,,,0.0,no_overture_place
4e295735-900c-4f74-ba5d-0f4a821e547f,Ggss Maimunatu Health Clinic,,,0.0,no_match
6207c4c8-1da9-48fa-a69d-ebca7d1a4c6c,Interior Hospital,78f98e41-de41-4b11-abe9-5178da11c24a,Nasarawa Hospital,0.664,review
74dde647-1c6e-453b-b8fd-66c6aa8f4099,Tsanyawa Town Ecwa Hospital,7c41b84a-668c-4fc1-b93d-742fa13b156c,Tsanyawa Comprehensive Health Centre,0.8577,match
5fd2a270-b0bd-41ef-9921-93c7e0cb715a,Copperstone Hospital,b3e03bdb-a8be-47ec-9c8b-d0317e64df63,Standard Specialist Hospital,0.6686,review
1ebd24bb-7223-4b10-bde3-5d157db3eafd,Hallmark Clinic and Maternity,bd15aa32-47d2-4bca-8f8d-efd2379acf30,Hijama Intl com & General Services,0.7446,review
47c7a769-3c24-40ba-82fb-4ea01561c217,Gundutse Medical Center,,,0.0,no_overture_place
138676be-9960-45cf-b753-fffa8efeb18c,Alheri Diagonistic Hospital,,,0.0,no_overture_place
0ca3d5e6-fd99-4cdc-9daf-9a3655ca72a7,Excellence Hospital,72e3d626-c9bd-4a27-926c-85c9903f5477,Expert Alliance Hospital,0.6744,review
58b9eca3-44ad-48e6-8837-bb19c4828c04,Taimako Nursing Home,,,0.0,no_overture_place
a51207ab-3fe4-4d7f-826d-23a62f12a2c9,Naibawa College Clinic,,,0.0,no_match
6c47877d-f5f3-48e5-b312-5aedb4c0a110,Topcare Medical Hospital,,,0.0,no_match
3b74fbef-4052-403a-ae7e-09a4249adf90,Doctors Clinic,5d4ff836-17d5-4854-ad25-90dc48d27c10,Doctor's Clinic,0.9893,match
430e5950-5dcb-497f-a5f1-2fd6568e5146,Raya Clinic,7ba93167-7eb3-4786-8573-dcdd3dde8493,"Cavendish Hospital, Kano - Nigeria ",0.6061,review
90d771ec-9580-4300-bcd4-d138b99eb825,Mecure Diagnostic Center,691126c9-137b-4470-969d-eda47c032a4b,Hospital Management Board,0.7236,review
731bdb21-8ca6-4937-91c7-2f54315488a2,Gidan Alhazai Hospital,e34cb5cd-da7b-4b01-b6a0-b9f5fcbc60a4,Wudil General Hospital,0.705,review
5de7ebff-00d0-494c-9e6f-1754920abf85,Garba Mai Sikali Clinic and Maternity,2c9845f7-eb4c-4bb7-bd1c-5080d2b90e51,Fleming Pharmacy,0.6063,review
3f1353b5-6b17-40ad-89af-5b138a1ba6be,Bayero University Kano Clinic,7945fd1e-bf60-4405-b17e-eeb470262d3e,Centre for Biotechnology Research,0.6579,review
f19e9a1d-2485-49e1-9b62-ee588a98a077,Dangauro Health Post,,,0.0,no_match
f4a09d5f-9265-4c90-9b25-fa7b12069978,Dusurawa Health Post,,,0.0,no_overture_place
5f3a9185-a7ee-4f92-ab08-a1802cf394ad,Yalwa Maternity and Child Health Madakingini Clinic,5a90f595-52ed-44a8-9c8b-0740abf18316,Albarka Medical Diagnostic,0.6397,review
c6cc0ae3-d672-4cdb-8f74-35101dc99edf,Middle Road Maternity and Child Health Clinic,295101c3-0d3a-44fc-bfef-58b777a864e2,Emmanence Clinic and Maternity,0.7077,review
259c743c-98cf-4074-985d-7957b32aa432,Kawo Health Post,,,0.0,no_overture_place
db40db25-dcee-4d7c-b88d-993128b94c59,Tankarau Health Post,,,0.0,no_overture_place
61975766-0926-4f78-977c-cfe5bb3c8af7,Kawo Health Post,,,0.0,no_overture_place
e5b2db3f-a62d-43d3-b8c9-33496862a5ab,Jajaye Basic Health Center,,,0.0,no_overture_place
7328f85b-819d-4e57-b76f-f8b1aa741c8f,Karshi Health Post,,,0.0,no_overture_place
406a1b03-918c-4694-94c8-b12d3c703457,Tarauni Health Post,,,0.0,no_overture_place
fc503b91-3900-462f-875a-f5745f92ba85,Santsi Dispensary,,,0.0,no_match
f240123d-580b-41ec-8c8a-5ae7c2d52594,Tsamiya Babba Dispensary,,,0.0,no_overture_place
06c44313-8944-4a80-9a75-26027bb17833,Musku Health Post,,,0.0,no_overture_place
ba7e57d6-804f-4d46-b636-624da950a566,Tofa Dispensary,,,0.0,no_match
66cdca0a-9ef4-41c0-a15f-0cbfb0f520c5,Daradau Health Post,,,0.0,no_overture_place
e81732d0-1e06-4e34-8324-536c32e1be7f,Tsalle Dispensary,,,0.0,no_match
134bd6f9-f111-43ed-9a93-615982678e53,Gezawa Dispensary,,,0.0,no_match
8f5d2f46-3fa0-4e2f-a311-93ff469754ff,Gunduwawa Health Post,,,0.0,no_overture_place
5cca708f-c51e-466c-a1f5-828ce9185083,Tumbau Health Post,,,0.0,no_overture_place
a2cb3dc7-b2da-4e85-846b-603a506833ee,Jogana Dispensary,,,0.0,no_overture_place
1da9c983-a2cb-4afc-a3d9-596a44f26d86,Wangara Dispensary,,,0.0,no_match
1c5ae0cf-8e00-433c-bbf8-167372842a9c,K Mahanta Health Post,,,0.0,no_overture_place
40afdf6e-7b5c-4dad-9fad-6d205e6d893b,Daura Health Post,,,0.0,no_match
2a8f30ba-e878-44ba-9314-b66740029f95,Yola Health Post,,,0.0,no_overture_place
aa98560b-b1cf-42de-8769-65a7e27081af,Faran Health Post,,,0.0,no_overture_place
9fc0fde8-3fb0-4e0c-83c4-e02e0d3dabd5,Chalbo Health Post,,,0.0,no_overture_place
9dab4711-4899-4a3d-b072-9da3c2d94398,Bacha Health Post,,,0.0,no_overture_place
723468eb-d8fe-4230-b3a5-f45c5f7ec53f,Sarar Health Post,,,0.0,no_overture_place
fe3ac43e-d69a-4e0d-9f95-1edba6255a0c,Dawakin Sulu Health Post,,,0.0,no_overture_place
41da36bb-142e-4e24-9995-7813353eaff3,Gulu Dispensary,,,0.0,no_overture_place
96fb6997-110d-4288-8a53-2f1ca79a95f8,Bagujan Health Post,,,0.0,no_overture_place
6dd5eab1-5f6f-4d61-acd4-8cbec5be2fbc,Gera Health Post,,,0.0,no_overture_place
efde466a-4a7e-43d0-a8b8-fde0a38a9c0d,Dausayi Health Post,,,0.0,no_overture_place
4d8b9d92-f8cd-4320-b3a1-5afc45e31462,Rimin Kebe Health Post,,,0.0,no_overture_place
6b13a786-b644-4552-8c7d-169fc5ee4de8,Inusawa Health Post,,,0.0,no_overture_place
5ff41c85-3ad7-4e7f-90a9-4a1e35e27840,Gadan Health Post,,,0.0,no_overture_place
8e754e0d-53da-4326-ad7a-968261f975e3,Alazawa Health Post,,,0.0,no_overture_place
6494a2b3-74e9-4a26-ab41-0b37ec4baff2,Chedi Mai Dala Ngawa Health Post,,,0.0,no_overture_place
51bb615f-cc5e-4ac5-bd9a-d92d47a9cf57,Dandalama Health Post,,,0.0,no_overture_place
80dc16d2-4493-4ee9-87c9-b02236bf0569,Zagon Mata Health Post,,,0.0,no_overture_place
2c11a613-9e23-4f5a-9834-21b94115efb8,Fango Health Post,,,0.0,no_overture_place
b184310a-7c24-48ae-b0aa-0827460ebe1f,Bagadawa Health Post,,,0.0,no_overture_place
4db874a4-bd94-445b-bc58-96d88fcce332,Dan Ijake Health Post,,,0.0,no_overture_place
8eb43b35-f8e1-4492-be45-70042f86d362,Yama Kanawa Dispensary,,,0.0,no_overture_place
f1e95b77-ea48-4aa9-aa7c-a76312bf1ca5,Yar Sabaina Health Post,,,0.0,no_overture_place
2d5a2427-7339-4f26-a632-3f96d02e8c57,Mekiya Health Post,,,0.0,no_overture_place
d2f684ab-c901-49e4-bb1b-29f2bd793c95,Mazan Kudu Health Post,,,0.0,no_overture_place
5fc4ea74-2405-4655-bf16-fb62df69310f,Kumbo Health Post,,,0.0,no_overture_place
7f43d386-5392-485f-b8b7-feca9c74a4c1,Gumawa Health Post,,,0.0,no_overture_place
4b250449-2955-41a2-a7ad-a42a9b9abfd2,Chikawa Health Post,,,0.0,no_overture_place
af891811-ba89-4591-910e-17c3afb3087a,Gambawa Health Post,,,0.0,no_overture_place
733b82a8-2416-4386-93da-e0ab5e21d52d,Doga Health Post,,,0.0,no_overture_place
560495e1-07bd-4b0c-8cf6-4f3a0f0adab8,Dadin Duniya Health Post,,,0.0,no_overture_place
b890f6e8-600c-4616-9ea6-9c965ebe4d5f,Guruma Health Post,,,0.0,no_match
c7f02cb2-68b0-4add-89b9-1363b3bf9ab6,Shana Health Post,,,0.0,no_overture_place
f80f37ac-9a2a-4333-beac-caa29079858e,Imamu Wali Dispensary,,,0.0,no_match
b59494d3-48a7-4657-b2b7-90998d579913,Mesar Burmi Health Post,a577e557-cc89-46f9-b29d-805e1a2b820a,Federal Neuro Psychiatric Hospital Kano State Dawanau,0.6505,review
b9b3eb40-6af0-49a2-add6-5aadbc52a545,Rigana Health Post,,,0.0,no_overture_place
15b9bd15-ee4f-49d2-8580-d8d1f6d62a90,Dunawa Health Post,,,0.0,no_overture_place
a3ac79cd-bb3e-4de9-aa9a-667db0dd6212,Kuru Dispensary,,,0.0,no_overture_place
0e39f5cd-6e98-4fb2-ae65-1a223f46a9ab,Zabairawa Dansudu Health Post,,,0.0,no_overture_place
661ecca2-ca05-4dc0-bd9d-c2501ef29ed7,Jirgabawa Health Post,,,0.0,no_overture_place
b2c48bf0-e782-4c97-adef-57b0dca794d8,Geranya Dispensary,,,0.0,no_overture_place
44abbbb2-8550-45a1-888f-5247883736d7,Kantama Babba Health Post,,,0.0,no_overture_place
a9080a19-892a-49f5-b2b9-12d3fcaa06d8,Garfi Health Post,,,0.0,no_overture_place
912e2ca1-e593-44e8-a24b-032df64922e2,Tsakiya Dispensary,,,0.0,no_overture_place
5341e31e-0a51-49bb-9f37-84e38a30d352,Kwarkiya Health Post,,,0.0,no_overture_place
8c91dc52-3f4a-41ba-bf09-67f0f523d46d,Danbawa Health Post,,,0.0,no_overture_place
48b72c28-a163-4981-af34-498adebcb2fe,Tunkunawa Health Post,,,0.0,no_overture_place
e9a0783f-357e-4f7b-a53d-c9c11cce6171,Gandirwawa Basic Health Center,,,0.0,no_overture_place
6c8e42cc-8866-47b9-a0b8-71de8a4b7fa1,Abdakaya Health Post,,,0.0,no_overture_place
d6abff82-d11f-484c-af60-cc14f0b122e2,Gurjiya Dispensary,,,0.0,no_overture_place
6f975133-7a7b-45c5-bc1c-96e63ad333ed,Sarbi Health Post,,,0.0,no_overture_place
86166bc4-63f2-4dd9-ba4f-24d0ae93dfe5,Kankarawa Dispensary,,,0.0,no_overture_place
9bc43ac1-1c26-4240-980b-20fd7718e20a,Geza Health Post,,,0.0,no_overture_place
5754079b-051e-4ad1-883a-4735c7d274b6,Garke Health Post,,,0.0,no_overture_place
de5fd860-4c6c-4d40-bb50-8ee925990ff9,Yarda Health Post,,,0.0,no_overture_place
275e3ac1-fbb7-4adc-9b7f-7bf4d5b6fc73,Maraku Dispensary,,,0.0,no_overture_place
2dd9bc09-48f9-4892-ae73-5bed6e475884,Bango Dispensary,,,0.0,no_overture_place
b6182029-fd56-4124-98a1-47d244f3a970,Farin Dutse Health Post,,,0.0,no_overture_place
594a62ae-a6ed-4aac-b1f8-18e470eb341d,Karfi Health Post,,,0.0,no_overture_place
d284f13a-e506-44c3-8a98-ed73d3fea28c,Kore Health Post,,,0.0,no_overture_place
addf2f93-e289-4e48-b330-1287cc4c5b06,Roba Health Post,,,0.0,no_overture_place
5374a065-d4f2-4ca2-8db5-f24b4c435346,Bagagare Health Post,,,0.0,no_match
ae3611d4-bd0d-4f9d-944d-06d1a7d053df,Hayin Gada Health Post,,,0.0,no_overture_place
596228c2-8e60-4f9d-9329-02d30b848385,Patriga Maternity and Child Health Sumaila,,,0.0,no_match
f7736cf2-f12c-4548-a131-366d5479bdc9,Rumo Dispensary,,,0.0,no_overture_place
fb0ca6ba-31ad-45e9-b233-17d2954ed3a5,Yumbu Dispensary,,,0.0,no_overture_place
33336dde-8b23-4bad-8459-828609f731c3,Zango Dispensary,,,0.0,no_overture_place
8399bced-7cac-4857-b61e-0911d1fc8ca1,Yafata Health Post,,,0.0,no_overture_place
1707d875-e65e-44e0-b4b8-6ef68dc80abb,Gude Dispensary,,,0.0,no_overture_place
8c1c967e-293b-4d96-8c50-a0e91eb58067,Wasai Health Post,,,0.0,no_overture_place
cd30791a-2d56-4902-b0e0-cf7bbf23fc56,Zango Health Post,,,0.0,no_overture_place
851f9386-ff66-488b-8584-bc763da7709f,Fajewa Dispensary,,,0.0,no_overture_place
f7ada2ce-4711-4eb1-97d0-414b490a02f4,Yola Health Post,,,0.0,no_overture_place
c0b41e1e-9948-49cc-af9e-264f512f8c00,Musko Health Post,,,0.0,no_overture_place
5429a682-84c6-46b9-84c0-22760f05adef,Gwanji Health Post,,,0.0,no_overture_place
0b309abe-f7b7-4879-ae88-b4189547e8b0,Kacako Dispensary,,,0.0,no_overture_place
d7a688de-39b1-4272-a166-3be9528cc7de,Haye Dispensary,,,0.0,no_match
90487bd1-a8d2-4496-b7ac-756731b1767e,G R A Health Post,426e74f5-89a8-438d-a9ad-a812a28b1e0d,Dambatta General Hospital,0.607,review
599559c7-aba7-4b9b-9eb1-c411dfe9d8d2,Chasko Dispensary,,,0.0,no_overture_place
b9ce43f1-291e-420c-b2bb-875519a0cb41,Makera Dispensary,,,0.0,no_overture_place
2d532b3d-a0dc-4f18-b203-45dec0518b72,Gajida Health Post,43882b01-ca51-461f-9bcd-72a74ffe734e,Leotetra Healthcare Limited,0.6059,review
1bace88e-dc73-4379-ad7a-dd3ae65edefd,Tudun Wada Health Post,905cf9f5-d493-4edb-a6ed-c82c11875f1d,Gawuna Chemist and Medical Store,0.6282,review
555db19f-9f64-4873-b108-8d681a9c41cb,Kazode Health Post,,,0.0,no_overture_place
3735974a-95f3-43c6-bbbd-7d49ca8c10ee,Masaurari Health Post,,,0.0,no_overture_place
d80f31ee-109e-4539-855f-176ad5a700c0,Kunkurawa Health Post,,,0.0,no_overture_place
64de5fd3-b198-42eb-84f8-a00a4149e45b,Baure Health Post,,,0.0,no_overture_place
133162e5-8d52-4d23-aca6-44a47825822c,Alajawa Health Post,,,0.0,no_overture_place
15498076-57dd-4026-a78c-b0cc9869aedd,Gora Health Post,,,0.0,no_overture_place
75ac93b5-4a92-4766-b90a-5ff9e20442f4,Gabari Health Post,,,0.0,no_overture_place
4f4e16b1-3918-42fc-9de4-30d5736eeed2,Sabon Doka Health Post,,,0.0,no_overture_place
86e1bf57-d3ba-4707-9b85-4d941ae45fc6,Madaci Health Post,,,0.0,no_overture_place
526b00c9-df68-478e-b4c6-f88675180044,Zaura Dispensary,,,0.0,no_overture_place
a844dad1-d080-4b81-a00d-3becfe59c46c,Agalawa Health Post,,,0.0,no_overture_place
991a7d97-8e7b-4c64-9869-d811e7d9f3c5,Kalahaddi Health Post,,,0.0,no_overture_place
5837d276-25ce-40ea-8114-3e78dddfd950,Hausawa Health Post,,,0.0,no_overture_place
833c08cb-11db-4e49-8284-53782d988a8a,Jobe Health Post,,,0.0,no_overture_place
5ecd4bda-30bf-4a64-aa8c-08b99decaa43,Amarawa Health Post,,,0.0,no_overture_place
92ba631e-d28f-4edb-84b6-ea90836abf58,Tofa Health Post,,,0.0,no_overture_place
5df781d4-d4cc-4cb0-83f6-1634aae6140c,Dausayi Health Post,dee30683-03f7-40f9-8abe-7f45433fce29,Makkah Specialist Eye Hospital,0.6493,review
f695413d-aef9-4eab-954d-1aef85eb6f49,Dorogo Health Post,,,0.0,no_overture_place
76ac85eb-ee50-43c1-8068-9da648fc3c9f,Walawa Health Post,,,0.0,no_overture_place
7ed2e218-2aac-4b88-b5e1-89a0a8028c6d,Kanwa Health Post,,,0.0,no_overture_place
86e3687e-d8bc-4495-b2d1-802a4236e7f6,Kanwa Health Post,,,0.0,no_overture_place
96ee5928-9191-49e9-8a41-bc7a5e5547cc,Walawa Health Post,,,0.0,no_overture_place
be75acb4-4fb8-4726-bb35-a17afddfd2c3,Jibga Health Post,,,0.0,no_overture_place
43bf73db-4668-4365-9b51-c04571e952bd,Sabo Ruwa Health Post,,,0.0,no_overture_place
898e7b58-c6c1-420e-a1cc-1ca4219d8008,Dansudu Health Post,,,0.0,no_overture_place
2616ec25-bd25-4a86-b623-c05dcb475df5,Gurjiya Health Post,,,0.0,no_overture_place
e4c36609-af24-46e9-ba7b-8dad50c39685,Zango Health Post,,,0.0,no_overture_place
b25ebfd6-bcd0-4ba7-b287-284a2081869e,Yalwa Health Post,,,0.0,no_overture_place
43f25992-725a-4727-9c35-51ac0f3815a4,Yan Bawa Health Post,,,0.0,no_overture_place
760e16fa-f50d-459c-bdd8-48addacec7fd,Kwajale Health Post,,,0.0,no_overture_place
a6dfaef8-6821-4262-bbda-aacd2cb00d4f,Gwanda Health Post,,,0.0,no_overture_place
50dc9297-c04d-4675-ad64-0473cc0ceb21,Tukuda Health Post,,,0.0,no_overture_place
3f67a9f0-6d5f-405a-8a18-ec57578d1fd5,Bango Health Post,,,0.0,no_overture_place
f4dca4f0-9822-424c-aed9-5e4b4875b8be,Jigawa Health Post,,,0.0,no_overture_place
c078220d-fe85-4603-9715-c738ebd3abb8,Kan Iyaka Health Post,,,0.0,no_overture_place
5b5a2434-426c-4534-be39-09a5e774f904,Yanoko Health Post,,,0.0,no_overture_place
a880152d-be7f-48b0-9f64-bd0247fcd597,Yola Health Post,,,0.0,no_match
7e01b4a6-c474-47a5-9ca1-5821c0cb5d7c,Doka Health Post,,,0.0,no_overture_place
fcac51f2-25cc-46e3-aa5d-52002dae2be5,Yartofa Health Post,,,0.0,no_overture_place
f38e60a2-1b7e-4d8a-8ebe-f0553971bcdc,Rinji Health Post,,,0.0,no_overture_place
55851773-1c99-4802-b1f7-18e1d127aa30,Tsaraka Health Post,,,0.0,no_overture_place
7135bf0a-0950-4462-8fba-02d93d9ed911,Koya Health Post,,,0.0,no_overture_place
2e04cfa7-9b55-4ced-a1a6-0dd3d07acc31,Daurawa Health Post,a9e10f42-1e32-4ec0-8460-5d353c401eab,Aminu Kano Teaching Hospital,0.6069,review
89a2047d-9766-44b1-8a93-290bddc13725,Kundila Health Post,a9e10f42-1e32-4ec0-8460-5d353c401eab,Aminu Kano Teaching Hospital,0.6475,review
f324c9f6-1301-42d2-bddb-baa0e7bd55e7,Jemomi Health Post,,,0.0,no_overture_place
7e7d4aed-af04-4dac-8208-d4ed12d5ee3e,Jiragon Makera Health Post,,,0.0,no_overture_place
09c87681-2b31-48ea-b408-54abfbb2e7df,Galadima Health Post,2b451345-d4e6-4ade-b629-843d71eb0ed9,Sheikh Muhammad Jiddah General Hospital,0.6153,review
0fbbfcf3-cbcc-434b-8e81-5a1a4abcf4df,Tumbau Health Post,,,0.0,no_overture_place
79d9d883-8f8f-431c-9529-d39f87b7f2d8,Galadimawa Health Post,,,0.0,no_overture_place
2a6a6866-867b-4a48-80bf-92a767f9f27c,Kanawa Health Post,,,0.0,no_overture_place
a82b9d57-eef8-4e64-ad84-1997936c31f4,Amarawa Health Post,,,0.0,no_overture_place
1cdbd58b-15c0-4da7-8091-e747e00cf578,Imawa Health Post,,,0.0,no_overture_place
5e92ef55-bcfc-4f27-985b-e1cf64e07dda,Maraku Health Post,,,0.0,no_overture_place
ee309172-cca8-4e34-a8b6-7c17e9a88ed9,Unguwar Liman Health Post,,,0.0,no_overture_place
ca0f71ee-3f5b-448f-b91e-c2e6ff2adb29,Tariwa Dispensary,,,0.0,no_overture_place
8594dde6-1bab-4a28-add1-20291a82823a,Danbazau Health Post,,,0.0,no_overture_place
a544c2b4-a88d-4b12-8c2d-a9ef9ca6f7ce,Karfi Health Post,,,0.0,no_overture_place
dc79ac14-2bde-4331-87be-2540d44ba22c,Kurna Health Post,,,0.0,no_overture_place
31cd76e7-67f9-453e-9f47-0a1381297c8e,Malamawa Health Post,,,0.0,no_overture_place
13e5c431-bcf7-4a3c-aabd-1d0ea2900298,Gurjiya Health Post,,,0.0,no_overture_place
f1c11ea3-eb57-4d37-8273-48158fd4d69c,Kuki Health Post,,,0.0,no_overture_place
1a3b1b53-8862-4ff5-a66e-eb4a0148a82e,Badawa Health Post,,,0.0,no_overture_place
64507fc2-d2f6-4a2b-97c2-c1fbb90a216b,Zugachi Basic Health Center,ac11d463-400b-427b-8ff7-5df985b01ad9,Armed Forces Specialist Hospital,0.6321,review
e17b7320-ddd2-4b16-9992-e7cf471136e4,Badawa Health Post,,,0.0,no_overture_place
42edc238-85bb-47e9-971c-8cfe6e8099e9,Koya Basic Health Center,,,0.0,no_overture_place
296c6859-00d5-4c58-8eca-13b15b7b26c7,Sanbauna Basic Health Center,,,0.0,no_overture_place
372a0149-2d6a-48eb-afef-6f5acc700aab,Dalal Health Post,,,0.0,no_overture_place
2fdd5285-2d9a-4ad7-b4bb-4fb160ada5ac,Yama Health Post,,,0.0,no_overture_place
02102e63-ebac-4924-b449-df3aa19cbea5,Marke Health Post,,,0.0,no_overture_place
b66ee4b7-ce1d-4120-9460-4be79fbcef09,Kau Kau Health Post,,,0.0,no_match
ff7c30a5-7779-44a4-ae22-ac61667228c4,Sabon Birni Health Post,,,0.0,no_overture_place
f220bce6-450c-4440-ba74-cb8173b3d1aa,Kawaji Health Post,,,0.0,no_match
ea087b5d-9c51-46ed-8a12-291a2c6db1ca,Kafin Sidda Health Post,,,0.0,no_overture_place
25658780-5e35-4612-994a-fdc5b28d6960,Kaleku Health Post,,,0.0,no_overture_place
106ef8d1-1d59-4834-a654-aa0409ded6d6,Zara Health Post,,,0.0,no_overture_place
5fd69378-b4ef-4d2d-9e55-855247a552c0,Lamba Health Post,,,0.0,no_overture_place
8778dc7d-4840-45ef-af7b-d05315e1640c,Gwammaja Maternity and Child Primary Health Clinic,d2dd0545-1444-4473-ad6a-aba8c90e9d4f,Najbel Pharmacy Gwammaja,0.6287,review
c0f63327-50ef-4b75-86b1-791c17eae0ef,Koya Health Post,,,0.0,no_overture_place
45faf6ca-201a-45e3-b3eb-99cf7250dcb4,Sabo Garba Maternal and Child Clinic,27217079-2275-4083-aaa4-3a30d6da525d,Albarka Pharma Ceutical,0.6167,review
db6895f4-9d6a-466c-af24-4b9caeca33b5,Ruwan Kanya Health Center,,,0.0,no_overture_place
b8a5b984-1c0e-42dd-b363-9b5b974a1ac0,Riga Fada Health Post,,,0.0,no_overture_place
88f7251c-3aea-4842-a2a2-f706793a6f3e,Yanmedi Primary Health Center,,,0.0,no_match
d72451ca-c7ff-454f-b9c3-be84843b4946,Yumfawa Model Primary Health Center,,,0.0,no_overture_place
ba1d3ae2-954c-4f95-a77c-1f8d5fc5b258,Yandoji Health Post,,,0.0,no_overture_place
f525fffb-59dd-4606-bb83-c708762634a8,Tukuibi Health Post,90fcd28f-8282-4397-a5be-7b41d119409b,Bichi General Hospital,0.6266,review
639e34a0-de36-4966-991c-7587da33099e,Gra Health Post,,,0.0,no_match
4140ad79-d793-45fa-8c4c-c3b734bd854d,Zaura Health Post,,,0.0,no_overture_place
500b3e45-30ea-4316-9f72-dadf0895810b,Rugoji Health Post,,,0.0,no_overture_place
ae7e7cb8-2dc1-49dc-a4fa-cd57d73a6539,Baskore Health Post,,,0.0,no_overture_place
5bb5edb5-5ddf-48f0-8707-eb2bbe856c42,Masanawa Health Post,d07dac35-edcd-4506-8cdc-da699cf80d36,Palace Clinic and Maternity,0.6133,review
c7fdbce9-0c8d-4523-b015-4d0c4e932077,Sharifai Health Post,,,0.0,no_overture_place
665c4cf4-f8cd-4f26-9e26-c317fca95c12,Tattarawa Primary Health Center,,,0.0,no_overture_place
e5f4d75d-8146-4987-8971-450b53aa0084,Yan Awaki Primary Health Clinic,,,0.0,no_overture_place
a077b2fb-837e-4ac7-b7ad-dec78613be66,Kasuwar Kuka Health Center,,,0.0,no_overture_place
55f88c30-8e9e-4409-b5d5-87e267c2d1ed,Sabon Sara Primary Health Center,df443bda-4a3b-43ca-8496-db6150fd1b44,Salihannur Natural Herbal Medicine,0.6734,review
a23e81be-5aaf-4b11-a50f-403bf194accd,Gofaru Primary Health Center,,,0.0,no_match
014c1c22-97ab-4e74-b154-d3454fb69fdd,Madakin Gini Health Clinic,b6d55101-68e7-435d-96df-4a590dee3f9f,Sabo Bakin Zuwo Maternity Hospital,0.6449,review
c3482b48-57ec-47c3-b1fe-51797a9333e3,Kofar Kabuga Primary Health Center,,,0.0,no_match
07f2d57f-4eaf-4a56-9a6e-0db6dc2d2953,Kofar Ruwa B Health Clinic,426d88b8-e2ea-4a66-941f-c7fe89ca009b,Albarka Clinic,0.6285,review
82b48ce7-2f0f-444f-a861-6da9719b72bc,Ungogo Primary Health Center,,,0.0,no_overture_place
13003846-4f30-469c-a07a-be67ceccd7cc,Danlashi Model Health Center,,,0.0,no_match
314e4c2c-de5a-420f-a760-e09cd63b36ef,Daddauda Health Center,,,0.0,no_overture_place
977eb5ae-4659-4843-bdda-c03c14d58a36,Lamba Health Center,,,0.0,no_overture_place
6c83f492-72a7-44c5-a2fe-3d04c872d365,Mailafiya Sanka Clinic,5a90f595-52ed-44a8-9c8b-0740abf18316,Albarka Medical Diagnostic,0.6379,review
3c20a55c-2484-4c25-9335-98f7afe134c2,Jali Primary Health Center,,,0.0,no_overture_place
dad8faea-69a6-4888-b512-6ad4fac54024,Sabin Layin Kara Model Primary Health Center,,,0.0,no_overture_place
f608b54b-9638-4353-b5bd-3952bedc4f2d,Bakin Lahadi Model Primary Health Center,,,0.0,no_overture_place
4c88fa31-29d2-470b-8bbb-8d8987498d1b,Rage Primary Health Center,7c41b84a-668c-4fc1-b93d-742fa13b156c,Tsanyawa Comprehensive Health Centre,0.7281,review
f3bab35f-b022-4262-b1a1-3d2ad79cf8e3,Yaryasa Model Primary Health Care,,,0.0,no_overture_place
fa3a7abd-38f4-4c58-9196-e65c3dba35a6,Dantamashe Primary Health Center,,,0.0,no_match
38bc109a-789d-4198-a279-8ed8380a88a2,Sassauka Clinic,,,0.0,no_match
df0f5cec-fc1c-4534-8d1f-6504cbdb6763,Yautar Kudu Health Post,,,0.0,no_overture_place
6a6ab6e9-66bd-4043-a95b-f813f0d4eb0a,Gidan Abdullahi Kankiya Health Center,,,0.0,no_overture_place
5c9433b8-7b58-490f-b1d6-3680105dee81,Use Awarnes,6baadbb8-f969-4237-9112-fc141cfe792a,Latnas Pharmacy,0.6671,review
01f6789c-4e97-4df8-959c-d13969bf6aed,Nana Nusaiba Clinic,,,0.0,no_overture_place
bcb68434-83ae-4522-85a7-811036c89ce7,Saadat Clinic and Matarnity,,,0.0,no_match
008e11d8-5b5c-40c9-af64-9ddb452ab8ee,Dan Itace Health Post,,,0.0,no_overture_place
a134d0fd-3df2-40b5-933d-daf3626edd86,Tahafizul Quran Clinic,,,0.0,no_overture_place
9de3780a-4c0a-4a6b-aa0c-6fe0333e90c9,Faskar Maaji Health Post,,,0.0,no_overture_place
ffdc9ba5-eee2-4954-be40-a935f67f97cb,Hadeja Jamaare Health Post,06cbf302-9f9d-4a98-ab52-5eaeb90409bf,Kura General Hospital,0.6548,review
a082bd8f-8de2-4fe6-ae68-4264cd83fa97,Fanido Health Post,,,0.0,no_overture_place
69c26a2f-cb2f-45c3-8960-e5b5efc95396,Al Hilal Maternity Hospital,e34cb5cd-da7b-4b01-b6a0-b9f5fcbc60a4,Wudil General Hospital,0.6177,review
c1dbea11-df3d-4e0a-a918-09dc12ec8166,Karar Dagaji Health Clinic,,,0.0,no_overture_place
babb002b-99da-4a42-a6e2-c8a6b8b9becc,Emotan Clinic and Maternity,295101c3-0d3a-44fc-bfef-58b777a864e2,Emmanence Clinic and Maternity,0.8042,match
ce797398-ab23-4ecd-ad69-c086e883e37a,Maa Health Post,,,0.0,no_overture_place
13aa2649-7121-4b48-88fa-03af81e3da6c,Naibawa Gabas Health Post,,,0.0,no_match
5e700712-7b7e-46ad-bf59-df3d23221bc1,Karar Makama Health Post,,,0.0,no_overture_place
3ac27814-3bc6-4e53-ad0d-d38ac4f4f0ef,Saya Saya Primary Health Clinic,,,0.0,no_overture_place
5c3a7551-cf95-4645-9ae2-7345717bab2a,Jamaa Basic Health Center,,,0.0,no_overture_place
8a76f110-b392-4837-9e19-a11db9fbb52c,Unicare Hospital Ltd,,,0.0,no_match
e52036c3-0102-4b8f-9478-933c69b5e90d,Yanawaki Primary Health Center,f0dd4144-cace-4ae4-a342-e17212648879,Abubakar Imam Urology Center,0.6662,review
b03b6ac6-dcbf-4a5d-838e-73d473fce897,Saya Saya Basic Health Center,67fe7f9e-b06f-488b-8688-36868acda68c,Kibiya Herbal & Islamic Medicine KHIMF,0.6706,review
c877335e-9c48-4b76-91ac-63914727f7fe,Baawa Basic Health Center,,,0.0,no_overture_place
aa423b87-94e0-48c0-ba6d-975b5bfb40aa,Turai Yaradua Model Primary Health Center,3e188e53-2cc5-4727-9ce4-54646189ada3,First Choice Specialist Hospital,0.6157,review
4b922bb4-66be-438b-8840-78275ca7039b,Cikin Gari Dispensary,,,0.0,no_overture_place
bb019a48-1c2e-4d1a-916c-9da9d9ebcc62,Kogo Health Post,,,0.0,no_overture_place
ae2f1cab-0427-46ba-a52c-1e99a87ec673,Hayin Bango Health Post,,,0.0,no_overture_place
9eec92b3-b9a7-4430-8648-7966468487f8,Dirba Basic Health Center,,,0.0,no_overture_place
09fa4cee-5a54-4328-90b1-67ae1418a6b3,Police Academy Cottage Hospital,,,0.0,no_overture_place
beb03d75-502d-43e2-af2d-813115b66d08,Kamagata Dispensary,,,0.0,no_overture_place
3d2e8aeb-2135-46a6-829c-02c1f435c23f,Dabuwar Madina Health Clinic,d07dac35-edcd-4506-8cdc-da699cf80d36,Palace Clinic and Maternity,0.7603,review
f7e9cbd5-375d-4a5e-bb82-b92c0376debc,Tabanni Health Post,,,0.0,no_overture_place
81f309c7-067c-455f-8b7b-cbeeee5f05b8,Sheikh Abubakar Mujin Yawa Health Care,b6d55101-68e7-435d-96df-4a590dee3f9f,Sabo Bakin Zuwo Maternity Hospital,0.6494,review
3dd4c139-e30b-40b0-b64c-1a42a155a4c6,Kara Health Center,ce587974-47e8-4e2e-81e2-83b357a128d9,Kano Medical Centre,0.6712,review
c89425b9-19a5-4c3d-9a37-7a745b64471f,Bagwai Health Center,,,0.0,no_overture_place
b09c3a49-b4c6-4064-856f-1f44654cc0c0,Gadanya Primary Health Center,,,0.0,no_overture_place
89a9ab05-1893-49c4-a961-9b49e4d84a9f,Baure Health Center,,,0.0,no_overture_place
82a7d171-b15d-48cb-a4e6-1329492914da,Jigawar Fulani Health Post,,,0.0,no_overture_place
2f7a531f-1080-4c3b-95d5-60cf2fa3fe17,Butu Butu Health Center,,,0.0,no_match
0a151835-2f24-42d3-95b3-394cb887b6eb,Jido Primary Health Center,a9f49fec-6451-41f4-b833-d2541e333b23,Zupota Special Hospital,0.6811,review
f640025f-ff7a-4ee1-bdf7-7e52a8de4c7b,Rinji Primary Health Center,,,0.0,no_overture_place
8f4e401d-12e3-4b4b-a098-acf0fc7e48ca,Sabo Garba Maternal and Child Health Clinic,50b651bf-a878-4a00-8a28-6d5cc1137996,Health Services Training School and IDH,0.725,review
8f6f6835-667d-4d5b-8ea5-55a396e3aefc,Dandake Health Center,,,0.0,no_match
19648a90-00e5-4e19-a3b7-2efa6ccbad68,Zakirai Health Center,,,0.0,no_overture_place
26b99051-6ff1-46ce-b1c7-6105b31c15ba,Maimakawa Primary Health Center,,,0.0,no_overture_place
1af842be-8bb4-4918-b74b-4e0e255dbd5c,Yan Audu Model Primary Health Center,d4b010de-e16e-47d3-904e-1396bf0b2822,Abdullahi Wase Teaching Hospital,0.6857,review
ff542c7e-7f74-4f9f-beba-74720094694f,Sararin Gezawa Health Center,,,0.0,no_overture_place
d1ec21cc-14ac-4f2b-9421-919fba731e6c,Makera Basic Health Center,,,0.0,no_match
2b4163e1-bbbe-4ce2-9062-2b6f277ceb71,Labi Health Post,,,0.0,no_match
2a0aee07-d4de-46c5-8259-5610a14bcacd,Nawala Health Center,,,0.0,no_overture_place
6af21f64-2de8-46a6-bbe1-3ffdf1b6b3bd,Shuwaki Model Primary Health Center,,,0.0,no_overture_place
13247fa8-3d9e-4aed-9563-dc47a08bf80c,Nassarawa Health Center,,,0.0,no_overture_place
cf997427-5c84-4294-96d1-c63015e2ad66,Imawa Health Clinic,06cbf302-9f9d-4a98-ab52-5eaeb90409bf,Kura General Hospital,0.6934,review
bd296404-c9d7-4fb1-80b1-da561a5b80bc,Babban Gida Health Center,,,0.0,no_overture_place
e68617d9-b087-4b13-80c9-bae7eb36b183,Shanono Health Post,,,0.0,no_overture_place
91258b31-a343-42a4-b4b2-12e25e44a979,Kwaski Health Center,,,0.0,no_overture_place
c8f3e50b-0206-4e85-bcf8-4f99fc6adf7b,Litarawa Primary Health Care Center,,,0.0,no_overture_place
d370cd68-c1e8-458a-b93a-165e23c07004,Janguza Barrack Clinic,,,0.0,no_overture_place
2f187905-9581-4a51-b864-e6005d832ead,Tudun Wada Government College Dispensary,,,0.0,no_overture_place
2a59c1e1-e87d-4e5a-aa39-6dfbfd675c0d,Mallam Mohammed Abdullahi Wase Comprehensive Health Center,,,0.0,no_overture_place
2a58820d-adf7-4d2f-900a-3afd7bc4e55f,Nulge Health Clinic,10f276d8-200e-42e9-adeb-5c8a3b49d151,Kumbotso Dental Association of Kano State,0.6834,review
88fea611-bd5d-42aa-a269-a8a6b37643bc,Hago Health Post,,,0.0,no_overture_place
fc2c83fa-22ca-4048-b433-2a492fb63ccc,Nuhu Bammali Maternity Hospital,b5983153-891e-4f9e-9b38-ca0a32315fde,Bamalli Nuhu Hospital,0.8343,match
a0a923f9-ad08-46da-9b8d-e7e8d00d5d84,Ecwa Hospital,b3e03bdb-a8be-47ec-9c8b-d0317e64df63,Standard Specialist Hospital,0.6091,review
d6df713e-dd53-49a4-a98f-62c92ee6df88,Ahmadiya Muslim Hospital,b9d9cca1-a376-405d-a27d-1653351a1ad0,Ahmadiyya Muslim Hospital,0.8581,match
fc0ce4ca-4bd3-4fcb-ac6a-eded1c49a3b0,Nasara Clinic Maternity and Laboratory,791921e4-7cbf-4be1-b061-f86344bc8764,Standard Specialist Hospital,0.7058,review
9fb6a29f-7cb8-4565-8193-5ac0a7f631ab,Standard Specialist Hospital,791921e4-7cbf-4be1-b061-f86344bc8764,Standard Specialist Hospital,0.974,match
04a42947-eb97-42b1-ae26-286d83030128,Reno Dental Clinic,bc71cade-7eba-4ba7-97fd-1eb4b02d0f66,Africa Center of Excellence for Population Health And Policy,0.611,review
436d2aab-8139-49bd-9a6b-f68da90b2e4b,Gaskiya Textile Staff Clinic,,,0.0,no_match
0a85d656-5689-4a24-b88f-239ec463df92,Sabon Garin Naira Health Post,,,0.0,no_overture_place
ec3fefa9-a283-4456-aae2-22ef1845992d,Catherina Clinics,56e23340-0afc-4bc4-a078-c37c4c35073e,Overcomers Clinic and Maternity,0.7172,review
ea5c117e-086b-4059-95b7-48cdc6fda70b,Shuwaki Nysc Health Clinic,,,0.0,no_overture_place
e76c9dca-94b4-4dc9-b238-0845c92c4ebe,Amina Specialist Hospital and Maternity,f0e292e1-fe23-471a-9905-6f60622e8cd4,International Clinics and Hospital,0.7747,review
0bf696d8-832c-4726-b23f-eba7b4dc8f2d,Ecwa Health Clinic Karaye,,,0.0,no_match
1ca3f7e8-82c3-44ac-8254-86db7d61540b,Rigana Health Post,,,0.0,no_overture_place
d8c7c274-0e23-4932-8f18-4fb8a612f98e,Durun Maternity and Child Primary Health Clinic,,,0.0,no_overture_place
ad7ee400-4055-40bd-a991-f7433c86e4fb,Kazode Health Post,,,0.0,no_overture_place
7056e3f8-a6ef-4d1d-8cf0-67b7063084ee,Jemomi Health Post,,,0.0,no_overture_place
f6d76036-add3-4f6a-83be-c996873459d0,Guringawa Model Primary Health Center,,,0.0,no_overture_place
882acf30-b6b4-46d9-bba3-ae51cd615a80,Faran Health Post,,,0.0,no_overture_place
5148e67b-2b7e-4369-a5fd-90056d6a73e8,Bacha Health Post,,,0.0,no_overture_place
e98d343b-4c33-4aa7-9e9b-6612bc0831da,Dambal Health Post,,,0.0,no_overture_place
aba85c15-46a8-4d93-8bf4-89372b982602,Chalbo Health Post,,,0.0,no_overture_place
f59f025c-4112-4e24-a4a9-3b519ecdbbdf,Unguwar Gai Health Post,,,0.0,no_overture_place
efbf97c9-420c-425e-a47b-11101610c40c,Jirago Health Post,,,0.0,no_overture_place
f0ed4de8-c5b9-4c10-9f9d-38f67fcefe7c,Armed Forces Specialist Hospital,ac11d463-400b-427b-8ff7-5df985b01ad9,Armed Forces Specialist Hospital,0.9991,match
9f4d5480-eb4f-4e72-8b70-feb5a83f403a,Takai Nysc Primary Health Center,,,0.0,no_overture_place
991524aa-aaac-44c9-b612-5de7d36d3867,Shanono Comprehensive Health Center,,,0.0,no_overture_place
7a2a39e4-db5d-4be2-a779-70e0665e9a11,Sani Marshal Maternity Memorial Center,,,0.0,no_match
410392dc-5f02-46ff-b045-c80682caa366,Murtala Mohammed Specialist Hospital,8f01a77d-1c44-4593-80ba-583c296ddc57,Murtala Muhammad Specialist Hospital,0.9726,match
81b9d6ee-293b-4da5-8a63-763ba9f80c23,Kumurya Basic Health Center,,,0.0,no_overture_place
62840099-df03-4d46-b6fd-073f4f413c0a,Karmami Maternal and Child Health Clinic,,,0.0,no_overture_place
9872504e-340a-4e43-a217-5cc5e1f65795,Rimin Gado Comprehensive Health Center,,,0.0,no_overture_place
cf9bb673-d790-41b1-9335-789d93b7d71b,Tsanyawa Comprehensive Health Center,7c41b84a-668c-4fc1-b93d-742fa13b156c,Tsanyawa Comprehensive Health Centre,0.8215,match
c5d6850e-22be-4032-8e03-3a0d2e6327d6,Saye Health Post,,,0.0,no_overture_place
308c56b3-e279-4e59-b52b-c56c240c1e81,Rurum Tsohon Gari Health Clinic,,,0.0,no_overture_place
20b77ff6-292f-44db-b140-ec6f8bae5802,Almu Memorial Hospital,a9e10f42-1e32-4ec0-8460-5d353c401eab,Aminu Kano Teaching Hospital,0.6862,review
d3f063a6-164b-43e5-8204-418ef4685463,Karaye Comprehensive Health Center,,,0.0,no_match
df81b5b2-be76-4ac4-836d-ba90636ee626,Kiru Comprehensive Health Center,,,0.0,no_overture_place
e334dd94-42b6-44a0-a755-6ad8d17a798b,Nariya Health Post,,,0.0,no_overture_place
a1edec22-6c23-453d-a86b-badf36eca115,Mariya Sunusi Maternity Hospital,5e368bf6-c4a7-4c9c-a741-2141ed1b3f4d,Mariya Sanusi General Hospital,0.9201,match
9b8dd736-d1e7-4c6d-aaba-d577621bb6d6,Tofa Comprehensive Health Center,,,0.0,no_overture_place
0a60ffcb-c887-4bb0-9f0c-ce0b1e1e2e57,Sitti Basic Health Center,,,0.0,no_overture_place
276762ad-7c6e-43f3-b047-310ba7fda417,Sabon Layin Kara Health Post,,,0.0,no_overture_place
7f6f6d66-1283-4837-b4b4-20c85710810b,Kara Health Post,,,0.0,no_overture_place
55063ee9-6c4e-417d-86af-cb43ef4e03b2,Sabuwar Madina Health Post,d07dac35-edcd-4506-8cdc-da699cf80d36,Palace Clinic and Maternity,0.6676,review
b91a711d-693d-4016-a80c-d41a771d4698,Matugwai Health Post,,,0.0,no_overture_place
a993229c-950c-4d55-a542-29d65a2a0189,Kibiya Primary Health Center,,,0.0,no_overture_place
ee569296-ba35-417e-9bf2-500073245eda,Amaru Primary Health Center,,,0.0,no_overture_place
f4e2057b-2a2f-4cdc-a601-20a72cd60dd8,Faruruwa Dispensary,,,0.0,no_overture_place
4c03fecf-c677-4b23-be9c-1c9c69862060,Dawanau Psychiatric Hospital,,,0.0,no_overture_place
0d1f54d0-6f12-4cb1-86a8-096de29dec09,Tankarau Health Post,,,0.0,no_match
f42a333a-456f-4ec6-a505-535a166d38d2,Tsara Primary Health Center,,,0.0,no_overture_place
e71963b3-e30d-41af-ad2f-ea261d205416,Dayaso Health Post,,,0.0,no_overture_place
0d65d4d3-7a63-4c41-8c43-95808dd5f752,Unguwar Liman Health Post,,,0.0,no_overture_place
04c311af-bd0a-4805-8d39-5b0a046d5104,Gwangwan Health Clinic,,,0.0,no_overture_place
02af41ec-4d81-4371-b94c-fa3fb3c33481,Sundu Health Post,,,0.0,no_overture_place
1bb9e7eb-1729-4e03-86e9-5893c928c043,Unguwar Mallam Amadu Health Post,,,0.0,no_overture_place
c91fc72b-14af-4287-9922-3d9e728b5027,Tudun Magaji Health Post,,,0.0,no_overture_place
ff845992-233e-4c9f-b0fe-afb13a390817,Karshi Health Clinic,,,0.0,no_overture_place
e47764b4-6e95-4238-92e6-78ae0eb3de63,Dankyandi Health Post,,,0.0,no_overture_place
7ea46aa8-a0da-48ce-9abb-1532e51dce94,Malamawa Health Post,,,0.0,no_overture_place
7e8758a1-424c-4abe-8b19-4838c0902055,Bakaji Health Post,,,0.0,no_overture_place
aac8eb84-5d09-4fcc-bd06-7fbc8aa927c1,Yankwada Health Post,,,0.0,no_overture_place
baabd7e5-a6bf-4615-97a9-64d2a6bb5de2,Kaleku Primary Health Clinic,,,0.0,no_overture_place
81948966-bae3-44f7-ad6d-b40237ecfd6b,Jejin Kudu Health Post,,,0.0,no_match
375b9e1e-2a12-4700-9977-10ae598bc281,Zakawa Health Post,,,0.0,no_overture_place
855869cd-70e4-4ef2-97c3-9bd2c6fdb70c,Gurawa Health Post,,,0.0,no_overture_place
f3bffe67-4d17-4606-9c6e-eb889c66aecd,Yan Chibi Health Post,,,0.0,no_overture_place
fbf08f4c-f16f-4f40-95eb-7604f50e1970,Badari Health Post,,,0.0,no_overture_place
b05daeaa-dc3e-4fd4-a618-8041583bd46d,Yankamaye Health Post,,,0.0,no_overture_place
f2f90c77-f699-47aa-89c1-eb665e62f854,Dan Gayaki Health Post,,,0.0,no_overture_place
432431d7-0d6f-4cd6-abd3-743833ac1876,Jan Birji Health Post,,,0.0,no_overture_place
f6735582-09ce-4d74-bdf2-79855a83ed59,Dakwara Health Post,,,0.0,no_overture_place
9ebe1bcc-0a97-4389-ac0a-92b335ab2332,Yanoko Health Post,,,0.0,no_overture_place
e90d7504-5c49-4221-a204-1f00e00e1890,Yarkasuwa Health Post,,,0.0,no_overture_place
7ec35bbc-cc91-4305-8cfd-cb0afe6d3708,Bankamawa Health Post,,,0.0,no_overture_place
be0e6399-dc43-44a7-b130-5a743efc70aa,Gezawa Tsanyawa Health Post,,,0.0,no_overture_place
581effcd-5cae-4228-8387-3d06c979ce44,Gasawa Health Post,,,0.0,no_overture_place
c551479d-59eb-4ab8-8a79-b01ba4c5d64f,Koya Health Post,,,0.0,no_overture_place
a9f6f639-d5f3-449a-90b7-6ac9664383ef,Dalangashi Health Post,,,0.0,no_overture_place
c64e442b-af5b-4f56-a36a-27f191f7c95d,Sagondare Health Post,,,0.0,no_overture_place
6a4db786-fc04-4bd8-85ad-74091a02db9b,Unguwar Tofa Health Post,,,0.0,no_overture_place
f3ff66f8-b19e-4f2f-98c1-1eff61ccfbdd,Alajawa Health Post,,,0.0,no_overture_place
6e6c2f92-cb79-47bb-bc44-dd49f4f355d4,Dorogo Health Post,,,0.0,no_overture_place
1fb18b9c-04a6-4ec3-afce-5da24c01ddae,Barbaji Health Post,,,0.0,no_overture_place
f8c6ef1b-9336-4de4-906d-cd0c43875362,Yakanawa Health Post,,,0.0,no_overture_place
c70b46dc-e9e6-401f-8465-40dcbc4a98c3,Kundila Health Post,,,0.0,no_overture_place
681bbf91-78d6-4ae3-8aeb-b666ec9cf46c,Unguwar Munana Health Post,,,0.0,no_match
d53e0925-9c4b-4f6a-ad12-c0d290bf088e,Zangon Majema Health Post,,,0.0,no_overture_place
666af7d5-f6ae-48d0-998d-e186e25ddd23,Surfan Health Post,,,0.0,no_overture_place
da008ba6-e965-470b-8b9a-0da80254766a,Dan Nafada Health Post,,,0.0,no_overture_place
a0c9600a-3af5-41de-b2db-671b90527805,Sakarma Health Post,,,0.0,no_overture_place
f1611af1-2252-4723-876b-e7c9a91e1cbf,Bakari Health Post,,,0.0,no_overture_place
54cf5e96-b39c-4144-a411-2f29158e0700,Kokai Health Post,,,0.0,no_overture_place
d3b185dc-e387-45b6-95ba-19671864c74b,Tumfafi Health Post,,,0.0,no_overture_place
b03bfe18-55d7-4d50-9964-60dd64cf2fb0,Unity School Clinic,,,0.0,no_match
c22053ce-3d32-48fc-a184-9c810bea329b,Danbazau Health Post,,,0.0,no_match
7bf188cd-2469-4cb6-9d1a-eadf91d67fd1,Dan Amale Health Post,,,0.0,no_overture_place
ae6dea5a-a9ca-49b6-b865-ac6324abb6ac,Marori Health Post,,,0.0,no_overture_place
67581fd2-c305-48bf-8688-e73a314e7768,Gejiya Health Post,,,0.0,no_overture_place
30f1c797-c6f5-4fa2-9735-ff4a34e5ac35,Rafin Tsamiya Health Post,,,0.0,no_overture_place
bfad14cb-ecb9-47c5-b997-97624af6eb19,Yammammam Health Post,,,0.0,no_overture_place
b94c38bb-4eff-40b0-8b59-ed5823afcf3d,Gabari Health Post,,,0.0,no_overture_place
afce9492-e6be-4ae0-86cd-4a3d2e98f2fc,Unguwar Mani Primary Health Center,,,0.0,no_overture_place
d93a6f08-eeb7-46fe-bca8-5450662e3a84,Jauben Yamma Health Post,,,0.0,no_overture_place
45431af6-d943-4ae5-97db-4228b63ad365,Dederi Health Post,,,0.0,no_overture_place
c097b811-af4c-4b7a-a5a8-8f735f0688be,Jigilawa Health Post,,,0.0,no_overture_place
2aa8f29f-39fd-4fe2-8c6f-e32e1b5e1c07,Sabon Fegi Health Post,,,0.0,no_overture_place
52ccc02a-a06d-42f1-8b5c-66d860bb1b22,Tudara Health Post,,,0.0,no_overture_place
c4403fa3-224d-4c6d-be40-78a53b04de57,Gudan Tuwo Health Post,,,0.0,no_overture_place
87ce2369-187c-48b4-bc03-e1beee2dc709,Dan Soshiya Health Post,,,0.0,no_overture_place
cb507561-2019-4ef7-8ac0-7d0eb8f4b44f,Godarawa Health Post,,,0.0,no_overture_place
ea3a2e56-f9cc-4b91-bf57-aeaa4c2ac08c,Dorayi Health Post,,,0.0,no_overture_place
e6a86b74-c4ac-41a4-9192-d19f13ab375f,Ginzau Health Post,,,0.0,no_overture_place
8b98fc6e-08ac-4747-bfe5-caeed6c1039d,Tafashiya Health Post,,,0.0,no_overture_place
379d6f9e-5a0b-466c-a019-af4a5c441679,Yan Amar Health Post,,,0.0,no_overture_place
8cdfeefc-310b-46b2-90c8-05363bb3c956,Maska Health Post,,,0.0,no_overture_place
3ee9a478-77df-4e88-9ce3-1e0ab0713afb,Unguwar Bakke Health Post,,,0.0,no_overture_place
14d59372-f9b5-4ca6-9b35-ddafe027df98,Faggore Health Post,,,0.0,no_overture_place
ce6d6960-20c4-419e-b9f7-ef1d84c69b6e,Tatsan Health Post,,,0.0,no_overture_place
aad58dce-e8bc-4323-8870-9522301efe3c,Farsa Health Post,,,0.0,no_overture_place
6c81597d-4158-48a3-8d48-b719de27a799,Gajal Health Post,,,0.0,no_overture_place
b2e73261-3785-48c4-acf0-b6a43fd17799,Husama Health Post,,,0.0,no_overture_place
6d186f18-a063-4d52-8bd3-6e72d2373589,Bakwami Health Post,,,0.0,no_overture_place
855f3062-b8d0-4a0c-8545-4f39c29fdd63,Sarigirin Health Post,,,0.0,no_overture_place
b86ebd10-a292-4d4d-90a4-fc74b3552c44,Badau Health Post,,,0.0,no_overture_place
656038a5-b2be-40e6-a766-43e0400868fc,Dutsen Karya Health Post,,,0.0,no_overture_place
7079e1ed-f604-43ea-a887-f8244b3ec781,Yartofa Health Post,,,0.0,no_overture_place
d2959613-93be-449b-a1cd-e7fe52989fd9,Kyarana Health Post,,,0.0,no_overture_place
d07a3ae7-628d-48f1-8ae9-7018710fa6ce,Kanye Health Post,,,0.0,no_overture_place
9e84976a-356f-4f0e-8d12-d7a66e3ac51c,Malikawar Sarari Health Post,,,0.0,no_overture_place
718036b1-4859-4052-b745-38f2870a1d55,Baskore Health Post,,,0.0,no_overture_place
4897c1a4-688e-4fd6-b67c-75f156e0c184,Tsidau Health Post,,,0.0,no_overture_place
464ea93e-4805-494d-9472-08ea847eaa28,Lafiya Surgery,295101c3-0d3a-44fc-bfef-58b777a864e2,Emmanence Clinic and Maternity,0.6218,review
9eeb2606-e7ec-426c-90f3-e288f0cfb42b,Malikawar Garu Model Primary Health Center,,,0.0,no_overture_place
43a162f1-5224-46d0-b52f-773aa743eca2,Magami Health Post,,,0.0,no_overture_place
ad78ab6a-d2a9-4176-a75e-2729db7cd944,Kauyen Mahauta Health Post,,,0.0,no_overture_place
a0cb48de-390e-486d-b693-cdc92d197c9f,Jarumawa Health Post,,,0.0,no_overture_place
7dc7a681-b64c-4133-9877-f778a2510496,Yangwarzo Health Post,,,0.0,no_overture_place
f28ebc43-9b0f-499c-92de-ce38f4864d3b,Danmaliki Health Post,,,0.0,no_overture_place
150af769-3144-409f-bff9-2dcc03a6ef3b,Daurawa Health Post,,,0.0,no_overture_place
ea655d77-4445-48cc-9289-d45e088b7827,Alhazawa Health Post,,,0.0,no_overture_place
603950b1-b788-413e-ab34-7f650e5a4cc9,Kafin Maiko Health Post,,,0.0,no_overture_place
887a61f8-833e-44c2-8d2c-1e85fe1859b5,Hagawa Health Post,,,0.0,no_overture_place
403d5c9c-8340-4d7d-9b80-58a500a2c7c5,Romo Health Clinic,,,0.0,no_overture_place
5b63c9cc-5ead-4a82-ab3a-8865303f1d13,Daddauda Health Post,,,0.0,no_overture_place
c70abaa1-913d-4f77-91c4-ac5c843f7c12,Makatuwo Health Post,,,0.0,no_overture_place
966d0589-a90f-49ca-baee-3b64d3666c05,Karari Health Post,,,0.0,no_overture_place
1ed28c90-4ced-4b42-a52b-2517e8b5d601,Indabo Health Post,,,0.0,no_overture_place
61f0374f-0588-4913-9d37-488f668115b1,Tsaraka Health Post,,,0.0,no_overture_place
f4f877a5-5f59-4775-9efe-45c8810ed8dc,Yalwa Kantudu Health Post,,,0.0,no_overture_place
6c6618d4-54e0-40e2-94a4-a0bb7bbe635f,Saniaawa Health Post,,,0.0,no_overture_place
cd2a3960-3753-4c14-854e-64566119d3cb,Bumai Health Post,,,0.0,no_overture_place
db147a24-0c24-499c-817e-df7ec25722fa,Malam Gajere Health Post,,,0.0,no_overture_place
2e3f22f2-cb5a-4c47-825d-f641438cbdb6,Kazardawa Health Post,,,0.0,no_overture_place
61b01f97-ebc1-40b6-ac15-d0646817d6b5,Rimin Bai Health Post,,,0.0,no_overture_place
c55365fd-5de9-475d-8afd-035ad8b636cd,Gazan Health Post,,,0.0,no_overture_place
de975229-f584-49af-9135-4d37c390d503,Rimayen Rake Health Post,,,0.0,no_overture_place
4f183c46-00d8-41ef-8e11-0ea3674138a1,Kariya Health Post,,,0.0,no_overture_place
4c3d9d9b-33fe-41ec-813a-fd4cda6ab032,Kauyen Adam Health Post,,,0.0,no_overture_place
5241fd44-24c5-4b3e-a183-0f4898cbbc01,Hayin Gwarmai Health Post,,,0.0,no_overture_place
99d4d3eb-f76f-421a-ab2d-70865f8ed122,Zuwo Health Post,,,0.0,no_overture_place
22946535-abf5-428e-b26b-fbf3279e2e8e,Jangefe Health Post,,,0.0,no_overture_place
bd48bcd0-9f76-4658-8f6c-0bf5faeb9b56,Jaube Marke Health Post,,,0.0,no_overture_place
e947b141-2eed-4717-a37d-de736708067d,Shadau Health Post,,,0.0,no_overture_place
db4b3227-5f27-4b00-8c45-a17b0cbe46b8,Badodo Health Post,,,0.0,no_overture_place
7e3055d8-e14c-4700-99f0-3bb2e29f0ce9,Gabasawa Health Post,,,0.0,no_overture_place
71a4f687-9843-4782-bd35-44db874516b1,Fcet Bichi Staff Clinic,,,0.0,no_overture_place
536ce4f8-c306-4ea7-8825-7dba3de9487f,Damisa Health Post,,,0.0,no_overture_place
bbfc6ce7-5dfc-4d61-961f-28c9ac3e01d8,Kwajale Health Post,,,0.0,no_overture_place
9abfc368-3758-42d4-a2d2-4dd3808c702d,Galadimawa Health Post,,,0.0,no_overture_place
3ea4320a-1248-4423-978f-f3a0ca2eb9b8,Danjaka Health Post,,,0.0,no_overture_place
79cf9cc2-df23-45a6-9031-f1f844df5a44,Hugungumai Health Post,,,0.0,no_overture_place
7f734ce5-c2d9-4e1e-895d-e0b33ca9c040,Danbubu Health Post,,,0.0,no_overture_place
a8836820-b73e-47c5-81cc-7bdba4304fec,Dan Isah Health Post,,,0.0,no_overture_place
e20a8f76-7566-422d-a323-695a03696379,Gadaba Health Post,,,0.0,no_overture_place
5cce32cf-b294-4545-9b80-1dbefcee3292,Yango Health Post,,,0.0,no_overture_place
b07b3c08-c99b-439f-83df-577e96592937,Unguwar Turaki Health Post,,,0.0,no_overture_place
df40ace6-415a-403c-8e2d-7b24d9ee7dd8,Dugurawa Health Post,,,0.0,no_overture_place
db745496-1ae3-4745-b7f8-555908c962c9,Hauwaden Galadima Health Post,,,0.0,no_overture_place
94e97f9d-db67-48b0-a33b-d17dbaf043f4,Iyawa Health Post,,,0.0,no_overture_place
b44dd5f0-f75d-466e-a64f-e8296984b9ef,Gajale Health Post,,,0.0,no_overture_place
85359c0e-876b-4efe-9378-455762e70ed6,Karofawa Health Post,,,0.0,no_overture_place
58239334-75c7-4531-a031-4f94791fb4d7,Jibga Health Post,,,0.0,no_overture_place
7530ba55-91bc-42ca-bfd1-0c73a75247ff,Masanawa Health Post,,,0.0,no_overture_place
6b114c6c-113b-4bbb-9775-b3a0f35159f3,Tuga Health Post,,,0.0,no_overture_place
f26bcfa8-3e32-414f-8e86-0e3faa7520f2,Matan Fada Primary Health Center,,,0.0,no_overture_place
c3f7e3e3-2065-4616-be00-59840e656770,Dumbule Health Post,,,0.0,no_overture_place
28c62b6a-094a-42ca-bfd5-bd8e8d1da764,Dutsen Dorawa Health Post,,,0.0,no_overture_place
e2497145-1f8b-47f6-837b-9bf2a14b3eff,Bargi Health Post,,,0.0,no_overture_place
a611038d-3c80-43f9-9e2e-0535649122c5,Unguwar Kwari Health Post,,,0.0,no_overture_place
e883a469-660a-4c4e-bb06-47ed30675b46,Yan Dutse Health Post,,,0.0,no_match
0cbc226d-face-4978-985a-23e0f941bcd5,Baje Health Post,,,0.0,no_overture_place
0a92d0b2-feaf-4e42-8eee-20d5ddab5b23,Ginsawa Health Post,,,0.0,no_overture_place
fdaa6eb6-a290-4b18-9433-4a1045f5c379,Alfijir Nursing and Maternity Home,,,0.0,no_overture_place
ead44f9b-86e9-48e7-85be-658a44600e64,Gara Health Post,,,0.0,no_overture_place
dbe71c0c-53cc-4acd-8e51-196251e9e6b1,Dindere Health Post,,,0.0,no_overture_place
d8ac0e64-1944-4c0d-80d1-518f72bf2166,Yakun Health Post,,,0.0,no_overture_place
9769f4ee-1516-43ef-8532-83118fbfd6f6,Sanakur Health Post,,,0.0,no_overture_place
83314311-e30d-4397-9e70-7b39fee8fcaa,Kaya Health Post,,,0.0,no_overture_place
28eb9274-057b-44a6-bead-1356af8f5689,Yankifi Health Post,,,0.0,no_overture_place
ce15fc99-1c18-423d-9f75-40d5213409af,Falle Health Post,,,0.0,no_overture_place
410d4bc4-c455-4466-9438-e07a2a5c7630,Madine Health Post,,,0.0,no_overture_place
01d70a08-1343-48d7-9654-fca56949a61b,Jinjimawa Health Post,,,0.0,no_overture_place
85261896-20db-40f1-b503-322db5221bb0,Sabo Health Post,,,0.0,no_overture_place
33d7b87b-c659-4f36-8c04-d261fa0d46c8,Magawata Health Post,,,0.0,no_overture_place
a9408020-a274-4f85-804d-e95fecab5b78,Chinkoso Health Post,,,0.0,no_overture_place
1c92d639-d71a-42a8-8cc8-3624981d9319,Jili Health Post,,,0.0,no_overture_place
0536a6b0-5b04-4d86-bfb2-9fa79ea4a461,Zango 2 Health Post,,,0.0,no_overture_place
1f3eadc9-5cb3-4a7f-ac0c-838467bf61c4,Dawakin Dogo Health Post,,,0.0,no_overture_place
e3734c50-9efe-433a-8811-0bc1abcf63e5,Kuku Health Post,,,0.0,no_overture_place
4003a824-07fc-424b-ba22-af3e82a79d08,Gajida Health Post,,,0.0,no_overture_place
02827623-0a28-4f2e-94ad-cb8e574c1764,Unguwar Labi Health Post,,,0.0,no_overture_place
2b7dcfb4-8e8f-4e0c-99ac-03dde7980727,Belli Health Post,,,0.0,no_overture_place
6a64cceb-600b-49fb-92b3-35ec28806dc8,Madobi Vetenery Clinic,,,0.0,no_overture_place
264597f6-8e2a-475c-8262-9ab6d5561e7f,Jagaja Health Post,,,0.0,no_overture_place
e7ae0928-d9cd-4d99-b08a-bbb8ec22c9e9,Gulbi Health Post,,,0.0,no_overture_place
d6f714eb-488b-487b-906c-4965776d2ce8,Salamatu Clinic,0ec67128-31f0-4787-a356-fe978ea4a4be,Darus-Shifa Herbal Medicine,0.6577,review
6a822658-79d8-40f6-9bba-fe4350f43307,Yakasai Health Post,,,0.0,no_overture_place
fe278beb-e7ad-406a-87c1-1823c79c0078,Yanbundu Health Post,,,0.0,no_overture_place
c36cd73d-fef3-4f9b-a154-9b8bb3861ea5,Yar Rutu Health Post,,,0.0,no_overture_place
f07e34b3-baa3-4e97-a58e-0d3e225caa2c,Maigari Ingila Health Post,,,0.0,no_overture_place
ca0dca4c-2c2a-4574-b9f8-01795c466568,Sodawa Health Post,,,0.0,no_overture_place
6cf4fa4f-d747-462c-9de8-1101e9877fc6,Jodade Health Post,,,0.0,no_overture_place
79912918-11ad-449f-9e69-d8a36c960c9b,Rikadawa Health Post,,,0.0,no_overture_place
4477ea54-310f-43f0-8241-5ff97549fe0d,Taddangari Primary Health Center,,,0.0,no_overture_place
131440d3-6699-416f-86cb-de0d0c300f94,Ivory Clinic,0b64e63e-fe39-498e-b6ec-f3644c1a5162,Eye Clinic,0.7917,match
35237b2d-3bf2-4f26-a2e4-8e93cbeeb898,Shamakawa Health Post,,,0.0,no_overture_place
37eeb8eb-72e4-4e16-8a11-1d34d3e80e35,Kargon Kunchi Health Post,,,0.0,no_overture_place
b32ba899-3384-4fe7-829c-9375d0ca6448,Nasarawan Kuki Health Post,,,0.0,no_overture_place
7d269d9c-5e83-42eb-b173-a44417ce87dc,Tariwa Basic Health Center,,,0.0,no_overture_place
c9086f6d-4118-4463-a76f-748ef1d237b8,Jaube Health Post,,,0.0,no_overture_place
6c8eb5ca-cc9e-4ba0-a9b5-1fb6cc1a378e,Sumana Health Post,,,0.0,no_overture_place
96917ef9-0068-4529-9339-c42b1c77adfd,Gwamai Health Post,,,0.0,no_overture_place
c5ea372e-e418-434c-bbb0-4709a6419f97,Tsaure Health Post,,,0.0,no_overture_place
2c5d538e-0181-4217-95e7-e9466f36930d,Dogon Marke Health Post,,,0.0,no_overture_place
8e3d9f72-3c75-4b5f-a6dc-a6cfce8020b5,Dansudu Health Post,,,0.0,no_overture_place
334f3e12-f12d-4eba-a633-8afa88ca43b6,Gora Health Post,,,0.0,no_overture_place
b8c442ad-9f4e-45b9-97e2-fc3938fed665,Tofawa Health Post,,,0.0,no_match
2eda0177-180b-4d84-8f23-42a7b2971388,Tabani Health Post,,,0.0,no_overture_place
fbbae7d1-3da8-4d06-8b69-04db0f2ae3f0,Maigari Health Post,,,0.0,no_overture_place
f00adc9b-21e0-439a-be9a-e4ee156b6b00,Kawaji Health Post,,,0.0,no_overture_place
4276024c-0131-4261-aa7f-dd858338dc05,Goverment Secondary School Health Clinic,,,0.0,no_overture_place
8cd864ad-accf-4649-84ed-0d351e81766d,Daddu Health Post,,,0.0,no_overture_place
d8308029-fd28-4d4c-8318-a02f5f5248a9,Science Secondary School Health Clinic Dawakin Tofa,,,0.0,no_overture_place
89a7cea4-1b27-4bcb-b679-ebd7e9c511ed,Kyauta Health Post,,,0.0,no_overture_place
5c37a274-b3d6-47f0-8048-6eeda86ad6a4,Tukuibi Health Post,,,0.0,no_overture_place
827783c2-defa-41cf-8f55-4a5208e3b843,Dutsen Gama Health Post,,,0.0,no_overture_place
11d482b3-396d-4251-820f-07c504f4c052,Cikawa Kwari Health Post,,,0.0,no_overture_place
1ab39b95-a48c-4fb6-8192-1a414b355de4,Ruwan Tabo Health Post,,,0.0,no_overture_place
961cde9b-9640-4f29-a3a9-dcde63803a4e,Kasuwar Kuka Model Primary Health Center,,,0.0,no_overture_place
10c671db-dc1a-4f42-a9a3-8a2aabfb0304,Kubarachi Health Post,,,0.0,no_overture_place
846d6037-d164-48e6-83e7-94ed580368cc,Dan Kwai Health Post,,,0.0,no_overture_place
4e587aa3-bb4c-4972-a669-200e0aaddcd5,Gudau Health Post,,,0.0,no_overture_place
0cd5e232-b12a-4b26-88ff-bb6b7129c908,Dariyar Shere Health Post,,,0.0,no_overture_place
d79ff389-5b4c-40af-a609-e134c155f6b4,Dungurawa Health Post,,,0.0,no_overture_place
eb98b323-eb5f-4490-a7a4-32bde3f2968c,Jirgwai Health Post,,,0.0,no_overture_place
270c252e-8d62-4726-9551-3f9fa39c1261,Marga Dari Health Post,,,0.0,no_overture_place
76219fd7-8f29-441a-a977-30ac97106d69,Romi Health Post,,,0.0,no_overture_place
795e6560-e8fd-42fa-a745-90e8244864af,Kwiwa Health Post,,,0.0,no_overture_place
bab11cf7-c4d1-4b27-a2e7-bb36229c0730,Yarimawa Health Post,,,0.0,no_overture_place
4008ba88-b3bb-47da-99d3-52cecb9ecda6,Agalawa Health Post,,,0.0,no_overture_place
c6104223-dbbb-4a0b-ae55-5dd8ba5a5c28,Daburau Health Post,,,0.0,no_overture_place
890e46d9-2874-4a30-99d2-6bb12c5dc3a0,Kadawa Health Post,,,0.0,no_overture_place
8e5aafb8-1264-4a3c-983e-3d3ff9b45640,Faska Wambai Health Post,,,0.0,no_overture_place
604d9f03-55ca-46fe-bba8-092e9645f236,Danshayi Health Post,,,0.0,no_overture_place
989dc988-963f-4a81-87a2-61c72c7afa84,Kwarken Health Post,,,0.0,no_overture_place
3473d2bb-d9cf-454f-956d-7355fff97943,Sakaratsa Health Post,,,0.0,no_overture_place
81c1e144-9d09-4e90-a7da-67bc7b2ab6a1,Kudurun Health Post,,,0.0,no_overture_place
df1769f7-dd8f-40d2-96f6-c5e21751ff3f,Janguza Health Post,,,0.0,no_overture_place
18506201-0d86-42c7-b215-f4b25e6f9e96,Government Girls Secondary School Kwa Health Clinic,,,0.0,no_overture_place
2962fabe-236f-4caa-be5a-80ce28ab3159,Kwarken Gabas Health Post,,,0.0,no_overture_place
fb0164a2-ed1a-4cb1-8f79-99b3b08dd48b,Gargai Health Post,,,0.0,no_overture_place
83a0ca67-54de-4554-8832-51738ba97f58,Chiromawa Kwari Health Post,,,0.0,no_overture_place
fbbd5398-8e4f-41f0-a99c-1cb9b3b2bd3d,Bankaura Health Post,,,0.0,no_overture_place
99d60daa-b5cb-4325-8f58-4c864425f2a2,Sarauniya Health Post,,,0.0,no_overture_place
b0c920b4-2c08-4102-a1c1-363241e84c39,Nassarawa Bagadawa Health Post,,,0.0,no_overture_place
5b065197-ef85-472e-880a-86421377aab6,Tashar Kadiri Health Post,,,0.0,no_overture_place
6ffc453c-79e5-481a-b02f-253b97a53d4c,Tinki Health Post,,,0.0,no_overture_place
76841434-3025-4fa3-a5f8-17f186835df1,Chedi Bubba Ruga Health Post,,,0.0,no_overture_place
fa3fed41-8e91-4f22-9ab7-048d1bd3b803,Yantudu Health Post,,,0.0,no_overture_place
661c4826-7545-4e53-a55c-fd22f14bb439,Azore Health Clinic,,,0.0,no_overture_place
dda7bbdc-2e13-4873-81fb-c163f9e6e2ef,Ganji Health Post,,,0.0,no_overture_place
56ed4cbc-5469-4eaf-b56c-7cd7e1c65b0c,Bum Bum Health Post,,,0.0,no_overture_place
2f676a66-7041-4f67-a215-76e82e19bd51,Dan Maura Health Post,,,0.0,no_overture_place
4168e60f-47f9-4f00-bec5-21b70f645627,Ningawa Health Post,,,0.0,no_overture_place
f2fc7dcb-dec9-4ba8-b2ca-ec3541c24f2b,Bagadawa Health Post,,,0.0,no_overture_place
1f9264c6-a7a9-4f5b-97bc-d29160f4bf15,Danjirima Health Post,,,0.0,no_overture_place
d548ed99-879b-4f14-a1f1-fc74f8314dee,Shuwaki Health Post,,,0.0,no_overture_place
2671c6c9-e66c-49ef-96ed-171ab57314bd,Tudun Wada Ggss Dispensary,,,0.0,no_overture_place
33c8108a-8d8f-4ecd-9f31-61034819cb08,Yalwa Health Post,,,0.0,no_overture_place
2ef62824-4fea-41e6-be73-c59b5f2eccfa,Maraya Health Post,,,0.0,no_overture_place
55b013b3-6b14-440b-a65e-b7b3962634e1,Shakura Health Post,,,0.0,no_overture_place
fe443dc4-b665-45ef-b28e-0882e9645ed5,Dinka Health Post,,,0.0,no_overture_place
5685fbea-0d4d-4dba-a5e2-f36ad6192339,Chiromawa Primary Health Center,,,0.0,no_overture_place
5c9b46c2-6b2a-4d4e-910b-021fc45d61b5,Galaji Health Post,,,0.0,no_overture_place
6fd466dd-5d21-44b9-b8bd-fb2747c0f6cb,Makwaro Health Post,,,0.0,no_overture_place
597c1700-1369-4c1e-ac3e-7b631ff3e3df,Samawa Health Post,,,0.0,no_overture_place
2145e89e-a34e-41bb-b86c-e37494dc0af8,Fagen Kawo Health Post,,,0.0,no_match
f3170f95-b957-423f-87b5-4f167ad1ef2f,Godar Ali Health Post,,,0.0,no_overture_place
9424bb69-d124-4d02-ba0d-6167c8578fd9,Dunawa Health Post,,,0.0,no_overture_place
8300da8a-4fb4-4baa-9bc3-d602201a45a3,Kadawa Quarters Health Post,,,0.0,no_overture_place
87b15541-49ea-4fc4-9733-f45121867df0,Kura Surgery and Maternity,06cbf302-9f9d-4a98-ab52-5eaeb90409bf,Kura General Hospital,0.7373,review
20b8982b-8b4d-40d4-9d99-1744f26476b7,Burumtumau Health Post,,,0.0,no_overture_place
f78105c4-75bc-4ce1-b46e-979c89053cbb,Chedi Maidala Health Post,,,0.0,no_overture_place
bbac4cbe-59a5-4425-a304-0ead887810fd,Dumaji Health Post,,,0.0,no_overture_place
ce7eb496-19c1-4ba4-9b1e-492e18ffed3f,Jajira Health Post,,,0.0,no_overture_place
a4a51596-7284-4ce0-b607-2801d92b6ffe,Danbare Health Post,,,0.0,no_overture_place
3da22f07-922d-4cc7-ae53-a3eab79f0c6f,Challawa Basic Health Center,,,0.0,no_overture_place
33400a24-e227-434f-ba55-d215429e28cd,Gatsiki Health Post,,,0.0,no_overture_place
ee0365e1-cbcd-4d08-b404-853ee941b6f4,Runkusawa Health Post,,,0.0,no_match
503dc4f7-a478-4d95-83ef-8d2d4fc699d5,Damfamin Tofa Health Post,,,0.0,no_overture_place
a9e2e9f1-54fd-4256-a174-00d9ed1e343c,Rimin Kwarya Health Post,,,0.0,no_overture_place
53657e38-50fb-4911-9a06-63e17af7c671,Unguwar Kudu Health Post,,,0.0,no_overture_place
642d2a13-d689-452a-a22e-67ae1111330b,Yarkanya Health Post,,,0.0,no_match
17977c3b-1480-4c94-97fb-47233bc98cd8,Dawanau Psychiatric Hospital,a577e557-cc89-46f9-b29d-805e1a2b820a,Federal Neuro Psychiatric Hospital Kano State Dawanau,0.7866,review
c903002a-8b05-4791-b43b-69f575214528,Dausayi Health Post,,,0.0,no_overture_place
1c1627fe-4265-432f-b9af-0ae98e8e6695,Yatsi Health Post,,,0.0,no_overture_place
a35998f3-5d57-4fc5-9150-6fe87d19ecb9,Tashar Basa Health Post,,,0.0,no_overture_place
3329119d-67b9-4200-a857-4797f681bcec,Kungu Health Post,,,0.0,no_overture_place
3b88ca5a-f51b-4fbc-bd41-cbb6de074b0b,Fango Health Post,,,0.0,no_overture_place
c7129159-11ab-415b-a417-78bfca048c3f,Sabon Gari Doka Health Post,a577e557-cc89-46f9-b29d-805e1a2b820a,Federal Neuro Psychiatric Hospital Kano State Dawanau,0.6164,review
7189527f-cb47-4f6c-b929-64249c8e82a9,Katsinawa Health Post,,,0.0,no_match
2b0a16eb-57cc-4837-b7cc-5f4d91ad87f7,Gafan Health Post,,,0.0,no_overture_place
ac0bcd72-29c0-4cb3-8c8c-2f6038e22a0e,Danbaba Health Post,,,0.0,no_overture_place
719f3bca-f8c1-4b75-b63f-45e5af8bdefc,Hausawa Health Post,,,0.0,no_match
04a56860-90ee-42da-a283-73c9cca9286e,Kirya Health Post,,,0.0,no_overture_place
91628406-46b4-4d3a-ae10-795a69a3face,Refawa Health Post,,,0.0,no_overture_place
a67bcfb6-046b-4a59-a363-d21bdec3c63a,Mudawa Health Post,,,0.0,no_overture_place
b10df031-dc0c-43aa-a5b2-eb3b0a380435,Kadani Health Post,,,0.0,no_overture_place
b5683f47-de29-416e-ac29-d799fb529a0c,Samegu Health Post,,,0.0,no_match
bf1b4e54-bdb1-4cdb-b00d-e1e04d4b5992,Panshekara Primary Health Center,8afb8787-a58e-4b41-ac54-155f93bc8da1,Panshekara,0.8061,match
a114663d-ef65-427d-bd52-b3a1d5b396f1,Marke Danya Health Post,,,0.0,no_overture_place
d913050a-8bf1-4be5-9fc3-0a9c97795ae8,Guraza Health Post,,,0.0,no_overture_place
25252c28-aa77-4f10-9e7a-8ac096f24f81,Koguna Basic Health Center,,,0.0,no_overture_place
77bd5012-4154-498d-9a5e-428180b86730,Imawa Health Post,,,0.0,no_overture_place
6e6e809b-ee2e-4fa4-b620-9cc3c219c38d,Dorrayi Babba Primary Health Center,2d0bc624-b32b-4dcf-8328-fbdaf22182c1,Aminu kano teaching hospital AKTH,0.6378,review
5a2346e5-f5cf-45bd-9d25-8b8775bd78d0,Tangajiyo Health Post,,,0.0,no_overture_place
1914a697-0c12-47c4-b505-ec6665c65f04,Sabuwar Kaura Health Post,,,0.0,no_overture_place
a920fc81-32bb-4905-9a7f-c964f623e9e7,Bachirawa Health Post,bb7d1fd9-3a85-4009-bc69-3ea228edcf4b,Waziri Shehu Gidado Hospital,0.6091,review
a7174c54-84c2-4d04-9f8f-7fc6f4c68cdb,Fagwalo Health Post,,,0.0,no_overture_place
be1a25ea-a419-40d4-8d36-f11005a5b470,Dandalama Model Primary Health Center,,,0.0,no_overture_place
202bb240-081c-4e2f-b7b6-363a204dc6a6,Zawa Chiki Health Post,,,0.0,no_overture_place
69091fbf-3713-4ca5-9be3-027916fd28c3,Makunturi Health Post,,,0.0,no_overture_place
8a2a5cc8-0fb1-4cc8-af97-316738240564,Yammawa Gamji Health Post,,,0.0,no_overture_place
cf8802f6-ba73-4efa-ab4d-94ed7d149b62,Gyauro Health Post,,,0.0,no_overture_place
21df1988-49f7-454f-86da-7ee548627620,Janbulo Health Post,6bfabd37-273c-429c-9c5e-0fa20a2f6574,Zhahir Hospital,0.6236,review
cf309098-a3ba-4e48-961a-6d81f237965b,Yanmata Gabas Health Post,5e368bf6-c4a7-4c9c-a741-2141ed1b3f4d,Mariya Sanusi General Hospital,0.6345,review
8248477a-b039-4e44-8135-e440d8e153cb,Kuidawa Health Post,,,0.0,no_overture_place
cf7d7666-b78c-4197-a432-0bf03c655049,Yammawa Wanzamai Health Post,,,0.0,no_overture_place
aed5d527-bf33-42cc-a029-f1ee027324f0,Bugau Health Post,,,0.0,no_overture_place
590e5ab9-1789-470d-881b-be10261bdf3f,Kurna Health Post,,,0.0,no_overture_place
0ccb494d-71fe-4819-93ff-a9b855b8c28c,Roba Health Post,,,0.0,no_overture_place
283266fc-d39a-4722-ab84-dc2460e18e67,Kunya Hospital and Maternity Clinic,ad48391f-b4c5-44a1-b039-5226ef9bfa56,Kunya Hospital and Maternity Services,0.9195,match
6abfe984-4804-4374-95af-71a25fa526d4,Yakasai Dandalama Health Post,,,0.0,no_overture_place
22e089e8-47e8-48a0-b1b9-c4993f307204,Gobirawa Health Post,,,0.0,no_match
459809be-fbf9-48a5-bef3-5b0ba44f7c58,Wuna Health Post,,,0.0,no_overture_place
13b52b10-8958-4d85-af9b-a58bb4b6cc62,Dandinshe Model Primary Health Center,,,0.0,no_match
0a730b2d-e178-4b4d-9e2a-1219bdadb1b2,Dan Rimi Health Post,81511009-02a4-4b17-8122-3adfc48b71cc,Ungogo Basic Health Centre,0.6741,review
9db3aa5c-cc3f-4a93-a6f4-747b3f0e3536,Kauyen Mai Unguwa Health Post,,,0.0,no_overture_place
958f2cd5-9fae-49bf-82d5-59e026caece7,Zangon Barebari Health Post,,,0.0,no_match
0ac19236-9ca3-4e9f-a5a1-c2960661730d,Tudun Bojuwa Health Post,81511009-02a4-4b17-8122-3adfc48b71cc,Ungogo Basic Health Centre,0.6599,review
1715a8ff-81c3-4198-a551-ca32dbe9face,Fce Staff Clinic,,,0.0,no_match
16f489e5-29e0-4aa5-bd69-cc22fee054be,Tangaji Health Post,,,0.0,no_overture_place
87184442-6ebd-46e6-9ff6-e61efd84a7c7,Jibga Fulani Health Post,,,0.0,no_overture_place
d93c3a86-e06c-4fa5-9d8a-a15849eda34d,Galinja Health Post,,,0.0,no_overture_place
7126eb51-dc70-48e9-826d-79695986a703,Dambazau Health Post,,,0.0,no_overture_place
936d0188-31d1-40d3-b1d1-ea8e38b78343,Gajingiri Health Post,,,0.0,no_overture_place
3fc7ade4-deaf-4c9f-b36b-fd185fcddcdf,Bechi Health Post,,,0.0,no_match
e33e1c1c-8423-49ed-b35c-686fca49abd8,Karfi Health Post,,,0.0,no_overture_place
0c6537f1-9ded-4f20-a0b8-6fc8dde658f2,City Clinic,,,0.0,no_match
47a26507-df6f-4f3b-a3a0-308e8ade77cd,Sabon Ruwa Health Post,,,0.0,no_overture_place
faea2c59-691f-499d-af2d-c10072f2d115,Shiye Health Post,,,0.0,no_overture_place
8b7c7dc3-59c1-456e-8354-a8b52cf068a6,Kofar Ruwa Health Clinic,426d88b8-e2ea-4a66-941f-c7fe89ca009b,Albarka Clinic,0.7017,review
85c84c48-f82c-4732-a2bb-09399b9cc5a5,Yan Bawa Health Post,,,0.0,no_overture_place
aebc962c-9a36-4e4b-af39-cda7ccae5e7f,Dan Itache Health Post,,,0.0,no_overture_place
f55e84d8-955a-4f9f-9f12-ca9164c542be,Kwamitin Makota Health Post,ee1f1af9-8402-4078-9a36-cdf203e79e9a,Orbit Dental Clinic Kano,0.7133,review
e1e39893-d05d-4027-bc30-57576ae3253f,Bare Bari Health Post,,,0.0,no_overture_place
61bab1e0-c8ac-4f7d-a902-8e367cb6d6b2,Bakarari Health Post,,,0.0,no_overture_place
0b0ed7ee-5e80-445b-8bcc-8f591fdb80a1,Dan Maidaki Health Post,,,0.0,no_overture_place
1bfbe284-529d-4c90-9794-a4226257be6e,Aisami Primary Health Clinic,dee30683-03f7-40f9-8abe-7f45433fce29,Makkah Specialist Eye Hospital,0.7212,review
ba213d03-222d-4104-a1fd-c8a4a293a09e,Ajumawa Health Post,,,0.0,no_overture_place
ca69e4fb-951c-41ed-8166-fc0795ee9804,Garangamawa Primary Health Center,df443bda-4a3b-43ca-8496-db6150fd1b44,Salihannur Natural Herbal Medicine,0.6425,review
8b131457-9ebb-4793-9ce5-19003b73fbd4,Bokavo Health Center,,,0.0,no_match
b005d505-ed04-4908-a8e3-791248c7d9cc,Rijiya Biyu Community Health Clinic,b6d55101-68e7-435d-96df-4a590dee3f9f,Sabo Bakin Zuwo Maternity Hospital,0.6171,review
22417931-070c-4142-b9a8-89cdf275eb75,Gainawa B Health Post,,,0.0,no_overture_place
43bae462-256c-4dcc-ae10-07921ab166c4,Geza Health Post,,,0.0,no_overture_place
1598e79c-0515-4111-95e4-7a56e5a1ff59,Agarandawa Health Post,,,0.0,no_overture_place
782d0792-595f-4d78-98b8-da9600296140,Fuskar Arewa Health Post,39aa3847-a8db-4128-9afb-1be4023c1311,Alkutubiyya Naturals,0.6412,review
69981195-d95d-43ba-8435-c215bf10b3f0,Nura Sarhamu Clinic,df443bda-4a3b-43ca-8496-db6150fd1b44,Salihannur Natural Herbal Medicine,0.6105,review
0108eda6-59f5-4c52-9eba-43691c9e0abc,Ggss Dambatta West Clinic,426e74f5-89a8-438d-a9ad-a812a28b1e0d,Dambatta General Hospital,0.6744,review
025adb3c-3ec8-4c7a-a91e-f35a131bbd3c,Alfindiki Zumunta Community Health Clinic,b6d55101-68e7-435d-96df-4a590dee3f9f,Sabo Bakin Zuwo Maternity Hospital,0.6721,review
28236288-9c77-49e1-9ea2-47dacc5e842c,Dambatta General Hospital,426e74f5-89a8-438d-a9ad-a812a28b1e0d,Dambatta General Hospital,0.8586,match
87891f89-0a91-4cd5-9963-b095a1d90f78,Dan Maliki Health Post,,,0.0,no_overture_place
cf8e5c8c-82b9-48ea-880c-bfdf1b35e6cd,Adakawa Health Post,39aa3847-a8db-4128-9afb-1be4023c1311,Alkutubiyya Naturals,0.6266,review
36513bda-a8fa-4d13-9116-639b887855cc,Imamu Halliru Primary Health Center,f29520c2-a03e-4dd3-b76a-044482c52c69,Hasiya Bayero Pediatric Hospital,0.6561,review
743731f8-eb0a-4ac8-8fcd-4cf907e015cb,Mayanka Primary Health Center,2c9845f7-eb4c-4bb7-bd1c-5080d2b90e51,Fleming Pharmacy,0.6415,review
8ee9c2e5-2f69-4129-9805-4a4f17f244d9,Hasiya Bayero Pediatric Hospital,f29520c2-a03e-4dd3-b76a-044482c52c69,Hasiya Bayero Pediatric Hospital,0.9963,match
7731a6a6-b651-4713-b188-6da4a7ca319a,Audu Bako Health Post,,,0.0,no_overture_place
67040b51-5e34-4dcb-9f73-534556503d6f,Khadijat Memorial Hospital,63b9b1ee-bce0-4de0-abdd-6adbad1b493d,Khadijat Memorial Hospital,0.9655,match
e08a24f4-e241-45d0-a916-4a874e2c894d,Bagujen Health Post,,,0.0,no_overture_place
a3129f6b-ec27-4d41-9ae2-d4dac39943ce,Jamaar Hazo Health Post,,,0.0,no_overture_place
d0e0f251-7522-4a76-b9ad-6d81ec2f6124,Chirin Health Post,,,0.0,no_overture_place
46c22de8-759c-4da7-9eb3-687546733e2b,Christain Community Clinic Katsinawa,,,0.0,no_overture_place
cb0818d5-c671-4c27-b757-23e1b54a8f78,Kurkujawa Health Post,,,0.0,no_overture_place
7b6ed820-ac45-4a4b-87a9-9f94a408c006,Unguwar Gini Primary Health Center,f29520c2-a03e-4dd3-b76a-044482c52c69,Hasiya Bayero Pediatric Hospital,0.6205,review
15b86aca-ba72-459c-bf8e-f9e645e8b799,Jaoji Health Post,b9acd71d-4925-4fd4-b15b-1d5d8c9afd65,Emirate Pharmacy Store,0.6272,review
ddc2d0c9-9987-4848-8a36-f15aa9d165ee,Infectious Disease Hospital,84d62a00-9da2-438c-9098-a80f4e8423bd,Infectious Diseases Hospital,0.85,match
ad6470dc-9685-4338-b145-2ea97f3985d2,Matage Health Post,,,0.0,no_overture_place
b2e43817-216f-4d9b-bd86-f1d912af9f1f,Satame Health Post,,,0.0,no_overture_place
cea39b86-ce43-4119-a39a-078c43c0a15e,Gada Health Post,,,0.0,no_overture_place
135e4498-b661-410c-b650-5de2ce1851a5,349 Nigerian Airforce Base Hospital,62be6198-e57f-4a99-8535-457aeedd1f0c,Nigeria Airforce Medical Centre,0.7425,review
5cd200cc-9026-498f-b721-a5c639b077f5,Universal Clinic,10207dbe-47a8-4d05-99d7-3a65ca69ad52,Juvee Pharma,0.6822,review
084f1396-b9ba-490e-8a95-36e7ecc43969,Greenland Clinic and Maternity,56e23340-0afc-4bc4-a078-c37c4c35073e,Overcomers Clinic and Maternity,0.7527,match
1a4c4c56-824b-4840-9427-319907b013b1,New H B Paediatric Hospital,0b21e644-8d0a-45b1-a36b-cd2011045343,Paediatric Hospital Zoo Road,0.7868,review
1f636318-80c8-42b2-bbd9-62977caf41f2,Gamadan Health Post,,,0.0,no_match
a008768a-ab32-4ac5-afa6-3e97e69fe078,Good Pasture Clinic,954825de-45b6-4589-920b-bd52a8ef1a6e,M&G Medics,0.6218,review
497d0e5e-7523-4da5-a33e-cda163b47140,Assumpta Clinic,954825de-45b6-4589-920b-bd52a8ef1a6e,M&G Medics,0.6292,review
ecb9b897-f008-41ec-bffe-49a5c73a003f,New Tyrones Clinic,295101c3-0d3a-44fc-bfef-58b777a864e2,Emmanence Clinic and Maternity,0.7221,review
8b8b697f-1316-43cf-9f64-22ff4c07a754,Hausawa Primary Health Center,,,0.0,no_match
4063d318-db69-4f65-867f-0f6d71a4ba2e,Tamburawa Health Post,,,0.0,no_overture_place
8aa324c2-2e9f-4b9a-83d2-901b504429c1,Tiga Clinic and Maternity,691126c9-137b-4470-969d-eda47c032a4b,Hospital Management Board,0.6618,review
42d38750-8809-4e32-b9bf-cd47f3d2d383,Masallaci Health Post,,,0.0,no_overture_place
bd9343e5-c9d6-41d2-967f-67dbee0e3f68,Ideal Hospital,fa0b911c-662d-45db-b9e9-1cb741dd3ee4,Avon Healthcare Ideal Hospital and Maternity,0.6892,review
536bb198-405e-4a55-85c7-3f14fdeb5e56,Nakowa Clinics,56e23340-0afc-4bc4-a078-c37c4c35073e,Overcomers Clinic and Maternity,0.6808,review
224f9aa2-0191-46fc-a6f8-cc1043cbd57c,Head of Service Clinic,ce821b35-fe1d-4aa2-9590-bd643c400f42,Darul hikam Islamic medicine center,0.6922,review
bcbb5ae2-c821-435f-95f3-9ab800e6ddf3,Zuru Falele Health Post,,,0.0,no_overture_place
2d2e41be-4a67-4727-a004-55c8bd37b794,Kazaurawa Health Post,,,0.0,no_overture_place
4e518f53-9615-4bb6-8fb8-28b00983a72f,Modular Clinic and Maternity,295101c3-0d3a-44fc-bfef-58b777a864e2,Emmanence Clinic and Maternity,0.8299,match
1a10baa2-e1c4-4880-907f-e8137b147def,Dan Dagana Health Post,,,0.0,no_overture_place
8821bc8b-f934-4008-9566-9c2a23cc0a3c,Alfa Clinic,56e23340-0afc-4bc4-a078-c37c4c35073e,Overcomers Clinic and Maternity,0.6787,review
6b468465-6ee0-4c30-b71d-f492552bf56d,Union Diagonistic and Clinical Services Plc,e7d71094-fbe5-48b4-8db9-f55ae16e7ef0,Al-Noury Specialist Hospital,0.7025,review
533272d4-33a8-4a85-8131-d3f16be699dc,Jaoji Primary Health Center,e7d71094-fbe5-48b4-8db9-f55ae16e7ef0,Al-Noury Specialist Hospital,0.7159,review
dcd75f26-2251-4413-942b-0d73b6d957df,Gwarabjawa Health Post,,,0.0,no_overture_place
be56f076-2d5d-4f16-8666-b454fbfe2dac,International Clinics and Hospital,f0e292e1-fe23-471a-9905-6f60622e8cd4,International Clinics and Hospital,0.9928,match
4cb703b1-e11d-4d79-9c67-7a24e1752952,Jirgabawa Health Post,,,0.0,no_overture_place
de30c2e8-88e0-48f5-8d7d-1b84ad766e86,Asada Health Post,,,0.0,no_overture_place
5e5024e5-fb17-4bf3-bba1-99b4d2be5d85,Danbawa Health Post,,,0.0,no_overture_place
d1c094d1-1b1c-4778-a761-d9861c7e53b4,Fanyabo Health Post,,,0.0,no_overture_place
888add02-f671-4125-bfd3-a70660fd1a3c,Classic Clinic,d4b010de-e16e-47d3-904e-1396bf0b2822,Abdullahi Wase Teaching Hospital,0.6332,review
ef3619f1-ca3f-46ea-a010-b22f416956da,Sanbell Clinic and Maternity,56e23340-0afc-4bc4-a078-c37c4c35073e,Overcomers Clinic and Maternity,0.7005,review
e3d33c04-9c49-43bf-86fd-8fa92b5e6aa8,Gurjiya Health Post,,,0.0,no_overture_place
53c2d257-fbdb-4b78-b107-c8e0c314c5b6,Dangwauro Health Post,,,0.0,no_match
be305ca2-0eaa-44f9-ace7-d49f46bca87f,Yama Health Post,,,0.0,no_overture_place
54ce0210-aabf-4a7e-bc83-1add3690a6a2,Maikalwa Health Post,43882b01-ca51-461f-9bcd-72a74ffe734e,Leotetra Healthcare Limited,0.6197,review
4fd62c89-ec52-4813-88b0-e2dda337ada6,Bamaiyi Sai Allah Clinic,33f390f9-400d-4635-8bb5-e33e652af618,Assadiyya medical store,0.6967,review
5ce0e0c7-9728-4506-b1ad-5dac58b8df29,School of Health Technology School Clinic,74b66d63-4ffc-44de-a3ef-c9e1aef76245,S Royal Mobile Veterinary and Agro-Vet,0.6411,review
00875ca7-bc0f-4397-b9d2-930cde90f4d4,Dental Hospital,35b85d4c-3db2-4e5a-81ae-dd4b1e683cfd,zaks hospital,0.6946,review
3fbc5b4c-8309-49df-877c-5c8501d51013,Kulluwa Health Post,,,0.0,no_overture_place
d2dfd465-498c-42fd-b168-3b041ce03638,Unique Care Hospital,74b66d63-4ffc-44de-a3ef-c9e1aef76245,S Royal Mobile Veterinary and Agro-Vet,0.6552,review
013a899a-3f5e-4953-9749-8647b2cd0f22,Diggol Health Post,,,0.0,no_overture_place
1a59e571-9344-44be-8a94-659c23381a53,Al Ameen Hospital,4b11c21b-245e-4792-ab0b-7867bc13f55f,Al-Ameen Medical Centre,0.7612,review
f13fc1d0-3f1e-41fc-a34f-45d5d102feb2,Jigawa Satame Health Post,,,0.0,no_overture_place
8227ef36-7093-44d0-8432-b24e382f5124,Medicus Clinic and Diagonistic Center,02eb44d1-5ef1-4aa8-9794-8c20864f2ae6,Medicus Clinic and Diagnostic Center,0.9179,match
38d7b532-c7f6-4c61-a170-cba7a9f7bf59,Accord Surgery Hospital,791921e4-7cbf-4be1-b061-f86344bc8764,Standard Specialist Hospital,0.673,review
adc8438a-a50a-4e1f-bede-0c5524da5bb0,Park House Clinic,a0bf5659-3287-4888-9a15-9f217ed89838,Prime Specialist Clinic,0.7317,review
e4280672-8f0a-40af-b8ca-f46c4055eb75,Kingsgate Hospital,72e3d626-c9bd-4a27-926c-85c9903f5477,Expert Alliance Hospital,0.6821,review
3e2864f2-35be-452c-baac-28a50061409d,Farun Ruwa Health Post,,,0.0,no_overture_place
daefea06-0646-4956-bf72-2fc59935a1fa,Shiddar Health Post,,,0.0,no_overture_place
56b1017e-05d6-4cbd-96b0-f50a4220277e,Imperial Hospital,54527a79-55bd-4fbd-95d8-e0b7dd37290d,Prime Alliance Multicare Specialist Hospital,0.7339,review
251ad7c6-5ce6-43b3-b234-39fcfd360ebf,Empire Clinic,e5358565-a0c0-4ebb-964e-3abe9dbd726b,Muhammadu Buhari Specialist Hospital,0.608,review
216f8a16-89d7-4c88-8de7-f1fcb4d222a5,Yanlada Health Post,,,0.0,no_overture_place
4289e93a-daa3-409c-ae34-732c76abc285,Medicare Clinic,,,0.0,no_match
9f60ab8e-2f75-4691-af84-3b65e68ea439,Abdulwahab Hospital,,,0.0,no_match
433eab5c-7381-402f-bf38-000f878cce7b,Maigamji Health Post,,,0.0,no_overture_place
b4d66ded-c2a6-4189-8e49-2e9377ccf4d4,Unguwar Natsohuwa Health Post,,,0.0,no_overture_place
07ae4afd-7c01-4fe5-84ed-82acf61def83,Jaafaru Health Clinic,99a69386-1e34-453b-8053-64b32bd952d6,Warshu Haruna Hospital,0.6238,review
a2a44073-4a3c-497e-a11e-070b547fe271,Dausara Health Post,,,0.0,no_overture_place
f101c4ee-1f76-4887-87f1-72135100c38a,School Clinic Rano,,,0.0,no_overture_place
24469c5d-2ab4-4ff6-be92-983e0ee01a5c,Tsambaki Health Post,,,0.0,no_overture_place
4d4a314b-ae13-48f0-917a-0b371cb9c3f3,Zuma Clinic,,,0.0,no_match
a6f4740b-9cc0-4d3e-b29d-1911b4dc153e,Gwamma Health Post,,,0.0,no_overture_place
37ee6e61-6650-4edb-9cfe-9a32fb09a71e,Garke Health Post,,,0.0,no_overture_place
0f914510-59f9-43ee-8cec-31cc88533df9,Gada Biyu Health Post,,,0.0,no_overture_place
a44c3f0a-5844-459f-aaf1-72c781fee111,Haye Health Post,,,0.0,no_match
46008792-8b8c-407d-b67c-26a5b4c599a2,Bul Health Post,,,0.0,no_overture_place
4f5197d5-9636-44be-a868-bc2ccc542b8a,Chasko Health Post,,,0.0,no_overture_place
8dc48a38-e582-4e95-848c-510691595c57,Kantama Babba Health Post,,,0.0,no_overture_place
a624103c-d363-4eb8-bb0c-db0bfdd22409,Balloda Health Post,,,0.0,no_overture_place
506d42b5-97c8-4b70-9d47-910c45e71a51,Jaroji Health Post,,,0.0,no_overture_place
1f4d4654-3742-4046-9a9a-41f8faaaeba0,Yan Hammar Health Post,,,0.0,no_match
996d130b-e6b3-4ff9-844c-b7a2581c172b,Kwarkiya Health Post,,,0.0,no_overture_place
e4c5e678-37c9-4bcb-944a-fbcc25dea403,Ladanai Health Post,5066cd0a-e459-461f-9598-28e271c9de2b,Amasam Medicare,0.6315,review
1b619330-7172-44ff-aeee-0651256254d3,Kunshama B Health Post,,,0.0,no_overture_place
1dc8c029-dd17-4a33-9feb-d94dcc6a1f9d,Limawa Health Post,,,0.0,no_overture_place
4935b94c-c08b-44c7-82d2-ccee116818b4,Dawaki Nursing Home,f1cb8d56-9ca3-4b4c-ba69-4e71e9da4923,Dawakin Kudu General Hospital,0.7553,match
770573e6-4457-428d-b097-80de9307e212,Sauna Kawaji Primary Health Center,,,0.0,no_match
539c6f5e-9cd5-49ce-9661-41501f057514,Alsiyam Medical Enterprises,1cf6d056-fdd8-4f86-883b-b14d8de708bd,Sir Muhammad Sanusi Hospital,0.6852,review
46c9b941-6154-4adb-92c6-7102d87d07c6,Kunshama A Health Post,,,0.0,no_overture_place
09f24b0d-2e35-4dfd-a3d5-6930350e7b9e,Tokarawa Primary Health Center,,,0.0,no_match
6abc951d-8c19-4e18-9c9c-56b48b5bfaeb,Dalal Mahuta Health Center,,,0.0,no_overture_place
c31ef7b1-f301-40c4-afe3-621b02bfeb0b,Shauni Health Post,,,0.0,no_match
01a4da44-4bbf-428b-9b04-86db61b74196,Jalabi Health Post,,,0.0,no_overture_place
59513d7a-576b-412b-97fa-0fa5c700712b,Kainuwa Nursing Private Clinic Yantama,,,0.0,no_overture_place
d3b2dcb2-4255-4c82-902b-2fb5a931cacd,Bawuri Health Post,,,0.0,no_overture_place
39a3ca2a-7ccf-4079-9444-ce7a24850601,Yankatsari Health Post,,,0.0,no_overture_place
b782f7fe-8166-462d-8eff-11dc6c34fcde,Dukawa Health Post,,,0.0,no_overture_place
3a01308b-c958-4b01-af3d-f6edb5e7e745,Dokar Sati Health Post,,,0.0,no_overture_place
145efb8d-b398-469c-a0a0-f3bad5390701,Dukar Goma Health Post,,,0.0,no_overture_place
8addcb87-f190-4f94-865c-2cba9a3623e8,Gunduwawa Health Post,,,0.0,no_overture_place
37061f9d-f4eb-4237-9562-864e23837d4c,Marken Mahuta Health Post,,,0.0,no_overture_place
3e64980c-91f1-45a8-989b-2aec9af3a08d,Sansan Model Primary Health Center,,,0.0,no_overture_place
3fba42d9-b000-47b8-9f25-9cf793a0e9fb,Mekwandira Health Post,,,0.0,no_overture_place
9854cedd-f4b4-49fa-a9cd-18abed3fbffc,Saidawa Health Post,,,0.0,no_overture_place
ae37e2b3-aba7-415e-9f3e-07786b8713bf,Yadakunya Leprosy Center,,,0.0,no_overture_place
5ce549b4-52a7-4168-b679-2da29a244457,Shike Health Post,,,0.0,no_overture_place
7d260b0a-b963-47bd-a92e-2ad655979a29,Baushe Health Post,,,0.0,no_overture_place
f64d3328-60a6-4573-ac33-42551d840b13,Gazobi Health Post,,,0.0,no_overture_place
2e10ac85-9763-4df6-a405-e6ce1069d19a,Juma Galadima Health Post,,,0.0,no_overture_place
fe1a5e51-7ae2-4b05-9e73-1e4629f6582f,Baita Health Post,,,0.0,no_overture_place
b77592c3-5415-4113-b7af-1df8fda58cf4,Kalambu Health Post,,,0.0,no_match
71f47517-f39e-42c7-ac6e-ba04af465688,Dungurmi Health Post,,,0.0,no_overture_place
f30d2438-dd04-4426-8f7a-9a0872306930,Barkum Health Post,,,0.0,no_overture_place
146bec38-57b9-419c-be45-e5f0b41ef54b,Yammawa Wanzari Health Post,,,0.0,no_overture_place
28b1a1f6-8e25-488b-bbcc-0d7e60f1c3bd,Dan Madanho Health Post,,,0.0,no_overture_place
c6568f77-cbd5-4aef-a7b1-7da0b7bdff64,Kwasangwami Health Post,,,0.0,no_overture_place
e4cddc6d-c92b-4edc-91ae-2674fd24f3c2,Tunkunawa Health Post,,,0.0,no_match
85686ee4-cfb4-4e45-8dee-f7a09e2e7f6e,Yargaya Health Post,,,0.0,no_overture_place
47e7aa38-69b5-4726-bf64-120b1d514d32,Katsarduwa Health Post,,,0.0,no_overture_place
b4333c9f-f885-41f4-a996-73b337366f12,Danzaki Health Post,,,0.0,no_overture_place
7bddd366-b092-42f8-962f-93997fc228a5,Dosan Health Post,,,0.0,no_overture_place
9e923016-9d34-40c1-ad78-7154fc04f28d,Kwasauri Health Post,,,0.0,no_overture_place
33493336-664c-4d6e-9fd5-e398f9d22e69,Zogarawa Health Post,,,0.0,no_overture_place
2ea8be84-d094-4918-8bf4-511c98bfeab6,Kwando Health Post,,,0.0,no_overture_place
10524579-1dc1-47f6-af77-5a6da7919cb5,Danfari Health Post,,,0.0,no_overture_place
b52c26fd-974a-4a75-94e2-f2a6debc1b09,Daba Basic Health Center,,,0.0,no_overture_place
d9ec675f-ad7f-4f15-8a1d-841ec046f82f,Zango Health Post,,,0.0,no_overture_place
c4b4f56f-8bef-4a49-b2a7-2def355012c3,Dariya Health Post,,,0.0,no_overture_place
9445488b-5e6e-44c0-8e50-61010925e180,Laraba Takuya Health Post,,,0.0,no_overture_place
c033ea48-0fac-465b-a5b8-a733946a909c,Goran Maje Basic Health Center,,,0.0,no_overture_place
13e10455-db04-44b0-992f-b4d3dd3d929b,Karasa Health Post,,,0.0,no_overture_place
f0960fd5-84fe-47e0-bf6f-9011f374f1f2,Abdakaya Health Post,,,0.0,no_overture_place
b69b0f03-e9e3-4256-9580-10b5f8987956,Kunkurawa Health Post,,,0.0,no_overture_place
91f10da1-d01b-4915-98fa-3d59e0f54fe8,Jogana Health Post,,,0.0,no_overture_place
181166e3-ea42-4541-a71c-a8e249e62f92,Daradau Health Post,,,0.0,no_overture_place
47d2cec1-8c9c-4c7d-90b9-f8c278bc1439,Dundu Health Post,,,0.0,no_overture_place
2d9fffea-860c-403b-8efb-a50a5991bbaf,Tsalle Health Post,,,0.0,no_overture_place
68158875-6857-4e81-a83a-fe7ee249dc97,Tarunu Health Post,,,0.0,no_overture_place
a47d598d-8107-408a-8581-ca8d8582744d,Yalwan Danmusa Health Post,,,0.0,no_overture_place
cbee2977-23e2-4f47-ab91-9ec90841f62c,Fancha Health Post,,,0.0,no_overture_place
d7b8c7b4-988f-4bf9-bd52-0a95dca43e1f,Torankawa Health Post,,,0.0,no_overture_place
70667269-0b5a-4a00-88d7-55185d83ee7e,Fammar Health Post,,,0.0,no_overture_place
6381c773-1d1e-4a59-a9be-626e1f122127,Fanchan Health Post,,,0.0,no_overture_place
da226041-2dda-47e7-b293-90cc66e947d3,Dususu Health Post,,,0.0,no_overture_place
dfd13aae-a29d-4f5f-b3b5-3cb1107c6b8e,Yalwa Primary Health Center,,,0.0,no_overture_place
d878fb2d-9fd4-4ddf-b683-2d9c6043bff5,Ganakakun Health Post,,,0.0,no_overture_place
7ca9e186-209b-4fda-ac0f-392637f71e89,Tona Health Post,,,0.0,no_overture_place
9cc33f4a-be0a-4cdf-a4dc-f28206afee69,Yafata Health Post,,,0.0,no_overture_place
01fe4796-01c1-4cfe-87a7-288f4599765d,Ruwantsa Health Post,,,0.0,no_overture_place
5c3692c6-8c7b-46e3-acab-a5c6e8a0b836,Shana Health Post,,,0.0,no_overture_place
28395c5c-3539-4097-9624-d94151918ba1,Mesar Burmi Health Post,,,0.0,no_overture_place
9f6effbf-7a02-4251-b9b2-3dc18e04820f,Dumari Health Post,,,0.0,no_overture_place
047f8c6b-1418-4114-92eb-12a1f6430fdc,Jarnawa Health Post,,,0.0,no_overture_place
50a9fa1c-47e9-4de2-b7d6-22f2101e6391,Ketawa Health Post,,,0.0,no_overture_place
13a51cb4-36d0-4b25-bd90-e511c54b7f82,Gezawa Health Post,,,0.0,no_overture_place
1e51d6ce-14bc-4123-82db-56b39edd3540,Sanda Health Post,,,0.0,no_overture_place
ab66803b-fda2-4bc7-8541-9c6216a8e16c,Kuluki Health Post,,,0.0,no_overture_place
72c79ed8-2ff2-4221-9b4f-217b105904b0,Yaranchi Health Post,,,0.0,no_overture_place
4cb0eee2-2e58-4f0d-a68c-8907002779ae,Bethel Nursing and Maternity,,,0.0,no_overture_place
2a763d2a-ef31-41ed-b990-a7b17ca403fd,Maganda Health Post,,,0.0,no_overture_place
cd699cb5-d468-429b-b460-18d7a89c010a,Kamagata Health Post,,,0.0,no_overture_place
a82bfdb5-8d74-4661-85c9-ae832a8312a5,Musku Health Post,,,0.0,no_overture_place
c973186c-28ee-44e1-85b1-950c420994c8,Danlassan Primary Health Clinic,,,0.0,no_overture_place
6c921b06-5d61-4fd6-8755-75e2c6fa08fc,Makadi Health Post,,,0.0,no_overture_place
ffb5cadf-bc4c-442f-b57e-eb56c3d65c72,Katai Faudan Health Post,,,0.0,no_overture_place
e6fd0f52-b552-4381-ab09-66538f611973,Tukuda Health Post,,,0.0,no_overture_place
c91ad009-044c-4a77-bf17-203d766a4562,Dumma Health Post,,,0.0,no_overture_place
4ffb7de3-8f15-4007-8f19-0424eba3f729,Fala Health Post,,,0.0,no_overture_place
3d184def-c675-43d5-b7b5-0cbc356e88cf,Guruma Health Post,,,0.0,no_overture_place
0d3fa683-5b44-4272-8fae-3f87b9e884a5,Yumbu Health Post,,,0.0,no_overture_place
a0b83231-3f77-42cb-af93-46b17b9589fb,Alitini Health Post,,,0.0,no_overture_place
1a828516-ef15-4554-9893-920c675c4b1d,Kwadage Health Post,,,0.0,no_overture_place
0ced81ee-1013-4f1e-bbb7-38116905ba3d,Juma Health Post,,,0.0,no_overture_place
62621291-774f-4e85-87fe-96c5f7356871,Yuu Health Post,,,0.0,no_overture_place
822c90a3-0a8e-47f8-a46b-1a7a07ea9631,Danbazau Yamma Health Post,,,0.0,no_overture_place
3185155a-4062-49e9-a37a-0fc9bf6c1b11,Yarzabaina Health Post,,,0.0,no_overture_place
a1e02858-0b6b-4f6a-91a4-f5cd49f8f414,Ahip Family Health Center,,,0.0,no_overture_place
823084c7-0c6f-42c6-8faf-a886f95c57c6,Fangan Health Post,,,0.0,no_overture_place
08a54e6a-ce59-458c-9bfd-5c0d475c1b8c,Massu Basic Health Center,,,0.0,no_overture_place
44109aa6-007f-48d0-ba94-cdbb311753b1,Garwaji Health Post,,,0.0,no_overture_place
34be18f7-af3c-4328-81bd-b75168a4d3ea,Doga Health Post,,,0.0,no_overture_place
d9c625fd-8d49-43cd-b492-26588817b5fb,Zakarawa Health Post,,,0.0,no_overture_place
5f9e79ce-43ca-497a-bca1-ed7ba8f5f861,Kwas Health Post,,,0.0,no_overture_place
d21cf45e-3af5-4362-b126-a4e78defc4da,Dagumawa Health Clinic,,,0.0,no_overture_place
b39eb2db-23da-4a79-ad3b-a9b79729be3a,Gambawa Health Post,,,0.0,no_overture_place
ca07f65a-8925-4726-87bb-ecc86a6c7405,Lamire Health Post,,,0.0,no_overture_place
a3e282ed-ce8d-489a-9d56-1c06b5f00bff,Wambanto Health Post,,,0.0,no_overture_place
a1dae0eb-d1c7-4a9c-9803-ff22b528f392,Katarkawa Health Post,,,0.0,no_overture_place
c6c5b8ca-1b14-48ca-882f-e08f3c727a72,Amana Hospital,,,0.0,no_match
3d4c95ff-fd95-4a80-b1b0-de9f3979ba6b,Yan Lahadi Health Post,,,0.0,no_overture_place
dd2bdb8c-f008-4352-842e-381f29e76692,Tsibiri Health Post,,,0.0,no_match
7c0f615f-466d-470e-bce2-e001fd880e5e,Kofar Fada Health Post,4ed55823-4381-49e0-845f-f40a9f869bca,Sarkin Aska Modern Cupping & Traditional Medicine Venture,0.6202,review
b93267ef-a5a0-401d-b93f-791165536c29,Jigawa Health Post,,,0.0,no_overture_place
932ab914-b1eb-42c5-997c-9a5ee451a41d,Gindabe Health Post,,,0.0,no_overture_place
5d6c3962-47a3-42cd-ac19-e138843e8192,Barewa Clinic,497b67fa-6b4b-4945-b4af-203627ed2d16,Barewa Clinics And Maternity,0.927,match
3cf7f30e-c5f8-46e9-841b-4b8e539d7d63,Zugaci Model Primary Health Center,,,0.0,no_overture_place
6e21bd94-70cc-49f1-b05e-989d6a4f0f32,Gajiki Health Post,,,0.0,no_overture_place
86daace2-5bce-48fb-8f2e-a7131a1e7715,Dagora Health Post,,,0.0,no_overture_place
f4799a80-bf0a-4fd4-8d35-8e09f17f91a5,Gumawa Health Post,,,0.0,no_overture_place
97cd098a-80ca-47f2-9be1-006c0d661d86,Wasarde Health Post,,,0.0,no_overture_place
92b963da-b47a-4cbe-8436-298e62045dc5,Gachi Kedi Health Post,,,0.0,no_overture_place
54514014-0da1-44b8-bbdd-ee99123dbab3,Hayin Gada Health Post,,,0.0,no_overture_place
1d841f82-9f7c-45e6-ae74-adb27a693f78,Mekiya Health Post,,,0.0,no_overture_place
ebf651d6-4311-47ee-a1bd-a1c16983487b,Fadi Sonka Health Post,,,0.0,no_overture_place
c6d7c5f7-3a26-4d72-b343-a1bbcd7da119,Joda Health Post,,,0.0,no_overture_place
9e8ee632-3214-40c2-bb2f-cb4d2957b9cd,Santsi Health Post,,,0.0,no_overture_place
19975530-4772-447e-a9ca-3580e5452f81,Taka Kwadi Health Post,,,0.0,no_overture_place
cc02b133-d90d-4ef0-8e3b-1308816cca37,Kumbo Health Post,,,0.0,no_overture_place
d6738a73-eb9d-424d-a7b7-4bd123b1f2ad,Maida Health Post,,,0.0,no_overture_place
0270a79b-2be5-49ea-a0e6-23b67389b44a,Dadin Duniya Health Post,,,0.0,no_overture_place
8b79e157-dd25-43a2-803d-3ffe5ca54db8,Makera Dispensary,,,0.0,no_overture_place
1ceb03fa-c75e-4c27-adcb-2f7a936ed17c,Chikawa Health Post,,,0.0,no_overture_place
e4c52d87-5432-49c1-8c1e-33c4b9f399d5,Beta Health Post,,,0.0,no_overture_place
ae11e321-7ab8-4df3-ac95-20d7b45ddd3b,Bagagare Health Post,,,0.0,no_overture_place
76c6c57d-b251-4cc4-84b5-73d7f3ff2159,Rumo Health Post,,,0.0,no_overture_place
f374c0ac-4608-46e5-85cd-235a950f9d71,Agundawa Health Post,,,0.0,no_overture_place
55c8df85-ac18-4eaf-a4a2-f2dcf5e68750,Dabi Health Post,,,0.0,no_overture_place
fd21bba5-b80d-41f6-898f-b53da125eb48,Yan Soro Health Post,,,0.0,no_overture_place
6bfb2ca6-108c-4ce0-ab2e-7ad25c7dd1a9,Jigaware Health Post,,,0.0,no_overture_place
d59a6e6a-b85d-4dae-b33a-36aea15a64fe,Fulatan Health Post,,,0.0,no_overture_place
05955724-8ebb-406f-afdc-705ea49f91f3,Burburwa Health Post,,,0.0,no_overture_place
3d2365de-e7fe-4250-ae55-98f83448f31c,Kofar Arewa Dispensary,,,0.0,no_overture_place
851e6dc8-14e5-4ef0-9981-6e33da2d3ce6,Marita Health Post,,,0.0,no_overture_place
2df52237-f8d4-4459-8a66-507307d924e4,Kula Health Post,,,0.0,no_overture_place
5be16ab8-dce8-43f2-9d83-87ab752e1d0f,Tsebarawa Health Post,,,0.0,no_overture_place
2e96c8c6-d788-4dff-ba7c-9931fd08fb4c,Jisai Health Post,,,0.0,no_overture_place
5cc81504-84d2-4fa3-a54b-6c0e81108a4a,Gwagi Health Post,,,0.0,no_overture_place
f0540989-4504-4006-b5f9-ed7c4efdfcb1,Gala Primary Health Clinic,,,0.0,no_overture_place
f760ca52-d135-4152-8a89-83351ef1ff84,Bakin Lahadi Health Post,,,0.0,no_overture_place
643ca1e8-2f1b-4ce2-a7ba-4ae3b1cd880a,Zangon Gulya Health Post,,,0.0,no_overture_place
d1f959f6-686a-47c8-9137-e0572e986bbc,Kera Health Post,,,0.0,no_overture_place
d0e9e228-3ca5-46c1-aa1b-5f85aad2893c,Gwagwarandan Health Post,,,0.0,no_overture_place
fcf5fb67-d6c7-45cb-b903-a05479343c16,Patricia Health Post,,,0.0,no_match
1aab6359-a6e3-48ff-9709-9a2801038b08,Dando Health Post,,,0.0,no_overture_place
0208472c-1e64-4948-a050-f19828e1b458,Yaura Health Post,,,0.0,no_overture_place
31a84b1d-c5db-4d93-985c-1edce98c68a4,Kargo Health Post,,,0.0,no_overture_place
f0944f55-75f8-47ee-a793-deded367df15,Jibawa Health Post,,,0.0,no_overture_place
89af1b5c-8d18-4e0d-9884-47e7c0caf74f,Sittika Health Post,,,0.0,no_overture_place
5f8dc592-b15c-4c5e-b3d7-edd5bbbe1bf7,Baji Health Post,,,0.0,no_overture_place
611dc1b7-5479-43d0-b2df-08727a70b3cc,Haruna Nasiha Hospital,,,0.0,no_overture_place
97ece6cc-79f8-4452-86a1-e0e71e9851c4,Alfindi Health Post,,,0.0,no_overture_place
7aab893b-5adf-4c3e-8b11-5854f0eccb9d,Gachi Health Post,,,0.0,no_overture_place
3698206c-9012-4447-a218-0c503ff2a74e,Gurduba Health Post,,,0.0,no_overture_place
1ebdec5a-6cb5-42ae-a07c-cdc7bea1f137,Gagarawa Health Post,,,0.0,no_overture_place
2ef7af18-c605-4c4f-9148-328f5d0891b9,Nafisatu Health Clinic,,,0.0,no_overture_place
017db30c-165d-4bf4-8cc2-0557bf2bc122,Sansani Health Post,,,0.0,no_overture_place
1542c1a7-5bfc-4acf-8ee3-ecdad56a7f59,Mangari Health Post,,,0.0,no_overture_place
58162b17-d136-4bb2-9488-2a28b42f6de9,Sakalawa Health Post,,,0.0,no_overture_place
c24deea5-c76a-4f6f-8565-e10dde0cfee5,Kalahaddi Health Post,,,0.0,no_overture_place
8df6c387-dddf-4e61-9bb4-bf97428c988d,Bingi Health Post,,,0.0,no_overture_place
809e2197-4ce2-4d1e-b773-3be9cc4280ef,Kazurawa Health Post,,,0.0,no_overture_place
82d43a1e-a81f-4795-b04a-0a78260a7272,Bangashe Health Post,,,0.0,no_overture_place
6d6dcbaf-b279-4df5-a5e7-9d48141c9f5e,Dakumbal Health Post,,,0.0,no_overture_place
0d609ae0-62ad-48cd-8fce-c094840d991c,Kullumi Health Post,,,0.0,no_overture_place
c828e289-c4b6-4b37-96c0-37a6d1611797,Bango Health Post,,,0.0,no_overture_place
dfc1c8e4-8c1e-4ee2-b3f5-3fad9b8adeec,Dundun Health Post,,,0.0,no_overture_place
475e76ce-5865-42f9-bbed-d1e6b163d2f6,Baleke Health Post,,,0.0,no_overture_place
90cbc570-6874-4b24-a32e-24ca6e03d9eb,Umbara Health Post,,,0.0,no_overture_place
d4a2d143-5d1f-4b96-b6eb-afe91baf020a,Hamdullahi Health Post,,,0.0,no_overture_place
1bc59454-e908-4d1c-97f6-9843524e1f6b,Yaka Duna Health Post,,,0.0,no_overture_place
457785db-07e6-4326-bd69-f610a421f61c,Kawuri Health Post,,,0.0,no_overture_place
b8b4b406-ffff-4e61-96f1-2d8179f04a03,Bunnabus Health Post,,,0.0,no_overture_place
66fc822a-5282-4a9b-ae82-a34ec4d6016a,Rubun Health Post,,,0.0,no_overture_place
b09556e4-cc12-43b7-b7c4-1a9356e6013e,Hatsai Health Post,,,0.0,no_overture_place
3c4e15d0-5dcb-4558-a193-08c0cc824303,Jiyayya Health Post,,,0.0,no_overture_place
0e253757-c4cb-4a21-b4f4-659c88baaf76,Kyansha Health Post,,,0.0,no_overture_place
7bd03c5c-d07c-4814-b91a-ebf9a09bfda5,Chamarana Health Post,,,0.0,no_overture_place
c30a96a7-03b3-4fd8-8a2c-0c1ea1cea5b5,Ali Alkali Nursing and Maternity Home,,,0.0,no_overture_place
a5aaea78-0b3f-48a2-ad52-cdead9a9e3e3,Fanidau Health Post,,,0.0,no_overture_place
7faebcbf-793d-4164-8d46-1bd5e582641a,Gamawa Health Post,,,0.0,no_overture_place
c4550091-657c-40de-9430-838a87cf283d,Kiroro Health Post,,,0.0,no_overture_place
d62a1be6-5b53-4806-a992-351e37e4c207,Kayarda Health Post,,,0.0,no_overture_place
29c86ec3-ac3f-4d63-aa0f-bc509b8c7a1b,Birnin Bako Health Post,,,0.0,no_overture_place
f25281f1-d30d-49fa-8a79-0405ccfaee36,Maimakawa Health Post,,,0.0,no_overture_place
4863165e-a0fd-4ff2-a20e-5c764777e944,Gafasa Health Post,,,0.0,no_overture_place
64119ce9-5aa6-4951-9611-060929223618,Shawu Health Post,,,0.0,no_overture_place
fe79e114-0198-4cf8-b14f-9159963ab059,Kafin Jirgi Health Post,,,0.0,no_overture_place
494af303-5941-4a33-ac3c-4d11ab958e43,Zuga Health Post,,,0.0,no_overture_place
d6716e4c-afc4-4979-a397-25f7ed696496,Ggss Albasu Clinic,,,0.0,no_overture_place
01651eb1-e67c-435d-9e64-b3d7a7a42502,Garandiya Health Post,,,0.0,no_overture_place
ab8d3c16-33a8-45ed-a451-d2a32c92bfab,Salmande Health Post,,,0.0,no_overture_place
ce54c137-3843-44db-a0f1-e1f5cf6c2a9b,Yawurma Health Post,,,0.0,no_overture_place
e823f8ae-2280-4b7b-a149-d1689512534d,Jigar Health Post,,,0.0,no_overture_place
c9afacf4-0415-4726-8124-8c333bc5e35b,Diribo Health Post,,,0.0,no_overture_place
1ba48be8-d211-4a2d-9f37-40d5f0ab879b,Dan Malam Health Post,,,0.0,no_overture_place
55651117-2830-400f-bebc-0b859f151a12,Biyamusu Health Post,,,0.0,no_overture_place
df08814d-1f59-4172-8e44-dd696f82e8a0,Shukutu Health Post,,,0.0,no_overture_place
ad094ae3-706e-42f1-a229-35b983e9c5fe,Kawoni Health Post,,,0.0,no_overture_place
47ab614f-d0d4-4d77-837b-8db7408e01ad,Farantama Health Post,,,0.0,no_overture_place
530a375f-9d94-4fdf-a72e-4c050eba4245,Yada Health Post,,,0.0,no_overture_place
348184a1-b280-4eec-b05d-b8cc18f900ca,Zuwan Hawa Health Post,,,0.0,no_overture_place
2c20f7b6-cbf7-4712-8546-e3316dfc606e,Biskin Health Post,,,0.0,no_overture_place
bdc8818f-d993-4b6e-af6d-0328d9f347db,Zananne Health Post,,,0.0,no_overture_place
9ed6c19e-43d3-4a10-af51-05163990abcd,Kwanar Huguma Old Dispensary,,,0.0,no_overture_place
f686bd04-0be3-44b3-8024-4cb9f66e5e44,Huguma Model Primary Health Center,,,0.0,no_overture_place
3b4cc1c1-9329-45e3-9f5f-2673914a5a07,Awazara Health Post,,,0.0,no_overture_place
f49e86bf-b5ac-44b2-8161-d96a76845e7c,Langwami Health Post,,,0.0,no_overture_place
433f7e05-b194-482a-a63f-b84730fc099b,Zango Mata Health Post,,,0.0,no_overture_place
e0a35ab6-d7c0-4d62-905a-8b0417d69927,Yantomo Health Post,,,0.0,no_overture_place
25aa4092-6c04-47eb-a6c2-eb8e5a3eff37,Sani Zubairu Primary Health Clinic,df443bda-4a3b-43ca-8496-db6150fd1b44,Salihannur Natural Herbal Medicine,0.7188,review
1802b83a-9fa5-4d89-96a1-088652e9393d,Rugar Jatau Health Post,,,0.0,no_overture_place
071d8617-6aa3-4c7b-8281-25ad90e35d31,Yarganji Health Post,,,0.0,no_overture_place
9045cb95-0937-4c59-b6dd-d072b71972c3,Kurido Health Post,,,0.0,no_overture_place
eae61c4c-8566-4b79-9788-6b1423b55eb5,Nuj Health Post,e7d71094-fbe5-48b4-8db9-f55ae16e7ef0,Al-Noury Specialist Hospital,0.608,review
b7ddfad7-5137-4f35-8d1d-04e51016d41f,Gera Health Post,,,0.0,no_overture_place
b57afa1a-4ca9-432b-bab8-eea474fbc107,Dalal Health Clinic,,,0.0,no_match
28b21967-8beb-47b0-940c-50dfa7dc3822,Wari Dispensary,,,0.0,no_overture_place
9a4948c1-2b56-44ac-92e3-66e58ad2e831,Danmaruna Health Post,,,0.0,no_overture_place
b4440aa9-b260-49f7-a2fd-161fb2c8b3ef,Dorayi Charity Health Post,,,0.0,no_match
f0d160fa-43a3-4614-880c-a2283d1f1af4,National Orthopaedic Hospital Dala,,,0.0,no_match
c0a06304-8b3e-4539-b7bd-66e80edcf3e1,Gabo Health Post,,,0.0,no_overture_place
3d3c1914-91b3-4eaf-bb56-e95e004ee368,Daneji Health Post,c9b6d60e-375f-4e0e-88c2-ec7396f35689,Feccox Pharmaceutical Limited,0.6293,review
c83f5a10-571c-4ab3-9f71-00b557930316,Zubairiyya Health Post,8f01a77d-1c44-4593-80ba-583c296ddc57,Murtala Muhammad Specialist Hospital,0.6642,review
4ff33209-82d5-44dd-8116-5b59247889e0,Gurun Gawa Health Post,,,0.0,no_overture_place
520996fd-6ad0-4439-91a5-3d12bd6cf97a,Premier Clinic,fac82193-4ee4-4e8d-9481-dc637b366c8e,Premier Clinics,0.9889,match
866b20a4-5240-427c-be7f-2fa66686e2dd,Sabon Garin Kuruma Health Post,,,0.0,no_overture_place
98a6b181-dd19-40c6-b373-993ed479a6da,Aminu Kano Teaching Hospital,a9e10f42-1e32-4ec0-8460-5d353c401eab,Aminu Kano Teaching Hospital,0.9272,match
cc3d6bd9-bf23-46d1-8f24-e4da6feef885,Central Bank Staff Clinic,5d4ff836-17d5-4854-ad25-90dc48d27c10,Doctor's Clinic,0.6188,review
dd5cd370-0257-483d-88f3-607fb7a63386,Bamako Doguwa Primary Health Clinic,,,0.0,no_overture_place
639e8627-5ee9-44d4-8824-33e637f9d9df,Goron Dutse Health Center,dee30683-03f7-40f9-8abe-7f45433fce29,Makkah Specialist Eye Hospital,0.6413,review
4ecd3514-717f-4389-b32c-1679fc4c6df9,Zoza Health Post,,,0.0,no_overture_place
e65efbf4-6d21-4b78-9411-c11e40aa65af,Yankamaye Sabon Gari Basic Health Center,,,0.0,no_overture_place
55ddfac6-a58e-4f18-8764-e65bf35269ed,Yan Awaki Health Post,,,0.0,no_overture_place
5bdefb70-19d1-4339-90e3-e1e489b99ff9,Tsattawa Health Post,,,0.0,no_overture_place
a13ba98b-8776-44b0-9bed-aef5c48f8d0c,Balan Health Post,,,0.0,no_overture_place
80123d9b-2cdb-435f-b19b-930e1abedc97,Yanaba Health Post,,,0.0,no_overture_place
822317ed-5fd1-4cc2-9a6e-fe23a4aaa8ad,Hayin Yawa General Hospital,,,0.0,no_overture_place
e5933fbf-a01a-4bc1-9608-a426fac967ff,Unguwar Jakada Health Post,,,0.0,no_match
8112f1f6-0bdb-4420-bf07-598cff3da6df,Fuskar Yamma Health Post,f29520c2-a03e-4dd3-b76a-044482c52c69,Hasiya Bayero Pediatric Hospital,0.6547,review
6baaf17b-66ee-4078-acf0-01ecac44114c,Kofar Naisa Health Post,f29520c2-a03e-4dd3-b76a-044482c52c69,Hasiya Bayero Pediatric Hospital,0.6561,review
17bf6b25-3e72-4f24-bcfe-2dc783bff060,Gundutse Health Post,,,0.0,no_overture_place
a1b57e73-37f4-4b77-b88c-8d5755881fda,Yar Akwa Health Post,,,0.0,no_match
47fb9a39-6f83-4fe2-a928-20babbcbda86,Unguwar Rimi Model Primary Health Center,,,0.0,no_match
f73d10be-6043-467a-aaa5-1204de1939dd,Gwaneri Health Post,,,0.0,no_overture_place
93031489-3719-49ef-8942-0684dad23344,Raya Masaka Health Post,,,0.0,no_overture_place
afe720f5-d8b1-48af-a2b4-66fd8d6390fa,Mazan Gudu Health Post,,,0.0,no_overture_place
612e5140-cbd4-4115-b590-eb1958805772,Dingamu Health Post,,,0.0,no_overture_place
2d2f241e-254c-48ca-b675-7a279a63d277,Dinyar Madiga Health Post,,,0.0,no_overture_place
717fc165-40f9-4218-89d7-413297bf3047,Sakwaya Health Post,,,0.0,no_overture_place
d348e1b1-c630-4ae0-96f6-4c1ab7408e07,Kafin Lafiya Health Post,,,0.0,no_overture_place
b6f7c9bb-50e9-4502-ba05-bbdb02c4b491,Jiragon Makera Health Post,,,0.0,no_overture_place
46dab2b1-f510-4568-b6e2-19cfea976afe,Zaura Danbabba Health Post,,,0.0,no_match
febac108-3ee9-45f9-b9b8-1660977f28d7,Kadafa Health Post,,,0.0,no_overture_place
c0886de9-aa23-436b-a898-78162a0662ed,Daura Health Post,,,0.0,no_overture_place
70bb5de1-b596-4ad0-b822-0287874e8e31,Turawa Model Primary Health Center,,,0.0,no_overture_place
386a5381-d0d4-4e6b-a0ac-60119966e0fa,Maraku Health Post,,,0.0,no_overture_place
58fd87ec-f653-45a8-891f-23e7d5dde150,Badafi Health Post,,,0.0,no_overture_place
c314cdb6-63a5-4ee2-852e-8911a09aae66,Bauda Health Post,,,0.0,no_overture_place
7cee3870-56e8-44cb-b5a8-2280757a865e,Tsaudawa Health Post,,,0.0,no_overture_place
06d2e8b4-afd0-4b5c-84a1-e9b3425a9742,Dashi Health Post,,,0.0,no_overture_place
9bc680ca-bbf1-4d54-85eb-f975879a6211,Durmawa Health Post,,,0.0,no_overture_place
8771016d-c8d0-4504-a7af-e415cbbd0de3,Kofa Health Post,,,0.0,no_overture_place
e0de1cfc-7994-4182-a8bc-4621fbbd675c,Yola Health Post,,,0.0,no_overture_place
c8832058-65c3-42cc-b2fd-430981e9d7a9,Gargari Health Post,,,0.0,no_overture_place
4c12df0e-3b13-44a7-826d-fd1d7458c09f,Damau Health Post,,,0.0,no_overture_place
7071a2dd-fd93-4f4a-877b-f25e53a0c8ca,Anadariya Health Post,,,0.0,no_overture_place
af4aaa6c-14e9-46c9-9e24-ab652e20c1c9,Ranka Health Post,,,0.0,no_overture_place
94ac0ce5-fe90-4d97-96e5-d7fc78882bd1,Rantan Health Post,,,0.0,no_overture_place
a3b8d9a9-b020-46e8-8c81-97c973976985,Gadan Health Post,,,0.0,no_match
bd169cb5-6b74-4461-989e-189aad6e8763,Rijiyar Zaki Basic Health Center,2d0bc624-b32b-4dcf-8328-fbdaf22182c1,Aminu kano teaching hospital AKTH,0.6735,review
0728973b-2365-4067-9717-6efcebb7cc2e,Kantudu Primary Health Clinic,,,0.0,no_match
530e7e4e-0e7a-4630-accc-9c43d75e19e1,Shekar Maidaki Health Post,3e188e53-2cc5-4727-9ce4-54646189ada3,First Choice Specialist Hospital,0.6016,review
d8ea9244-b84a-4958-ae7c-7f45a9bc319f,Riga Fada Health Post,,,0.0,no_overture_place
34f46847-7c93-413e-acb5-b284008a8b6c,Kofar Mazugal Health Post,63b9b1ee-bce0-4de0-abdd-6adbad1b493d,Khadijat Memorial Hospital,0.6983,review
68685dc0-5d80-4630-bee8-74a9632b05e4,Tabobi Health Post,,,0.0,no_overture_place
bb0be4bd-f311-4f01-a9ca-ce12e12b9213,Yakasai Zumunta Clinic and Maternity Clinic,564da3b2-e0e7-4346-b8e7-7cd0ba1b8fc0,USMANIYYA MEDICINE AND COSMETICS,0.6859,review
40577203-86d6-453b-a5a6-96fd6d8a884d,Ejeoma Clinic,f9780882-6092-43d9-8f78-c461f52f0960,"Resident Doctors Quarters, Aminu Kano Teaching Hospital, Kano, Nigeria.",0.6486,review
c5c55cc7-171c-4cf6-8780-853e31139860,Gyadi Gyadi Kudu Health Post,a9e10f42-1e32-4ec0-8460-5d353c401eab,Aminu Kano Teaching Hospital,0.6779,review
f96a13e7-07f3-47e6-b2d2-e8c577df392f,Mohammed Abdullahi Wase General Hospital,d4b010de-e16e-47d3-904e-1396bf0b2822,Abdullahi Wase Teaching Hospital,0.7915,review
5345f9c0-5910-4d68-bd30-6dab795d2bf7,Gayawa Basic Health Center,,,0.0,no_match
8ebad083-7274-43a7-8cdc-8b1c8e0bdb47,Nata Ala Health Basic Health Center,,,0.0,no_overture_place
e3903429-1128-4ad4-ad85-1797a2de9479,Dan Kurkuru Health Post,,,0.0,no_match
a03c52ca-63ee-4dc3-b6c3-fcf25ec0b2dd,Kawo Health Post,8d995c6e-ebac-4827-98eb-a2c54b921d1d,Siddira Herbal Ventures ,0.6423,review
c900bd5c-fd66-42bb-8d9c-544b7b53e04a,Tagwaye Health Post,,,0.0,no_overture_place
76dcf4a1-c462-41e6-84bb-508477efa18e,Lausu Health Post,,,0.0,no_overture_place
38d92199-b471-45c6-a86e-cb4870deaf9e,Garji Health Post,,,0.0,no_match
06a2316e-1466-4069-bbbd-8d96e83a874d,Unguwar Duniya Health Post,,,0.0,no_overture_place
a702ffb2-b77b-4ce4-94ad-06f9a2f675f9,Dadin Kowa Health Post,,,0.0,no_overture_place
581a8a72-e51d-41ff-a918-7da3ac625a81,Bono Primary Health Center,,,0.0,no_overture_place
d37fdb09-0bc2-4645-8659-9ccfd86cb4c9,Wangara Basic Health Center,,,0.0,no_overture_place
2cd09349-59b8-4cf3-ab7e-1896098d3b65,Zainabi Health Post,,,0.0,no_overture_place
38c26944-1b49-4359-8753-adee71d5e119,Runa Health Post,,,0.0,no_overture_place
f13be1dc-6cac-4a2d-a7a3-ddca4c93f341,Garun Dau Health Post,,,0.0,no_match
488c754a-2257-483c-beff-81f9cc1def99,Asibitin Gani,,,0.0,no_overture_place
b42d4a82-840a-49be-baa2-0b3c37de9c7e,Gani Primary Health Care,,,0.0,no_overture_place
ca8f482e-a958-418a-ac83-c4c01c151925,Tudun Gusau Health Post,,,0.0,no_overture_place
14ebd5d9-e41b-4a15-9b4b-854f3dca5e5f,Kafin Malamai Health Post,,,0.0,no_overture_place
473d89d2-065a-47f1-a5a1-0a7bc7c6d00b,Fagawa Health Post,,,0.0,no_overture_place
20ba4c5a-671e-49e8-aff9-3c3df4d1657e,Kausani Health Post,,,0.0,no_overture_place
90a6b087-d5d6-47ce-b26f-76afae68fa3c,Gungara Health Post,,,0.0,no_overture_place
c9c6bfb4-c4aa-4c12-bc34-984d689e8127,Garfa Health Post,,,0.0,no_match
3c0b628a-68c4-475d-a8ed-7b7fdb6adbb1,Achika Health Post,,,0.0,no_overture_place
43d44e06-f698-4ddf-9b83-57dc71e71d95,Yan Kau Primary Health Clinic,,,0.0,no_overture_place
ad8c553c-20f5-4b29-b594-cf5a26ba2620,Faragai Health Post,,,0.0,no_overture_place
b36c79f3-c55c-4e0f-ad4b-ecb036c0d34e,Maigana Health Post,,,0.0,no_overture_place
482a448e-725b-4c54-a13c-3cdf0980c6f0,Bataiya Primary Health Clinic,,,0.0,no_overture_place
6b1912b1-c3c3-475f-b23b-50635c140bca,Falali Health Post,,,0.0,no_overture_place
89091159-bd54-4cb2-9962-6ed7faeaac48,Fajewa Model Primary Health Center,,,0.0,no_overture_place
f9b692c0-bbc9-404e-9131-138e3e47eaa5,Duwa Health Post,,,0.0,no_overture_place
f16251b2-4215-45ec-8d73-69980a758a9a,Gamoji Health Post,,,0.0,no_overture_place
a175c21a-548f-4460-a5a4-59377ef2b789,Bagwaro Primary Health Center,,,0.0,no_overture_place
a81eb636-7940-4f8e-9a43-a5a40c6a5711,Tsangaya Primary Health Clinic,,,0.0,no_overture_place
5b4a0e8a-eacc-4c15-a91e-beba22d0f4b9,Bari Model Primary Health Care,,,0.0,no_overture_place
7366ded5-5dbf-4b57-9810-57a4c69f33ac,Zarewa Basic Health Center,,,0.0,no_overture_place
072ae5e4-d96e-4310-a9c3-4f534265f72c,Rogo General Hospital,,,0.0,no_overture_place
212849d6-ea81-4191-94d1-21b2cd9b0e80,Beli Basic Health Center,,,0.0,no_overture_place
9add2189-b3b5-4e32-9aeb-f4df470451fa,Fulatan Basic Health Center,,,0.0,no_overture_place
a45893ec-4ff0-4ab7-823b-5d490eacc630,Kwanyawa Model Primary Health Center,,,0.0,no_overture_place
faed35aa-905b-4771-aea4-b1f025fe353e,Kuraku Health Post,,,0.0,no_overture_place
8dade8e0-6a6d-4d51-89cd-972df0bc470f,Yola Model Primary Health Center,,,0.0,no_overture_place
6ed1fa7b-1271-4b60-bdee-2bc4080b5d0e,Dalal Health Post,,,0.0,no_overture_place
b4cef36a-8591-445e-9ca7-1300a58bd7dd,Kwami Model Primary Health Care Center,,,0.0,no_overture_place
e07b0267-d593-4764-bbd5-c5c20c886bc1,Sare Sare Model Primary Health Center,,,0.0,no_overture_place
00d57568-0bd4-4de5-b4be-4ebfb32600e8,Harbau Basic Health Center,,,0.0,no_overture_place
62fb3d36-8480-4bf4-88ec-664a7c9191c2,Daddarawa Basic Health Center,,,0.0,no_overture_place
0231c389-2edf-4efa-a87f-3c94eb518eb4,Wuro Bagga Model Primary Health Center,,,0.0,no_overture_place
43075e34-149d-4146-bc02-cfae20595fdf,Garo Primary Health Center,,,0.0,no_overture_place
19b3e76c-b559-4982-94af-ab02c6b38969,Makanwata Health Post,,,0.0,no_overture_place
8a24ee7d-b0bf-4c27-a6b4-f5707bf4b576,Godiya Primary Health Center,,,0.0,no_overture_place
45b4c014-eb1b-42fb-828f-33ff51bdb34c,Gammo Model Primary Care Center,,,0.0,no_overture_place
ff4d78fb-e1ee-4c54-bbe0-5193afb7e12a,Dangora Basic Health Center,,,0.0,no_overture_place
dd4c1584-895f-4218-9bae-96d8f02cdaac,Kabo Cottage Hospital,,,0.0,no_overture_place
6513af3a-e628-4ecc-8abd-f0244919378d,Kogo Model Primary Health Center,,,0.0,no_overture_place
45567d1b-47c8-4e3f-ad40-6c494238159f,Kiyawa Basic Health Center,,,0.0,no_overture_place
7b6cfa62-8575-496f-bff4-d2631dab438a,Butu Butu Model Primary Health Center,,,0.0,no_overture_place
7e269139-2304-4787-b718-22b1f6c775a6,Hawadin Bango Primary Health Center,,,0.0,no_overture_place
09aa4564-df5c-42ec-b734-c227388d30b8,Jeli Primary Health Center,,,0.0,no_overture_place
8379133c-eccd-456b-9407-6edfae1fa3e5,Akilu Memorial Primary Health Center,,,0.0,no_overture_place
b80ed345-e72c-42c2-acec-2937e08d1db4,Gulu Model Primary Health Center,,,0.0,no_overture_place
9e02b04d-9932-4cc1-9932-cc75ff61bcc6,Bugai Model Primary Health Center,,,0.0,no_overture_place
7b08ef47-38a3-49e9-9f67-0371cfaa46d7,Damargu Basic Health Center,,,0.0,no_overture_place
f6be1684-77a6-448f-a169-4740c702c441,Yarmariya Primary Health Center,,,0.0,no_overture_place
d268c60f-1a7e-4df5-887b-36bd88b8c185,Lambu Model Primary Health Center,,,0.0,no_overture_place
e868bedc-6473-46ff-b6fc-467668d0a3a6,Jobawa Sabon Gari Health Post,,,0.0,no_overture_place
0d73233e-c0ef-41b3-8af5-333477091425,Kwankwaso Cottage Hospital,,,0.0,no_overture_place
cad4e6cd-3378-4786-bdf9-192ee25a5789,Burji Model Primary Health Center,,,0.0,no_overture_place
379f1446-d090-4960-948e-b651d5c3ec93,Saye Model Primary Health Center,,,0.0,no_overture_place
3973c624-1ab9-4b15-8a9f-69742501567c,Zangon Dawanau Primary Health Center,,,0.0,no_overture_place
e2f3b0c5-33e4-48af-8114-de7b567b7cd2,Kadawa Gate Basic Health Center,,,0.0,no_overture_place
ac7fe733-69c9-4455-9826-d26788928e69,Yadakwari Basic Health Center,,,0.0,no_overture_place
6ada3c4a-b508-4dc5-9184-7811e41a5ec6,Dakasoye Health Post,,,0.0,no_overture_place
24189f3b-6ef0-41c6-a1e9-fe730639f5d6,Makoda Model Primary Health Care,,,0.0,no_overture_place
9c40133a-c626-4489-bdef-4c2d386a77d3,Barnawa Health Post,,,0.0,no_overture_place
af1ab01f-6514-4c9a-a475-478c07a4c038,Kabuga Primary Health Center,7945fd1e-bf60-4405-b17e-eeb470262d3e,Centre for Biotechnology Research,0.6161,review
ebb33b5c-2761-45c5-b942-5e4d0e94a38a,Chiranci Basic Health Center,8c44b356-2ac1-4a84-b560-60ae77818b9e,USMANIYYA MEDICINE,0.6486,review
2128c323-e326-4be0-b47a-080d3a615b1d,Dorayi Karama Primary Health Center,,,0.0,no_match
274a7ae3-dd2f-4763-bd39-0782e605e77e,Unguwar Dabai Primary Health Center,,,0.0,no_match
676c2770-8ede-47dd-84c8-3c1a79db7b4b,Kurna Primary Health Center,ad48391f-b4c5-44a1-b039-5226ef9bfa56,Kunya Hospital and Maternity Services,0.8195,match
7cef1a1b-83d6-4664-8384-6724ecc313aa,Hajia Umma Zaria Health Clinic and Maternity,,,0.0,no_match
c48267e9-a643-4310-969f-487a4cdb6469,Maitsidau Basic Health Center,,,0.0,no_overture_place
a64954c8-ebf4-42d5-ba51-fe00dbef88e4,Gaya General Hospital,,,0.0,no_overture_place
7e880c2e-f5a3-412f-895d-89d66baa2651,Shantake Health Post,,,0.0,no_overture_place
05ff18b4-a977-425b-afd4-0c31de6336c9,Tarda Primary Health Center,,,0.0,no_overture_place
d7bd27a1-2ef1-4dc7-ad19-1b7a4ec36d8b,Tukuntawa Primary Health Center,b9acd71d-4925-4fd4-b15b-1d5d8c9afd65,Emirate Pharmacy Store,0.6999,review
afa65d13-d757-413f-8963-087cd716463d,Juji Health Post,,,0.0,no_overture_place
ea44ea9c-79ee-4327-b177-633eb5606ac7,Shekar Barde Model Primary Health Center,,,0.0,no_match
60e16296-ccca-47ab-8322-a16703e9d595,Wailari Health Post,,,0.0,no_match
f7076912-4f90-4512-8169-83876d30f1c3,Bunkure Primary Health Center,,,0.0,no_overture_place
a233bbbd-8687-477c-a17b-c80c1cad439a,Jemagu Health Post,,,0.0,no_overture_place
9ac56c3f-5fbd-424f-bff1-ea619b6d98eb,Kaura Goje Primary Health Center,,,0.0,no_match
55acd726-fc99-4794-9ab1-6c9f7f8a9605,Gurjiya Primary Health Center,,,0.0,no_overture_place
98fd3d8a-2074-4e76-9c9e-c65e1692b95b,Gwanda Model Primary Health Center,,,0.0,no_overture_place
cba8ccfe-b762-459a-b7f4-7a3c08f697c2,Badawa Health Post,fce08902-bff7-4923-828d-154383a0d67f,Gold Dietary and Wellness Clinic LTD,0.6285,review
61388d8b-95ed-401a-a750-424c86ce8d9e,Rano General Hospital,,,0.0,no_overture_place
f405904d-44ef-470c-bc26-b3e5f62ad3a8,Falgore Health Post,,,0.0,no_overture_place
3c8e0fd7-b37a-4947-88be-9bcbc8542ac4,Ahmad Ado Bayero Model Primary Health Center,,,0.0,no_match
28b301b6-a7ca-444d-9432-ff6945ce1c58,Hotoro Danmarke Health Clinic,da8d102c-b99e-472d-9d21-3cccaff0c30f,Touchstone Medicals And Health Services,0.6401,review
8ea7b8ed-e437-4c4c-b228-858a99e2a6d1,Dukawa Basic Health Center,,,0.0,no_overture_place
437b4ca6-0464-4616-a4ca-794550666c82,Durba Basic Health Center,,,0.0,no_overture_place
7b3c719c-f82c-48ad-ab51-5c151ca15c05,Sir Muhammadu Sunusi General Hospital,1cf6d056-fdd8-4f86-883b-b14d8de708bd,Sir Muhammad Sanusi Hospital,0.9306,match
766187df-bda8-4e13-a9a5-76f6de3faad8,Dawakin Kudu General Hospital,f1cb8d56-9ca3-4b4c-ba69-4e71e9da4923,Dawakin Kudu General Hospital,0.8771,match
62f47238-4a9a-4cf7-b18c-08ed6b229e27,Mariri Model Primary Health Center,,,0.0,no_match
e36bab7a-39f7-423e-9e9a-9d7ef122ab16,Gandurwawa Primary Health Center,,,0.0,no_overture_place
db33b232-1e32-4b07-b96f-fc05d3b29897,Unguwar Fawa Basic Health Center,,,0.0,no_overture_place
315d4909-0106-49dc-88f9-7e5ccf933f1b,Koya Basic Health Center,,,0.0,no_overture_place
a7b57448-c58f-42cf-b1d9-e4300701e274,Tsakuwa Primary Health Center,,,0.0,no_overture_place
ee2a47af-440a-433b-9ee1-3baa2b6670dd,Rufai Health Post,,,0.0,no_overture_place
673dada3-7555-455d-8829-790e1423f80d,Minjibir General Hospital,b8d884aa-41be-418e-a2f4-a41bcb891caa,Minjibir General Hospital Minjibir,0.7692,match
80e0ee82-7293-4ede-ad34-89dd5b2ba553,Babawa Model Primary Health Care,,,0.0,no_overture_place
8675c9ac-a6f3-4198-baf5-402668945edf,Abasawa Basic Health Center,,,0.0,no_overture_place
5b3a3f2d-7f02-4efd-9291-03c6789566fa,Fagwalawa Cottage Hospital,,,0.0,no_overture_place
1024e053-e8c0-4606-ab76-fd99dd211316,Dawakiji Basic Health Center,,,0.0,no_overture_place
d0d050ab-2268-4614-870b-e001b2989e3a,Rufan Health Post,,,0.0,no_overture_place
f54fcd2e-80bd-4e3c-8828-6ede1b5f43ae,Gano Basic Health Center,,,0.0,no_overture_place
316dd0da-6a12-4825-a7b7-98097478b56a,Dunkuran Durba Health Post,,,0.0,no_overture_place
64ea67c7-a5f6-4dd7-91de-4f4d796bb7e2,Warawa Primary Health Center,,,0.0,no_overture_place
0c75c87c-50ea-487c-840f-285a06a86397,Kore Model Primary Health Center,,,0.0,no_overture_place
967c9596-8d39-4623-a965-5345fbd978b0,Yautar Kudu Model Primary Health Center,,,0.0,no_overture_place
b84cb0db-c2f1-49c7-85e8-9a0dc72676c3,Gogel Basic Health Center,,,0.0,no_overture_place
5f03d1bd-c9d6-4a58-aed2-03e0a73883f9,Yan Dalla Health Post,,,0.0,no_overture_place
2af3ff56-e3fc-4796-9672-67c7fe0b6da1,Garko Model Primary Health Center,,,0.0,no_overture_place
c77b8166-eeb7-4341-8c98-ae20b188acba,Makanwachi Health Post,,,0.0,no_overture_place
605a07f0-f665-4923-95dc-916a38f874a6,Garin Danga Model Primary Health Center,,,0.0,no_overture_place
95118194-0b98-4434-8125-8ee81ec3ed26,Gomo Basic Health Center,,,0.0,no_overture_place
151959a1-c648-400c-9e70-c25e3ba988df,Gude Health Post,,,0.0,no_overture_place
f5cdf4de-5114-405c-be1e-14ab38753636,Kafir Chiri Basic Health Center,,,0.0,no_overture_place
a7f41812-147a-4cb0-a242-3e1526b60b33,Zakirai Primary Health Center,,,0.0,no_overture_place
693b705c-36d5-406f-a0f6-ca9e412d1428,Gabasawa Model Primary Health Care,,,0.0,no_overture_place
e6f951ae-164f-4167-a526-92886128ad4d,Gediya Basic Health Center,,,0.0,no_overture_place
e49084ad-f9ff-4398-999e-c4318f93b164,Kademi Primary Health Center,,,0.0,no_overture_place
ad5adf92-f5d0-409a-add4-b74f3037d88f,Rimi Basic Health Center,,,0.0,no_overture_place
4dee7e3e-817e-4cad-8351-364a3763d324,Bahawa Health Post,,,0.0,no_overture_place
c092b02b-601a-421b-877d-825c3270a623,Magami Basic Health Center,,,0.0,no_overture_place
1b5f6ed0-d709-4576-b7e6-09431ff01eeb,Makarya Primary Health Center,,,0.0,no_overture_place
1c1b3967-ba48-4338-9857-d2db60edcc01,Kachako Primary Health Center,,,0.0,no_overture_place
04990132-fc1d-4a13-bd9b-b79c8b64f07a,Imamu Wali Primary Health Center,,,0.0,no_overture_place
07997c32-3dfe-4fb0-949b-d1fd5834a363,Tarauni Primary Health Center,791921e4-7cbf-4be1-b061-f86344bc8764,Standard Specialist Hospital,0.6941,review
ac5428e1-12aa-46ad-97df-5f5389dbaf86,Kadawa Basic Health Center,,,0.0,no_match
6accffac-3a16-4db9-b955-625a8e7a5a52,Tanagar Health Post,,,0.0,no_overture_place
dff6eaa1-c82b-4107-bf69-ae5ee9839fa7,Zaura Babba Primary Health Center,,,0.0,no_match
1bc4b180-269e-4a64-af01-43c1d6b41be6,Gadanya Basic Health Center,,,0.0,no_overture_place
942911d8-e281-45db-a00b-7f8fe5e561ca,Rurum Tsohon Gari Primary Health Center,,,0.0,no_overture_place
959a1b2f-30d6-449f-a1b4-5c648c83d8da,Kauyen Alu Basic Health Center,82a8cae0-a958-4d42-88f7-adb67d66aff1,Bawa medical centre,0.6568,review
f1a5f71b-873a-4528-9cac-69f89266e15d,Durbunde Primary Health Center,,,0.0,no_overture_place
99c6a816-8294-44e0-8f49-5032cccb21c6,Falgore Model Primary Health Center,,,0.0,no_overture_place
a79383f9-0f19-4c24-8ca3-e10875894e44,Kurugu Health Post,,,0.0,no_overture_place
40ec3192-fec2-4ddb-b112-95240239db94,Yammedi Model Primary Health Center,,,0.0,no_overture_place
a7bcc6c6-f910-4a75-80d2-a8fc1acf3e4f,Yako Primary Health Center,,,0.0,no_overture_place
cde6e6b2-915c-420a-89e2-2d028e963f69,Kafin Agur Basic Health Center,,,0.0,no_overture_place
e0267ac4-553f-45b7-9175-c46315c537f9,Garun Babba Primary Health Center,,,0.0,no_overture_place
cfaf1086-d07e-4057-a8ab-20cfbfc36802,Kauran Mata Primary Health Center,,,0.0,no_match
a253a096-73ae-486f-8d1f-ecd61145e7a4,Kwaciri Model Primary Health Center,,,0.0,no_match
5610ef73-c851-4907-975a-12dc2ec3ba14,Gandu Model Primary Health Center,b9acd71d-4925-4fd4-b15b-1d5d8c9afd65,Emirate Pharmacy Store,0.6049,review
14e48d03-2684-4f3b-beea-04a56365fabf,Burji Primary Health Center,,,0.0,no_overture_place
481bf993-8901-4a53-914f-88a43ae67af2,Gwagwarwa Primary Health Center,905cf9f5-d493-4edb-a6ed-c82c11875f1d,Gawuna Chemist and Medical Store,0.7195,review
9a04b431-4c14-4942-9b78-f9719410f27c,Unguwa Uku Primary Health Center,fee1048d-2980-48e2-b5c7-7d1a7e7a3cd8,MGK HealthCare,0.6023,review
308e1c26-c100-4998-95c2-45515b181071,Rano Dawaki Health Clinic,,,0.0,no_overture_place
99543ed4-ea24-4b0b-9249-593326c1200e,Hotoro North Primary Health Center,d31c09e0-3804-4c3c-a549-3a1a96dea329,Yakasai Medical Center,0.6756,review
af9d6580-753d-42e9-bfb1-265e164e48b6,Doguwa General Hospital,,,0.0,no_overture_place
8c006899-a024-413b-8980-737a651ff771,Tarai Primary Health Center,,,0.0,no_overture_place
94e138c1-276e-4d43-9a92-144f53ed29f1,Gofaro Model Primary Health Center,,,0.0,no_overture_place
fedf37fb-d7b7-4e08-ac4e-fad5a1279717,Gezawa General Hospital,,,0.0,no_overture_place
05e5ca60-e9ce-4385-86a0-8d2cb2be705e,Indabo Primary Health Center,,,0.0,no_overture_place
3b8a8436-13cf-4cc2-b651-2cfa8d9fb6c2,Garko Primary Health Center,,,0.0,no_overture_place
3f8f3dc6-55c2-45f6-92b5-30d020315424,Darki Primary Health Center,,,0.0,no_overture_place
d74075d6-5c4f-4534-bc53-269381de1175,Gamarya Health Clinic,,,0.0,no_overture_place
3be1b0a9-d87a-4d4c-b27f-087a98e83e9c,Sarina Primary Health Center,,,0.0,no_overture_place
3e3e6c7b-dabd-4caf-a611-68a607979ce0,Sumaila General Hospital,8eb70581-8673-4858-b36a-e91170b688e3,Gabare clinic and maternity,0.6427,review
bd9f40a8-5849-464b-b98c-8fd991499ff5,Hungu Primary Health Center,,,0.0,no_overture_place
ea906255-1c14-465f-8bf7-3cb01acbac1a,Ajingi Primary Health Center,,,0.0,no_overture_place
55b86f8e-2e11-491a-a950-461940dde10e,Toranke Primary Health Care,,,0.0,no_overture_place
8239af78-d35d-4738-85de-03265470bf16,Gama Primary Health Center,,,0.0,no_match
e3a7feb3-3190-49ce-a613-641fa6e9d56f,Nassarawa Health Post,,,0.0,no_overture_place
9c849e3f-37e1-4f30-af7a-354e408a7865,Goron Dutse Health Post,,,0.0,no_overture_place
e9d199b9-2ec8-4f50-a1d1-67f790cf8fa6,Mainika Health Post,,,0.0,no_overture_place
177d459c-3c16-4c15-8b37-e008ba637cae,Dutsen Bakoshi Health Post,,,0.0,no_overture_place
fad1aeec-61aa-4b1c-abc5-924ec2c6275f,Yanganau Health Post,,,0.0,no_overture_place
c7eb561a-af06-4631-b56e-99a106b83029,Zarogi Health Post,,,0.0,no_overture_place
81e1522b-f4b7-4d02-8950-74ac7b3b8a63,Shakogi Health Post,,,0.0,no_overture_place
216043a3-ed72-434a-95b1-69c7115b5285,Kabagiwa Health Post,,,0.0,no_overture_place
e7d6cdf7-1a6b-4456-98ea-0c466a4c5044,Kokiya Health Post,,,0.0,no_overture_place
0ecf8b48-348d-4b05-8c28-341c0ac6f76e,Gogori Basic Health Center,,,0.0,no_overture_place
efeec1fc-0537-43c9-9e17-802a20e1ec0e,Doka Dawa Health Post,,,0.0,no_overture_place
61a2ae8f-d45d-4baa-94b1-d698387f0797,Unguwar Gyartai Health Post,,,0.0,no_overture_place
a4b00931-ede4-400c-8c46-6caa89a7e1be,Gidan Nisau Health Post,,,0.0,no_overture_place
053bd3f5-1252-43b7-b988-8d2eeb01062c,Waire Health Post,,,0.0,no_overture_place
f8218ee8-5e98-443c-a8c4-8d09f5344d7c,Muntsira Health Post,,,0.0,no_overture_place
9c7e13b9-5ede-4ef9-8c57-88120bff55fe,Rimin Dako Health Post,,,0.0,no_overture_place
c52dc788-1e3d-40a9-842b-b20bd8476155,Gwadama Basic Health Center,,,0.0,no_overture_place
325b2b7b-76fd-40a1-a604-756cc56251fc,Zango 1 Health Post,,,0.0,no_overture_place
6d97ad81-8b75-44cb-a478-eced1ecff62b,Kwami Health Post,,,0.0,no_overture_place
eddd3005-6271-4d45-905b-3f43c43d19e9,Badume Health Post,,,0.0,no_overture_place
c6532615-003c-4012-bf05-36a2875f1d7e,Dawakin Gulu Health Post,,,0.0,no_overture_place
e4660b8e-ea19-4689-bc7d-f82219c91682,Kunnawa Health Post,,,0.0,no_overture_place
7accf2c2-49aa-44a2-bb78-7e05bcf6b117,Yalwa Karama Health Post,,,0.0,no_overture_place
bc64270b-a3f8-4e14-aa8d-a310c4de9397,Sarkakiya Health Post,,,0.0,no_overture_place
12acc620-7a48-4264-a2de-2be6c6271c56,Yallami Health Post,,,0.0,no_match
658dce8c-3a5e-4475-b686-9e1c545fe6c7,Tamawa Health Post,,,0.0,no_overture_place
8aa7d1c6-8eb8-42eb-bdec-f5ca9d25c7e1,Ridawar Kwari Health Post,,,0.0,no_overture_place
17e3344d-2342-4efb-a704-541d136ca3c8,Karofin Yashi Health Post,,,0.0,no_overture_place
3c865975-38fc-4404-8ffb-5e539b52059e,Lambu Basic Health Center,,,0.0,no_overture_place
e3e373ae-a185-4a24-8708-a964587c2037,Jammaje Health Post,,,0.0,no_overture_place
65e0cca5-4ff3-4572-812b-77a29eae371f,Kwa Health Post,,,0.0,no_overture_place
6ea5381b-7d69-4a98-9c3b-e3148b3a6fb2,Kwamarawa Health Post,,,0.0,no_overture_place
c2412b88-8cd5-41a1-a583-9e8ca5efe689,Danguguwa Primary Health Center,,,0.0,no_overture_place
f96bee74-3c02-4578-b20d-691b843be3bf,Langel Health Post,,,0.0,no_overture_place
717870a2-fce7-4689-a5dc-95424a4d69ed,Dawanau Basic Health Center,,,0.0,no_match
88293d8f-3bc4-4a38-8798-53b0f0381ff4,Koren Tabo Health Post,,,0.0,no_overture_place
c919b715-c212-4255-bf34-bf9464639816,Fagolo Health Post,,,0.0,no_overture_place
23de1b92-5fcd-4ecd-ac41-ae863cd6319b,Tumfafi Basic Health Center,,,0.0,no_overture_place
8f694f14-52c3-4fa9-afc6-6e3315475ff9,Jalli Health Post,,,0.0,no_overture_place
e8e2203c-4e4f-41e8-bbe8-ae8a361aedfe,Rijiyar Lemo Maternity Clinic,5e368bf6-c4a7-4c9c-a741-2141ed1b3f4d,Mariya Sanusi General Hospital,0.6769,review
1ff46537-0e75-4ecf-9e57-b0a5fd0da10f,Mai Unguwar Garba Health Post,b6d55101-68e7-435d-96df-4a590dee3f9f,Sabo Bakin Zuwo Maternity Hospital,0.6396,review
9091c705-8777-40ec-bf27-58057008c5f9,Madatai Primary Health Clinic,c9b6d60e-375f-4e0e-88c2-ec7396f35689,Feccox Pharmaceutical Limited,0.7267,review
3637cbce-cb82-448b-9edb-8460cda6bd41,Women Center Clinic,,,0.0,no_match
86349039-1e37-4e2d-b812-6706eab13623,Kuru Health Post,,,0.0,no_overture_place
d2b655b9-69ee-44d9-8609-30130065e859,Baburi Health Post,,,0.0,no_overture_place
2a43eba7-9958-48fb-b4d3-2a617e537369,Panisau Health Clinic,,,0.0,no_overture_place
6eca321d-bb16-43e7-9aa3-d875fd3affb9,Dawan Kaya Health Post,,,0.0,no_overture_place
0f3ee349-b903-4c23-9993-a6c8be2ad44c,Tsakiya Health Post,,,0.0,no_overture_place
19911896-4e24-4d6a-b745-bf20420240ff,Dogon Kawo Health Post,,,0.0,no_overture_place
b4a16e6a-1501-410f-a71a-10aa3e50097f,Galula Health Center,,,0.0,no_match
05c783af-4fc8-4861-9003-d3bbfbc152ee,Geranya Health Post,,,0.0,no_overture_place
54ad45dd-779f-40f8-94af-cbe9ebee7a14,Inusawa Health Post,,,0.0,no_overture_place
2771e4f9-1eb7-4646-a10b-1bde5bd008d7,Sabon Garin Rangaza Health Post,,,0.0,no_match
bf88446b-3010-446e-8374-b66d02e62d2e,Madachi Health Post,,,0.0,no_overture_place
9c1e294d-8d00-4213-859d-9da4f2886d29,Gasgainu Health Post,,,0.0,no_overture_place
89a77040-18c1-40f4-80bd-6b19cf676ba2,Jido Health Post,,,0.0,no_overture_place
e6249024-7210-4add-a703-b9fb098229eb,Minjibir Health Post,b8d884aa-41be-418e-a2f4-a41bcb891caa,Minjibir General Hospital Minjibir,0.8506,match
d0a2282b-92a0-40ee-abf3-6f6143802f81,Kahu Health Post,,,0.0,no_overture_place
c385ca0e-d474-413a-a128-2f6c826ab8ae,Sarbi Health Post,,,0.0,no_overture_place
8e2a2e50-065d-4df3-b5ef-1aa4e1a05839,Wasai Health Post,,,0.0,no_overture_place
f4a5e86f-8d7e-4397-9c6b-914fe7cea95b,Yandake Health Post,,,0.0,no_overture_place
da7413df-200a-4c38-b352-faadfa233f15,Kadigawa Health Post,,,0.0,no_overture_place
01971e47-3ced-44bc-8c89-da45bd7cb033,Tarauni Health Post,,,0.0,no_overture_place
c9c53dd6-08fa-43f6-a216-547fa985a497,Unguwar Bai Health Post,,,0.0,no_overture_place
cf2fee21-b397-450d-be59-d9b133acba1f,Dr Abubakar Imam Urology Hospital,f0dd4144-cace-4ae4-a342-e17212648879,Abubakar Imam Urology Center,0.8337,match
327b3c95-c96c-4146-bc7c-e9bee3f7efed,Gama Health Post,33f390f9-400d-4635-8bb5-e33e652af618,Assadiyya medical store,0.6214,review
7555c9f7-1eea-46a6-a5db-eb6df1a046ef,Tinkis Health Post,,,0.0,no_match
d5be663a-051c-4972-a7ba-55c407142f6f,Tudun Wada Tsohon Gari Health Clinic,,,0.0,no_overture_place
c9b2f784-5e1e-4fe8-8cbc-da38e415079e,Dan Hassan Health Post,,,0.0,no_overture_place
7581fa9b-3f30-4e16-a075-d1cfed24de96,Panda Model Primary Health Center,,,0.0,no_overture_place
583ada04-5610-43b7-9bd0-4fe54ffe05d4,Buda Health Post,,,0.0,no_overture_place
00e708b5-7dfe-4e34-a4d3-7b79e353c927,Danbazau Primary Health Center,,,0.0,no_overture_place
f71de7ca-edf6-4618-9c08-57ce46852a7c,Ruwan Bago Health Post,,,0.0,no_overture_place
7e19dd21-2088-48a0-a011-27c0f43d8e45,Tsohuwar Rogo Health Post,,,0.0,no_overture_place
9c8186d4-5f7e-463a-8a1a-e61d20c28bc3,Kauyen Liman Health Post,,,0.0,no_overture_place
3c5fe50e-b92e-45d4-a02c-ce8d2cfc9520,Tudun Kaya Health Post,,,0.0,no_overture_place
84451115-6162-42e5-836c-db4fcae62987,Zungurau Health Post,,,0.0,no_overture_place
a9221a97-7944-49d6-8b2e-ed06436a29c5,Yaryasa Health Post,,,0.0,no_overture_place
74a978fc-8fb9-4d18-a27c-2f81a573fe2c,Baguda Health Post,,,0.0,no_overture_place
b517a175-249a-4dd3-869e-33ef05aa2a6f,Dorawar Sallau Health Post,,,0.0,no_overture_place
28d81de5-fb62-4038-8d7a-c3d1e358b254,Karefa Health Post,,,0.0,no_overture_place
422e556a-41b7-43c2-a437-54c5c5b2b356,Jandutse Health Post,,,0.0,no_overture_place
c492697d-9409-49c7-afad-6ed8d9ea8853,Yarfulani Health Post,,,0.0,no_overture_place
8e5d8d6a-d0e4-46fd-9c07-0c69aa28db5e,Sabo Bakin Zuwo Maternity Hospital,b6d55101-68e7-435d-96df-4a590dee3f9f,Sabo Bakin Zuwo Maternity Hospital,0.995,match
683f4666-285e-44c4-982a-0d4f77e4e1c2,Marmara Maternity Hospital,b6d55101-68e7-435d-96df-4a590dee3f9f,Sabo Bakin Zuwo Maternity Hospital,0.6704,review
7f607763-cc9b-4732-ab75-2daf97d856bb,Emirs Palace Health Clinic,f29520c2-a03e-4dd3-b76a-044482c52c69,Hasiya Bayero Pediatric Hospital,0.6625,review
fb4287cc-b698-4ea9-aa19-1d31616b4451,Kaura Goje Health Post,,,0.0,no_match
75af680a-73ec-4b71-ac88-8db082babdea,Mallam Shaibu Medical Center,74b66d63-4ffc-44de-a3ef-c9e1aef76245,S Royal Mobile Veterinary and Agro-Vet,0.6654,review
332421b6-b589-4932-922b-446e24e5a6db,Tudun Murtala Health Clinic,,,0.0,no_match
a6c95f1b-ef24-4acf-bb42-b2bb86d3cc1c,Hotoro South Health Post,,,0.0,no_match
1044ef12-fa8a-4cae-8228-ac37c0efb128,Saji Health Post,,,0.0,no_overture_place
73db9d87-ec67-4e78-b8c8-2265c73506da,Sarai Health Post,,,0.0,no_match
9fb2e5e7-cf74-483a-8426-ec2ae9a12605,Tsamiya Babba Health Post,,,0.0,no_match
0062baa3-d813-4d2b-aa64-11ee2520e21d,Kankarawa Health Post,,,0.0,no_overture_place
d60da41d-533b-48aa-89d5-750266000b10,Dalawa Health Post,,,0.0,no_match
4617f179-bee3-45b1-8172-33cf20c0f1ce,Gunda Health Post,,,0.0,no_overture_place
1a763a07-3810-4835-91a2-29a302e003cb,Mesa Tudu Health Post,,,0.0,no_overture_place
a70e611d-fc15-4c4b-b689-08ea3441b325,Yan Audu Health Post,,,0.0,no_overture_place
a328cc65-bd61-4617-821c-ade1ef08d1bf,Chula Health Post,,,0.0,no_overture_place
b13e9a51-f58a-4455-abcb-7522865c57aa,Balan Model Primary Health Center,,,0.0,no_overture_place
9fc73759-6066-4d06-80a9-81a48103374c,Kadiri Health Post,,,0.0,no_overture_place
3f33c791-e194-4bf3-b4d3-a0ccb53d48aa,Duja Health Post,,,0.0,no_overture_place
4113d7b7-4283-4645-ad0f-8d3b66b1da1f,Gagarame Health Post,,,0.0,no_overture_place
fbd8bbe0-d976-4b03-8e10-5de7aac6b2fc,Daho Health Post,,,0.0,no_overture_place
4749992d-c424-4102-a004-d7f64f5a5017,Lakwaya Model Primary Health Center,,,0.0,no_overture_place
5d48edf1-c75d-4f1f-ada8-1605d6321c2b,Kutama Model Primary Health Center,,,0.0,no_overture_place
66bb1dea-1ca0-4bac-9ddf-9b4a19786715,Tsaure Basic Health Center,,,0.0,no_overture_place
9364c002-314b-4c9e-9d14-0fda1b32f368,Gwarzo General Hospital,,,0.0,no_overture_place
cdfdecdb-61a6-4e65-93dc-8cd03d901b42,Faruruwa Basic Health Center,,,0.0,no_overture_place
3f86bf52-80e4-4622-80bc-901ef311de48,Gurun Model Primary Health Center,,,0.0,no_overture_place
406c0d27-0177-43a2-b3ee-0194ae6c084e,Kadamu Model Primary Health Center,,,0.0,no_overture_place
49876205-8470-41f7-b37d-c0f4aeb5cd29,Dumbulum Basic Health Center,,,0.0,no_overture_place
db132b2f-bed2-4434-aa31-a99e705c1256,Madadi Basic Health Center,,,0.0,no_overture_place
b7f3550b-6778-4a00-a5b3-78d1ef160f61,Yar Gwanda Basic Health Center,,,0.0,no_overture_place
460b703b-8f76-4986-a0e6-b52c3b60c7d1,Leni Basic Health Center,,,0.0,no_overture_place
44be9f2e-71ee-44b7-97de-b16228a786d5,Danzabuwa Model Primary Health Center,,,0.0,no_overture_place
59f918dd-6826-46fc-9f23-dfd6200796db,Dangada Model Primary Health Center,,,0.0,no_overture_place
6cb242ee-ce77-4c68-8962-1d307f7d7759,Abbas Primary Health Center,,,0.0,no_overture_place
d60a6b14-d60c-4c34-8d31-36e4b40a860b,Chiromawa Basic Health Center,,,0.0,no_overture_place
44d4c9de-e924-4d74-b4c8-66f6d79f3dcc,Sabon Fegi Health Post,,,0.0,no_match
9b7ef4ac-551c-40c6-9917-2c648952e632,Shuwaki Model Primary Health Center,,,0.0,no_overture_place
cec036dc-148d-4c6a-a892-9d4d558f45c7,Kafin Maiyaki Primary Health Center,,,0.0,no_overture_place
638a36f5-811b-4be2-a031-a58fcfb223f9,Bichi General Hospital,90fcd28f-8282-4397-a5be-7b41d119409b,Bichi General Hospital,0.9426,match
db1e493b-f001-46d0-840c-0c5cb68fd2ff,Gwarmai Basic Health Center,,,0.0,no_overture_place
c68019b2-e590-4bd2-829c-2e66eefde57a,Kunchi Primary Health Center,,,0.0,no_overture_place
37fe66a5-d9fe-465b-a34f-e7ff2b8e9b60,Tattarawa Primary Health Center,,,0.0,no_overture_place
30bda840-9235-42a2-b835-6513113f4aa0,Gwarmai Primary Health Center,,,0.0,no_overture_place
c225b73a-9584-41f4-b1eb-a81995d56ccd,Kura General Hospital,06cbf302-9f9d-4a98-ab52-5eaeb90409bf,Kura General Hospital,0.9883,match
0b4ee7a1-188b-461d-84f2-751bde31c32c,Ganduje Primary Health Center,,,0.0,no_overture_place
1586cded-a226-4242-a90c-397a218797d5,Munture Sabon Gari Health Clinic,,,0.0,no_overture_place
63646f34-e599-49d5-b2ab-3235b26ed956,Rijiyar Lemo Model Primary Health Center,ad48391f-b4c5-44a1-b039-5226ef9bfa56,Kunya Hospital and Maternity Services,0.6797,review
2615e24c-90dd-4985-a233-7dd28a97442f,Dr Wada Waziri Basic Health Center,,,0.0,no_overture_place
b9d78f88-b78a-4f04-8af5-24e1f523a6b0,Wailare Health Post,,,0.0,no_overture_place
6c9a3849-1baf-4dc7-a2d3-e3196ae94073,Sheik Jiddah General Hospital,2b451345-d4e6-4ade-b629-843d71eb0ed9,Sheikh Muhammad Jiddah General Hospital,0.8884,match
cd54c56a-cc92-43c8-9e40-ae158c14b4ef,Kunya Primary Health Center,,,0.0,no_overture_place
bb33fd6a-d596-4a75-b60c-4bc0f5ab41d9,Giginyu Basic Health Center,2b1f39e3-4466-4c55-aac9-03b8dcb690bf,Providian Medical Diagnostic Center,0.7505,review
b720c761-b5ee-4adc-ad2e-034ae24c800c,Ririwai Basic Health Center,,,0.0,no_overture_place
f6d81f2b-c51b-4446-91aa-de90fd52eb92,Wudil General Hospital,e34cb5cd-da7b-4b01-b6a0-b9f5fcbc60a4,Wudil General Hospital,0.9799,match
461bfe19-bbe0-43cd-b796-8522a7dd7518,Lajawa Primary Health Center,,,0.0,no_overture_place
a8e46f27-ac15-4863-adb3-01772cfd2259,Dr Rabiu Musa Kwankwaso Health Clinic,,,0.0,no_overture_place
997d5a6d-7461-4538-b67e-2ab266e6ff9e,Gidan Sarkin Noma Model Primary Health Center,,,0.0,no_overture_place
026630f3-6992-4b76-88cd-1ddbd62c3f31,Dawakin Tofa General Hospital,,,0.0,no_overture_place
e16e4ac3-8eac-4a39-8972-8355e527fd77,Yandadi Model Primary Health Clinic,,,0.0,no_overture_place
9a834e9f-cf19-43f1-a0bd-a968b43ad199,Sanbauna Basic Health Center,,,0.0,no_overture_place
0aa58a4c-60a3-4182-944e-6d68d7d42142,Bebeji General Hospital,,,0.0,no_overture_place
191361cc-82c0-462b-bfc5-c5fd52ac59be,Unguwar Rimi Health Post,,,0.0,no_overture_place
66764495-0f8d-4de6-9e32-d106c069af63,Wak Basic Health Center,,,0.0,no_overture_place
e28d5ab5-34e2-4d05-abf2-223bf7949e5c,Tiga General Hospital,,,0.0,no_overture_place
54eee89b-087a-4e0b-a253-f224f049530a,Garun Malan Basic Health Center,,,0.0,no_overture_place
4ac8e6bc-9b77-442a-9ba8-4711bb600c7b,Rugu Rugu Basic Health Center,,,0.0,no_overture_place
d2c2d908-c946-4148-89ae-457c4fbe3736,Sharada Primary Health Center,635b1d84-0864-45d4-909d-a57b4db93292,SmartLife E-Clinic,0.6482,review
0278cd84-5a73-44c7-a056-a56c7be96c8f,Jaba Model Primary Health Care,,,0.0,no_match
338150ff-3ae8-49eb-80ae-9a04b7e3e069,Yan Dutse Health Post,,,0.0,no_match
30213438-a536-4931-add0-1cfe9e44025e,Taitai Health Clinic,,,0.0,no_overture_place
3d62b891-680f-48f2-a6f7-26c1ac371ebf,Dawakin Dakata Primary Health Center,,,0.0,no_match
e4dd2805-ee5d-496f-b715-c980c11a1a55,Kibiya Primary Health Center,,,0.0,no_overture_place
4e433168-c056-435a-ba2b-88b2b35797d2,Burum Burum Primary Health Center,,,0.0,no_overture_place
17acd34e-319c-4079-ba8d-0af9a02eea65,Kure Primary Health Center,,,0.0,no_overture_place
26e25a42-7d95-4b38-87fb-466874dc2cb0,Dal Model Primary Health Center,,,0.0,no_overture_place
d6e882ba-a2ee-4343-88fb-ad01e44ace63,Utai Primary Health Center,,,0.0,no_overture_place
c9acebca-e691-4e25-b3df-6aaf45774485,Achilafiya Health Post,,,0.0,no_overture_place
d0387f95-63f1-4e33-9372-7812856d82ab,Sarkin Fulani Primary Health Center,,,0.0,no_overture_place
7d592a2e-9161-45be-81bf-217e7702d5e1,Bargoni Health Post,,,0.0,no_overture_place
6115dba5-e9bd-43e7-85db-1e01d66488f1,Kantudu Health Post,,,0.0,no_overture_place
bfbdcd39-525a-4378-86e2-3f3eb7370e72,Fuskar Gabas Health Clinic,c9b6d60e-375f-4e0e-88c2-ec7396f35689,Feccox Pharmaceutical Limited,0.6209,review
d25bbc46-ae57-4d6c-bf90-410c4cc39d78,Continental Clinic,295101c3-0d3a-44fc-bfef-58b777a864e2,Emmanence Clinic and Maternity,0.6017,review
c1981527-9135-4ef7-9634-786106f2c9bc,Gwalaida Health Post,,,0.0,no_overture_place
29f698c4-f681-4185-8106-21c0865e7f73,Dalal Rinji Health Clinic,543c3d1e-9c37-4bba-8006-d93da5aaaa10,Gidan Chindo Traditional Medicine,0.646,review
43324c24-77f7-42ac-9172-a8a464d5b9e3,Umar Faragai Health Center,,,0.0,no_overture_place
133519cd-7a18-4fb7-895b-d9b7c6289be1,Garin Ali Basic Health Center,,,0.0,no_overture_place
a7de08fd-3656-4484-a1a5-b79ddb4e50c0,Saude Psychatric Hospital,5a90f595-52ed-44a8-9c8b-0740abf18316,Albarka Medical Diagnostic,0.6082,review
a7046f6b-310f-4f2c-968c-2df2477b48ff,Kofar Waika Waje Health Post,,,0.0,no_match
4ffa4372-ce68-4141-a097-326a7dd228f9,Kano Prison Clinic,10f276d8-200e-42e9-adeb-5c8a3b49d151,Kumbotso Dental Association of Kano State,0.6691,review
52591c33-0dbb-4e55-8942-32724c2f2224,Maimuna Allah Raya Hospital,fa0b911c-662d-45db-b9e9-1cb741dd3ee4,Avon Healthcare Ideal Hospital and Maternity,0.7118,review
6fd6c869-4e9f-454f-8080-c7c62352beec,Warshu Hospital,99a69386-1e34-453b-8053-64b32bd952d6,Warshu Haruna Hospital,0.7706,match
b5796461-5a23-4ee1-8f4f-9ff06005c70e,Waziri Shehu Gidado General Hospital,bb7d1fd9-3a85-4009-bc69-3ea228edcf4b,Waziri Shehu Gidado Hospital,0.9182,match
41392a12-a854-4244-a190-9e1e9ac70df5,Doka Primary Health Care,,,0.0,no_overture_place
fef9f59e-f45a-41cf-b8fc-06c64264ca6e,Tsara Health Clinic,,,0.0,no_overture_place
0254219f-edb6-4e6b-880d-8e5506a1cf18,Bari Modal Primary Health Center,,,0.0,no_overture_place
f06a6226-4e61-48fb-8adc-b7a66aca90cf,Kadafa Health Center,,,0.0,no_overture_place
6bd621d2-10ac-4b3f-b0b5-1e29adeeae80,Jauben Yamma Health Post,,,0.0,no_overture_place
9945237d-520a-403e-966f-850465803f4d,Kano Primary Health Center,ce587974-47e8-4e2e-81e2-83b357a128d9,Kano Medical Centre,0.7613,match
16182aa7-aff1-48f9-b49d-cf744df404b6,Taddangari Health Post,,,0.0,no_match
82480fb7-6871-45d2-ac5a-ec9db5417fe8,Juma Health Post,,,0.0,no_overture_place
e286d785-a93a-4ae5-adce-d74165738999,Tinkis Health Center,,,0.0,no_overture_place
ea94877e-b791-42c5-9fc0-8070abd8e78b,Kurmi Health Center,,,0.0,no_overture_place
0e14701b-7af2-4f35-ae28-3c5b9f5f5f21,Goron Dutse Community Health Post,,,0.0,no_match
7f015173-a3cd-4357-a371-45cbd7ede49b,Dantsinke Health Clinic Darmanawa,,,0.0,no_match
77abb17c-df52-48b6-a2a4-69081e4c493d,Kundu Primary Health Center,,,0.0,no_overture_place
7b195736-7922-46a8-ae6d-4e3b62e29d08,Kauyen Adam Health Post,,,0.0,no_match
d967e16a-14b1-4453-904b-720d2c57735d,Chalawa Basic Health Center,,,0.0,no_overture_place
b3f7731b-234b-4b25-aed6-3d784e45978b,Mai Kwandara Health Post,,,0.0,no_overture_place
7d0b8c19-3186-410e-b71a-884b86ce096c,Bamako Primary Health Center,,,0.0,no_overture_place
e9ff9ea1-69fd-47e2-8b61-b84f8d91495b,Badodo Health Center,fce08902-bff7-4923-828d-154383a0d67f,Gold Dietary and Wellness Clinic LTD,0.728,review
9fbc0b87-0fd1-4ff9-9102-9028ef8e91b7,Sumaila Yamma Primary Health Center,,,0.0,no_match
810d934a-3df8-43cd-8656-1a31c80b69a0,Baguda Health Clinic,,,0.0,no_overture_place
2f95331d-6eba-482b-907e-27caa4b9b360,Kariya Health Post,,,0.0,no_match
c27c326e-1a79-4765-86cc-97e11831b67f,Baure Health Clinic,fce08902-bff7-4923-828d-154383a0d67f,Gold Dietary and Wellness Clinic LTD,0.6988,review
abc99636-e065-46d3-9ab4-a26bc8cc8dd4,Chedi Mai Dala Clinic,,,0.0,no_overture_place
270c9e28-4fbf-497f-842b-b92341848ea5,Kyuta Primary Health Center,,,0.0,no_overture_place
40b5f289-b1e2-4961-a702-4a8cf3b2a11f,Chakawa Health Center,,,0.0,no_match
f4949802-7e7d-4c75-bfab-2e0e9d4c5b56,Daurawa Health Clinic,,,0.0,no_match
5be44b10-2be7-4fb3-9501-4a1c9b7068df,Zambazau Health Post,,,0.0,no_overture_place
83d878c9-c001-4210-9525-725ab8bbd2d3,Tanawa Health Clinic,,,0.0,no_match
05c6e2ab-ce23-4009-a679-cfbc934d386e,Ginzo Health Post,,,0.0,no_overture_place
7d8d6b3c-d35d-491b-81de-a182da883434,Bakari Health Center,,,0.0,no_overture_place
6bd09005-8efa-4111-9975-18363a3ff7a4,Madari Health Post,,,0.0,no_overture_place
a54b4273-b9a9-446b-84eb-e0226b86e697,Kargo Health Post,,,0.0,no_overture_place
400e24ba-a63d-49e5-9ff5-c8fe63999dc3,Alkalawa Health Post,,,0.0,no_match
3635a910-7ae7-4870-aba0-9ac6fdd6dbf5,Madigawa Health Clinic,b6d55101-68e7-435d-96df-4a590dee3f9f,Sabo Bakin Zuwo Maternity Hospital,0.6383,review
930b1a33-7720-47c2-9acb-535ff74e770a,Alharini Health Post,,,0.0,no_overture_place
a2fd13aa-2d33-4095-9597-0eca3dc8e242,Rimin Zakara Health Post,,,0.0,no_overture_place
13746c65-c4ee-41b4-8650-da4baf257934,Kafin Lemu Health Clinic,,,0.0,no_overture_place
801338f3-fb3a-4cae-a29f-524e7c48d338,Gurduba Model Primary Health Center,,,0.0,no_overture_place
862c7f72-d8c6-4434-9b48-d7bd324fe732,Hargagi Health Post,,,0.0,no_overture_place
2f09dda1-ca60-47fa-be8b-828c83b106ab,Gabassawa Health Post,,,0.0,no_overture_place
4fbbe034-3982-44b3-9b3f-0c995df3e6eb,Magami Health Center,,,0.0,no_overture_place
846a406f-4e6b-4d0e-a570-bbd60b6a2cd9,Magaji Galadima Health Center,,,0.0,no_overture_place
0f74efa5-5827-4483-ac64-924c43d4b39d,Dutsen Amare Health Post,,,0.0,no_overture_place
ec49267a-b6f9-4c4a-8266-1de295cec9c4,Yola Primary Health Center,,,0.0,no_match
edf17a3e-8e34-4d22-8ffc-858cea5862af,Beli Besic Health Center,,,0.0,no_overture_place
6e2f095c-c6ff-4df7-8088-736b13c39056,Getso Maternal and Child Health Clinic,,,0.0,no_overture_place
