id,name,alternate_name,category,lga,ward_code,lon,lat
fde52dcb-f5b9-40b1-93ad-b2a02d674ada,Karfi Health Clinic,,Primary Health Center,Bunkure,KN0605,8.49279,11.62192
79ec8d6a-e76e-42c6-abd2-8b7273cd7539,Kunshamaa Health Clinic,,Primary Health Center,Doguwa,KN1104,8.60241,11.1547
a4df570b-3847-4804-b003-76b63118d3d3,Dugabau Health Clinic,,Primary Health Center,Kabo,KN2001,8.207114,11.80271
35abbfdd-c6ca-449d-8f90-5d059ade0098,Darmanawa Health Clinic,,Primary Health Center,Tarauni,KN3802,8.540782,11.955208
7be96824-2719-4e8b-b6d5-4c8ea462c7c0,Yauran Health Center,,Primary Health Center,Kiru,KN2414,8.19295,11.43604
ff5d545c-1c26-4c14-844c-fc9c6cd9cc7a,Runji Health Center,,Primary Health Center,Kiru,KN2402,8.15974,11.38647
92938283-38fc-4ba0-9e23-51a7fbe99928,Dususu Health Center,,Primary Health Center,Garun Malam,KN1509,8.4251,11.72408
260d05dc-b0cd-4755-8485-d841c348c09a,Gabari Health Center,,Primary Health Center,Bagwai,KN0306,8.23688,12.02796
68e336c2-f891-41e7-ab55-06d6b91f0d21,Sarauniya Health Center,,Primary Health Center,Bagwai,KN0306,8.23059,12.05307
d50fdcf3-f513-4118-a3c5-7197d12b60bd,Kadawa Health Center,,Primary Health Center,Bagwai,KN0302,8.22361,12.04344
d1fdc055-a37c-4ddc-8906-5e7889de9634,Labour Abasawa Health Center,,Primary Health Center,Garun Malam,KN1505,8.39719,11.59618
bbd4d0bf-3942-4261-8a66-1dd6aebf6413,Garo Primary Health Care,,Primary Health Center,Rimin Gado,KN3303,8.17104,11.96401
97c14284-e8a9-46e8-a640-723e7187595c,Dunin Primary Health Care,,Primary Health Center,Kabo,KN2001,8.23117,11.8
f7f13dbc-3aa9-44a7-ab82-3c02acd49328,Kwankwaso Health Care,,Primary Health Center,Madobi,KN2809,8.39339,11.85154
8aa79a78-d62c-4359-a8e7-6adf4a5eaeaf,Leni Health Center,,Primary Health Center,Shanono,KN3506,8.09711,12.00265
aeb794c7-0fb0-4951-8a1c-d9528fb9d83b,Bachirawa Health Center,,Primary Health Center,Tofa,KN3914,8.27813,12.03424
ac87f9f5-95db-4ab5-9328-284831fbb4be,Dungurawa Health Center,,Primary Health Center,Bagwai,KN0307,8.21458,12.09769
f62ed0a5-dc62-41a3-8b34-32f71a4565f5,Gadau Health Center,,Primary Health Center,Bagwai,KN0307,8.21424,12.10799
70c4c3df-aa80-4cf7-9f13-e0358d18704e,Chedi Babbar Ruga Health Center,,Primary Health Center,Bagwai,KN0306,8.23578,12.08349
4642fcfa-8ce8-42dd-b063-04747bfc9d59,Gargari Health Center,,Primary Health Center,Bagwai,KN0305,8.18107,12.10705
361d9d54-7a08-41bc-a43a-b741a833f374,Romi Health Center,,Primary Health Center,Bagwai,KN0307,8.22094,12.07541
f2f56193-942a-4e16-a96d-e9e43f33160c,Jalli Health Center,,Primary Health Center,Tofa,KN3901,8.27745,12.11052
9e5c1590-fb51-4870-94a0-24b527aa95e4,Kwa Health Center,,Primary Health Center,Bagwai,KN0307,8.22413,12.08921
fa575e50-e10d-45cd-a658-dac63b7acc13,Joben Marke Health Center,,Primary Health Center,Bagwai,KN0308,8.12514,12.09451
e424d4c7-cdad-47df-8dff-8176c3e76d54,Marke Health Center,,Primary Health Center,Bagwai,KN0308,8.16292,12.07724
ee1e3c5e-617c-4b07-9344-401236535850,Kunya Primary Health Care,,Primary Health Center,Dawakin Tofa,KN1009,8.32125,12.13267
48799221-012c-4427-9e10-8ddd5f053d46,Rahama B Health Clinic,Cutar Buki Health Post,Primary Health Center,Bebeji,KN0410,8.310408,11.427942
72f32874-0616-4216-b800-c1249be8897f,Danja Primary Health Care,,Primary Health Center,Gezawa,KN1705,8.74,12.05
c3df3e61-29f2-4907-9d1b-a908f8fac38a,Mangwaro Primary Health Center,Tudun Fulani Primary Health Center,Primary Health Center,Ungogo,KN4208,8.477563,12.035691
d9d7f622-b81d-4c07-a32b-45382edf3e0c,Gwamai Health Center,,Primary Health Center,Bagwai,KN0305,8.19154,12.11113
dfb73cf9-29da-46bd-b304-c86c7369a708,Gabasawa Health Care,,Primary Health Center,Ungogo,KN4205,8.54552,12.10517
e204a501-a815-4f04-8bf8-d3501fc0b66a,Balare Model Primary Health Center,,Primary Health Center,Ajingi,KN0102,8.930938069,11.99149491
d7416eba-c0b5-4248-aa17-42f15f2ce73f,Dan Hassan Primary Health Center,,Primary Health Center,Kura,KN2702,8.516597,11.794182
046403e3-56d3-4eee-a342-6779bb7dd582,Rahama Basic Health Center,,Primary Health Center,Bebeji,KN0410,8.272289,11.408687
05c67890-b8e0-4678-8923-cfb88772f370,Borno Health Care,,Primary Health Center,Bunkure,KN0602,8.63031,11.70485
df48efd6-71b9-4e44-80e5-a2ff715f54c9,Tumfafi Health Clinic,,Primary Health Center,Ungogo,KN4204,8.45877,12.07276
3e5cd8c3-7506-42c9-9e4e-1674f04415a5,Wapa Primary Health Center,,Primary Health Center,Fagge,KN1204,8.5263,12.00878
58c24c51-0b78-4e1c-8915-c84d9a681165,Tahade Model Primary Health Center,,Primary Health Center,Gabasawa,KN1301,8.91425173310539,12.178481411087501
8ed65024-48dc-46ae-90bd-777d144998a8,Gaya Primary Health Center,,Primary Health Center,Gaya,KN1604,9.00813,11.86213
8f67f22b-23e5-48c0-b27f-3dacf7b7b91e,Chedi Health Clinic,,Primary Health Center,Kano Municipal,KN2106,8.51656,12.00201
7777659b-a351-4d4d-a93e-5338754fb366,Gozarki Health Center,,Primary Health Center,Dala,KN0706,8.51161,12.01516
a2d5347c-c9a7-448e-b2e3-d3d89300bcd0,Kofar Fada Primary Health Center,,Primary Health Center,Kibiya,KN2310,8.72089,11.59037
9086f289-aef1-4590-8336-ea362775f648,Tamaru Health Clinic,,Primary Health Center,Kibiya,KN2303,8.65077,11.39427
3201fe91-86e9-4004-8036-a23a95a6ba53,Maganda Health Clinic,,Primary Health Center,Doguwa,KN1107,8.760681152,10.64190674
761c4db9-38c4-477a-82cb-137341eee13c,Yan Audu Federal Government,,Federal Medical Center,Gaya,KN1609,8.920288086,11.83770752
8f3d2416-46fd-4575-814e-c337235bcc94,Tarauni Government House Clinic,,Primary Health Center,Tarauni,KN3807,8.552165,11.982914
142a03ec-0f89-4182-8510-0f31ad3325b4,Gamadan Health Clinic,,Primary Health Center,Kura,KN2703,8.54486,11.80878
d5758286-6181-4dd1-aa46-1229d9a26e7a,Yalwa Danziyal Model Primary Health Center,,Primary Health Center,Rimin Gado,KN3311,8.309997,11.953091
a7e34739-a7eb-4052-8b0e-9d5fb34c41d4,Tamburawan Gabbas Primary Health Center,,Primary Health Center,Warawa,KN4311,8.659205,11.944313
6277ccd9-fc11-48a9-a4a6-fe70b8cec687,Dawanau Basic Health Center,,Primary Health Center,Tofa,KN3910,8.26238,12.05675
90fee38a-7aa6-46fb-87d8-f2b68cc9f024,Babawa Model Primary Health Center,,Primary Health Center,Dawakin Tofa,KN1001,8.39608,12.03477
e48a92aa-9f89-41d6-ab65-f83aaee752bb,Kirya Health Clinic,,Primary Health Center,Bunkure,KN0605,8.45203,11.6175
56bd5019-254a-4a90-951c-d5f2f845e64d,Gainawa B Health Clinic,,Primary Health Center,Kura,KN2705,8.50331,11.83124
2bbd8cc2-5c56-4a09-ad0a-8b8e5cf05311,Ruwan Tabo Health Clinic,,Primary Health Center,Rano,KN3209,8.55226,11.52197
fd342b1a-ee7a-4645-92d1-cacc50182ff5,Ungogo Basic Health Center,,Primary Health Center,Tofa,KN3914,8.29428,12.05524
ce939a1f-bcbb-4e70-aad7-79d2441f3cc7,Gayawa Primary Health Center,,Primary Health Center,Dawakin Tofa,KN1003,8.30719,12.09308
19e286f7-f605-4498-b77d-ab00a3542ad8,Gamashima Health Clinic,,Primary Health Center,Garko,KN1401,8.800109863,11.41888428
caebe203-3306-45af-ba33-000c7a6ef2f7,Bude Primary Health Clinic,,Primary Health Center,Bichi,KN0502,8.230285645,12.2321167
5fb85e8b-6681-4877-b3d4-9149ae48f1cd,Gwanda Federal Health Center,,Primary Health Center,Dambatta,KN0806,8.569091797,12.5690918
8d2300ea-315e-4992-802e-ac862956d965,Baraji Health Post,,Dispensary,Rogo,KN3405,7.99731,11.52184
8ff1705f-2a2d-4916-9244-bf3ad03f0806,Kargo Health Post,,Dispensary,Rano,KN3201,8.56178,11.52835
f48efa7e-1c9c-4862-a885-d180f73a44b4,Al Noury Specialist Hospital,Annury Hospital,Specialist Hospital,Tarauni,KN3807,8.54276414,11.97820344
e0e3971e-2fe8-4e85-a407-9ff8c9513711,Ggss Dawakin Tofa Clinic,,Educational Clinic,Bagwai,KN0306,8.20097,12.06134
6c8b50cd-3bd8-49d6-a6be-62c069485b2a,Ni Ima Clinic,,Primary Health Center,Bichi,KN0502,8.235290527,12.23272705
decaa76a-fee5-4ef9-9d38-2a4ed4ab5cb7,Saya Saya Health Post,,Dispensary,Gaya,KN1607,9.06692,11.71648
2273e320-f09e-4e63-a2d5-8b4e5d998f3d,Dambatta Government Secondary School Health Clinic,G S S Health Post Dambatta,Educational Clinic,Dambatta,KN0802,8.517304,12.425241
23eb6da2-4c24-49f5-ba2a-926f369c8db2,Nassarawa Health Center,,Primary Health Center,Bagwai,KN0306,8.23057,12.07424
c2cdcece-3aea-4ea1-9e38-2c4f15f85050,Ecwa Health Center,,Primary Health Center,Tsanyawa,KN4007,7.96266,12.2984
18857014-1074-4e07-8eb0-947384d0e467,Kwiwa Health Center,,Primary Health Center,Garun Malam,KN1507,8.3632,11.72168
75a4c11c-bfe2-47bd-83b2-b507a07b2edf,Tsakuwa Dal Health Post,,Dispensary,Garko,KN1401,8.790317,11.530324
cc3b7c65-47cc-46c0-a427-0d78e81d98fe,Husuren Health Post,,Dispensary,Kabo,KN2006,8.019947,11.955787
fbd30df9-6316-4fbc-8af0-7ec51d042f44,Unguwar Sarari Health Post,,Dispensary,Kibiya,KN2301,8.685598,11.611637
bcdb7906-d92f-410e-a0cf-af16cb0dbdce,Yanshado Health Post,,Dispensary,Shanono,KN3510,7.889358,12.043244
2c99e9e7-a365-4bd4-919f-8b308ae4ec80,Tamburawan Yandadi Health Post,,Dispensary,Warawa,KN4311,8.666466,11.956604
173f04b8-69c9-4daf-bbd3-082dd840680b,Kawari Health Post,,Dispensary,Ajingi,KN0103,9.006035,12.00752
790af470-9fdb-4ea8-9ba6-e2fa4fe6aea0,Karofi Sumaila Basic Health Center,Sumaila Yamma Basic Health Clinic,Primary Health Center,Sumaila,KN3611,8.955669,11.529741
409e5719-063a-43db-9b6c-b478e7e8b6aa,Zakirai Comprehensive Health Center,,Comprehensive Health Center,Ungogo,KN4202,8.53102,12.0628
b0ecaa24-7657-439b-8f88-8f0c8bc7d989,Raya Health Post,,Dispensary,Sumaila,KN3610,8.730712891,11.2678833
26a2172b-f402-4a9c-8202-972b84d33fac,Kanyar Waja Health Post,,Dispensary,Kabo,KN2004,8.144897461,11.98028565
efda34e3-af63-4d85-a99a-811f8f43d8d1,Kadawa Chiki Gari Health Post,,Dispensary,Garun Malam,KN1508,8.444173,11.645899
9476bd1c-6f36-4d49-b964-1089ae6f5c0a,Takai Health Post,,Dispensary,Dambatta,KN0809,8.593956,12.368062
18d4ec2a-d7dd-4074-a7a1-017ecb69f1bf,Getso Maternity and Child Primary Health Center,,Maternity Home,Gwarzo,KN1902,7.975697,11.86985
f5775af9-3c06-4b4a-bcca-65c76e194c1d,Jajaye Health Post,,Dispensary,Rogo,KN3405,7.935656492,11.55685027
dd5df8f0-9e2d-4c32-b22f-38ac9e691977,Gadan Kaya Health Post,,Dispensary,Gwale,KN1810,8.492864,11.984956
9ac6db44-db02-4c2a-81b5-491bbbc1cb16,Gwauran Dutse Community Health Post,,Dispensary,Gwale,KN1805,8.490616,12.003711
17f7996a-c35b-4f56-a993-65d1535d6950,Sanna Health Post,,Dispensary,Garko,KN1406,9.019129,11.530705
7957a88a-3180-472f-b1dd-13e5b5f1acaa,Jobawa Health Post,,Dispensary,Garun Malam,KN1507,8.355285645,11.69592285
0eae85d7-91eb-432a-9c96-debbf7fc9214,Dawaki Health Center,Galadanchi District Head Post,Primary Health Center,Dawakin Kudu,KN0903,8.59633,11.83572
85964287-2b4b-41e6-8c6b-266d0d8494c8,Kaleku Health Post,,Dispensary,Bagwai,KN0307,8.19567,12.0826
68ec31ff-d577-4f82-a678-9e457afec117,Bandutse Health Post,,Dispensary,Kunchi,KN2606,8.25906,12.58688
2a7ed70d-9981-418c-8814-e7e76c3ad87f,Achilaffiya Health Post,,Dispensary,Kiru,KN2411,8.13862,11.74852
edf7d84c-f3aa-4b33-a4af-01c99624fafd,Doka Health Post,,Dispensary,Tofa,KN3910,8.28164,12.05751
db6989c9-f77e-44f0-b109-a37644a7f2e7,Dan Rimi Health Post,Baguja Health Post,Dispensary,Ungogo,KN4204,8.488795,12.058141
bc24ba2a-139d-4da4-a356-1ddf93fc9c11,Jaen Maternity and Child Primary Health Center,,Maternity Home,Gwale,KN1803,8.483192,11.945363
56f015d7-f41a-49a1-b803-ab09c8c4ab78,Dala Maternity and Child Primary Health Center,,Maternity Home,Dala,KN0707,8.506037,12.013529
531e9a0e-ffba-4f5f-9eea-cb4f62457b6a,Gwale Maternity and Child Primary Health Center,,Maternity Home,Gwale,KN1806,8.504186,11.986239
bfa34f6b-17bd-431a-afb0-071235e8775d,Omega Clinic,,Primary Health Center,Fagge,KN1209,8.52944,12.0199
a9647bee-60df-4f45-8952-1fe3d1267b17,Tunik Hospital,,Primary Health Center,Fagge,KN1209,8.53465,12.02904
f284d0df-7c12-4590-acc0-bf231f4613c3,Wari Hospital,,Primary Health Center,Nassarawa,KN3103,8.54737,12.02742
aad7d4ae-269a-437a-bcaa-587e04b68bb8,Ggss Kwa Clinic,,Educational Clinic,Bagwai,KN0307,8.22754,12.08901
a33f379a-849a-44e2-b3cd-aef80c14e590,Yada Kunya Leprosy Hospital,,Primary Health Center,Dawakin Tofa,KN1001,8.37907,12.05056
b0001a9e-ceb4-4213-b661-d77cdc9be9f2,Udunma Center,,Primary Health Center,Nassarawa,KN3104,8.561096191,11.98907471
d9c074b7-c425-408b-a6f7-c9a71fc50882,Ggss Clinic,,Educational Clinic,Kabo,KN2008,8.172119141,11.84851074
96986f7f-70cc-4d0f-bdae-c17b9eec225c,Triump Hospital,,Primary Health Center,Tarauni,KN3801,8.541687012,11.96307373
c7c37bb8-cb7d-4b37-8270-eabf350ff682,Farida Clinic,,Primary Health Center,Takai,KN3706,9.258728027,11.54211426
4e295735-900c-4f74-ba5d-0f4a821e547f,Ggss Maimunatu Health Clinic,,Educational Clinic,Dambatta,KN0803,8.51171875,12.42468262
6207c4c8-1da9-48fa-a69d-ebca7d1a4c6c,Interior Hospital,,Primary Health Center,Nassarawa,KN3104,8.555297852,11.99151611
74dde647-1c6e-453b-b8fd-66c6aa8f4099,Tsanyawa Town Ecwa Hospital,,Private Non Profit,Tsanyawa,KN4007,7.98248291,12.29852295
5fd2a270-b0bd-41ef-9921-93c7e0cb715a,Copperstone Hospital,,Primary Health Center,Nassarawa,KN3110,8.554504395,12.01190186
1ebd24bb-7223-4b10-bde3-5d157db3eafd,Hallmark Clinic and Maternity,,Maternity Home,Nassarawa,KN3104,8.573486328,11.97729492
47c7a769-3c24-40ba-82fb-4ea01561c217,Gundutse Medical Center,,Medical Center,Kura,KN2704,8.498718262,11.82470703
138676be-9960-45cf-b753-fffa8efeb18c,Alheri Diagonistic Hospital,,Primary Health Center,Gwarzo,KN1903,7.932678223,11.91192627
0ca3d5e6-fd99-4cdc-9daf-9a3655ca72a7,Excellence Hospital,,Primary Health Center,Tarauni,KN3807,8.563293457,11.97668457
58b9eca3-44ad-48e6-8837-bb19c4828c04,Taimako Nursing Home,General Hosp,Primary Health Center,Bebeji,KN0407,8.34880653,11.48727655
a51207ab-3fe4-4d7f-826d-23a62f12a2c9,Naibawa College Clinic,,Educational Clinic,Kumbotso,KN2510,8.553043,11.921052
6c47877d-f5f3-48e5-b312-5aedb4c0a110,Topcare Medical Hospital,Top Care Medical Center Kano,Primary Health Center,Nassarawa,KN3109,8.57652187,12.0095828
3b74fbef-4052-403a-ae7e-09a4249adf90,Doctors Clinic,Doctoracs Family Clinic,Primary Health Center,Nassarawa,KN3109,8.56633614,12.01300096
430e5950-5dcb-497f-a5f1-2fd6568e5146,Raya Clinic,Udunma Center,Primary Health Center,Nassarawa,KN3104,8.562229256,11.99573659
90d771ec-9580-4300-bcd4-d138b99eb825,Mecure Diagnostic Center,,Laboratory,Fagge,KN1201,8.538896463,12.00286278
731bdb21-8ca6-4937-91c7-2f54315488a2,Gidan Alhazai Hospital,Gidan Alhazai,Primary Health Center,Wudil,KN4408,8.84878394,11.80086242
5de7ebff-00d0-494c-9e6f-1754920abf85,Garba Mai Sikali Clinic and Maternity,Zakirai Clinic and Maternity,Maternity Home,Dala,KN0709,8.51751709,12.01367188
3f1353b5-6b17-40ad-89af-5b138a1ba6be,Bayero University Kano Clinic,Buk Staff Clinic,Educational Clinic,Gwale,KN1803,8.480377,11.97653
f19e9a1d-2485-49e1-9b62-ee588a98a077,Dangauro Health Post,,Dispensary,Kumbotso,KN2512,8.55026,11.90923
f4a09d5f-9265-4c90-9b25-fa7b12069978,Dusurawa Health Post,,Dispensary,Rimin Gado,KN3304,8.2476,12.011
5f3a9185-a7ee-4f92-ab08-a1802cf394ad,Yalwa Maternity and Child Health Madakingini Clinic,,Maternity Home,Dala,KN0712,8.500263,12.002493
c6cc0ae3-d672-4cdb-8f74-35101dc99edf,Middle Road Maternity and Child Health Clinic,,Maternity Home,Fagge,KN1209,8.534225,12.019295
259c743c-98cf-4074-985d-7957b32aa432,Kawo Health Post,,Dispensary,Gabasawa,KN1301,8.854395,12.162237
db40db25-dcee-4d7c-b88d-993128b94c59,Tankarau Health Post,,Dispensary,Gabasawa,KN1310,8.907004,12.08324
61975766-0926-4f78-977c-cfe5bb3c8af7,Kawo Health Post,,Dispensary,Garko,KN1408,8.771965,11.68205
e5b2db3f-a62d-43d3-b8c9-33496862a5ab,Jajaye Basic Health Center,,Primary Health Center,Rogo,KN3402,7.72568,11.55681
7328f85b-819d-4e57-b76f-f8b1aa741c8f,Karshi Health Post,,Dispensary,Rogo,KN3410,7.87368,11.54989
406a1b03-918c-4694-94c8-b12d3c703457,Tarauni Health Post,,Dispensary,Ungogo,KN4202,8.53826,12.06804
fc503b91-3900-462f-875a-f5745f92ba85,Santsi Dispensary,,Dispensary,Fagge,KN1206,8.5271,12.02974
f240123d-580b-41ec-8c8a-5ae7c2d52594,Tsamiya Babba Dispensary,,Dispensary,Bebeji,KN0414,8.37267,11.59003
06c44313-8944-4a80-9a75-26027bb17833,Musku Health Post,,Dispensary,Bunkure,KN0604,8.45929,11.59345
ba7e57d6-804f-4d46-b636-624da950a566,Tofa Dispensary,,Dispensary,Ungogo,KN4208,8.44971,12.00763
66cdca0a-9ef4-41c0-a15f-0cbfb0f520c5,Daradau Health Post,,Dispensary,Ungogo,KN4208,8.42033,12.03174
e81732d0-1e06-4e34-8324-536c32e1be7f,Tsalle Dispensary,,Dispensary,Ungogo,KN4201,8.429,12.04831
134bd6f9-f111-43ed-9a93-615982678e53,Gezawa Dispensary,,Dispensary,Ungogo,KN4201,8.45063,12.06032
8f5d2f46-3fa0-4e2f-a311-93ff469754ff,Gunduwawa Health Post,,Dispensary,Tofa,KN3915,8.37741,12.00971
5cca708f-c51e-466c-a1f5-828ce9185083,Tumbau Health Post,,Dispensary,Bunkure,KN0604,8.48696,11.5957
a2cb3dc7-b2da-4e85-846b-603a506833ee,Jogana Dispensary,,Dispensary,Ungogo,KN4207,8.41924,12.0158
1da9c983-a2cb-4afc-a3d9-596a44f26d86,Wangara Dispensary,,Dispensary,Ungogo,KN4208,8.45318,12.02235
1c5ae0cf-8e00-433c-bbf8-167372842a9c,K Mahanta Health Post,D Malaki Health Post,Dispensary,Kabo,KN2004,8.14674,11.95727
40afdf6e-7b5c-4dad-9fad-6d205e6d893b,Daura Health Post,,Dispensary,Karaye,KN2208,7.99856,11.76359
2a8f30ba-e878-44ba-9314-b66740029f95,Yola Health Post,Tudunkaya Dispensary,Dispensary,Karaye,KN2210,7.94379,11.71084
aa98560b-b1cf-42de-8769-65a7e27081af,Faran Health Post,,Dispensary,Kibiya,KN2308,8.65257,11.53084
9fc0fde8-3fb0-4e0c-83c4-e02e0d3dabd5,Chalbo Health Post,,Dispensary,Kibiya,KN2308,8.65219,11.53162
9dab4711-4899-4a3d-b072-9da3c2d94398,Bacha Health Post,,Dispensary,Kibiya,KN2308,8.65705,11.52603
723468eb-d8fe-4230-b3a5-f45c5f7ec53f,Sarar Health Post,,Dispensary,Kibiya,KN2308,8.65561,11.5256
fe3ac43e-d69a-4e0d-9f95-1edba6255a0c,Dawakin Sulu Health Post,,Dispensary,Madobi,KN2811,8.32786,11.74368
41da36bb-142e-4e24-9995-7813353eaff3,Gulu Dispensary,,Dispensary,Rimin Gado,KN3302,8.29582,11.86773
96fb6997-110d-4288-8a53-2f1ca79a95f8,Bagujan Health Post,,Dispensary,Shanono,KN3509,8.0127,12.06064
6dd5eab1-5f6f-4d61-acd4-8cbec5be2fbc,Gera Health Post,,Dispensary,Bagwai,KN0306,8.20101,12.05323
efde466a-4a7e-43d0-a8b8-fde0a38a9c0d,Dausayi Health Post,,Dispensary,Rimin Gado,KN3304,8.26643,12.00782
4d8b9d92-f8cd-4320-b3a1-5afc45e31462,Rimin Kebe Health Post,,Dispensary,Tofa,KN3915,8.34421,12.02557
6b13a786-b644-4552-8c7d-169fc5ee4de8,Inusawa Health Post,,Dispensary,Shanono,KN3508,8.05776,12.04146
5ff41c85-3ad7-4e7f-90a9-4a1e35e27840,Gadan Health Post,,Dispensary,Rimin Gado,KN3312,8.27341,12.00201
8e754e0d-53da-4326-ad7a-968261f975e3,Alazawa Health Post,,Dispensary,Bagwai,KN0304,8.094,12.10231
6494a2b3-74e9-4a26-ab41-0b37ec4baff2,Chedi Mai Dala Ngawa Health Post,,Dispensary,Bagwai,KN0307,8.25331,12.08127
51bb615f-cc5e-4ac5-bd9a-d92d47a9cf57,Dandalama Health Post,,Dispensary,Tofa,KN3903,8.27937,12.08693
80dc16d2-4493-4ee9-87c9-b02236bf0569,Zagon Mata Health Post,,Dispensary,Dawakin Tofa,KN1009,8.24805,12.14019
2c11a613-9e23-4f5a-9834-21b94115efb8,Fango Health Post,,Dispensary,Tofa,KN3901,8.26776,12.10545
b184310a-7c24-48ae-b0aa-0827460ebe1f,Bagadawa Health Post,,Dispensary,Bagwai,KN0306,8.24147,12.0724
4db874a4-bd94-445b-bc58-96d88fcce332,Dan Ijake Health Post,,Dispensary,Dawakin Tofa,KN1011,8.43312,12.13114
8eb43b35-f8e1-4492-be45-70042f86d362,Yama Kanawa Dispensary,,Dispensary,Dawakin Tofa,KN1011,8.487,12.16253
f1e95b77-ea48-4aa9-aa7c-a76312bf1ca5,Yar Sabaina Health Post,,Dispensary,Ungogo,KN4209,8.47886,12.09312
2d5a2427-7339-4f26-a632-3f96d02e8c57,Mekiya Health Post,,Dispensary,Bagwai,KN0310,8.13312,12.13114
d2f684ab-c901-49e4-bb1b-29f2bd793c95,Mazan Kudu Health Post,,Dispensary,Ungogo,KN4205,8.54411,12.11752
5fc4ea74-2405-4655-bf16-fb62df69310f,Kumbo Health Post,,Dispensary,Ungogo,KN4205,8.53069,12.12227
7f43d386-5392-485f-b8b7-feca9c74a4c1,Gumawa Health Post,,Dispensary,Ungogo,KN4202,8.51804,12.08358
4b250449-2955-41a2-a7ad-a42a9b9abfd2,Chikawa Health Post,,Dispensary,Ungogo,KN4202,8.53602,12.08154
af891811-ba89-4591-910e-17c3afb3087a,Gambawa Health Post,,Dispensary,Dawakin Tofa,KN1011,8.49576,12.14638
733b82a8-2416-4386-93da-e0ab5e21d52d,Doga Health Post,,Dispensary,Dawakin Tofa,KN1011,8.48474,12.13461
560495e1-07bd-4b0c-8cf6-4f3a0f0adab8,Dadin Duniya Health Post,,Dispensary,Ungogo,KN4205,8.53334,12.09885
b890f6e8-600c-4616-9ea6-9c965ebe4d5f,Guruma Health Post,,Dispensary,Ungogo,KN4201,8.46824,12.06863
c7f02cb2-68b0-4add-89b9-1363b3bf9ab6,Shana Health Post,,Dispensary,Dawakin Tofa,KN1011,8.44435,12.15612
f80f37ac-9a2a-4333-beac-caa29079858e,Imamu Wali Dispensary,,Dispensary,Ungogo,KN4201,8.43848,12.0697
b59494d3-48a7-4657-b2b7-90998d579913,Mesar Burmi Health Post,,Dispensary,Ungogo,KN4209,8.44503,12.0872
b9b3eb40-6af0-49a2-add6-5aadbc52a545,Rigana Health Post,,Dispensary,Kunchi,KN2608,8.25797,12.40977
15b9bd15-ee4f-49d2-8580-d8d1f6d62a90,Dunawa Health Post,,Dispensary,Dambatta,KN0801,8.48275,12.44719
a3ac79cd-bb3e-4de9-aa9a-667db0dd6212,Kuru Dispensary,,Dispensary,Dawakin Tofa,KN1003,8.31783,12.1017
0e39f5cd-6e98-4fb2-ae65-1a223f46a9ab,Zabairawa Dansudu Health Post,,Dispensary,Dawakin Tofa,KN1003,8.30629,12.09577
661ecca2-ca05-4dc0-bd9d-c2501ef29ed7,Jirgabawa Health Post,,Dispensary,Dawakin Tofa,KN1002,8.3258,12.12022
b2c48bf0-e782-4c97-adef-57b0dca794d8,Geranya Dispensary,,Dispensary,Dawakin Tofa,KN1010,8.35416,12.11772
44abbbb2-8550-45a1-888f-5247883736d7,Kantama Babba Health Post,,Dispensary,Dawakin Tofa,KN1002,8.35663,12.10898
a9080a19-892a-49f5-b2b9-12d3fcaa06d8,Garfi Health Post,,Dispensary,Dawakin Tofa,KN1010,8.37578,12.11782
912e2ca1-e593-44e8-a24b-032df64922e2,Tsakiya Dispensary,,Dispensary,Dawakin Tofa,KN1003,8.33082,12.08283
5341e31e-0a51-49bb-9f37-84e38a30d352,Kwarkiya Health Post,,Dispensary,Dawakin Tofa,KN1006,8.35788,12.14852
8c91dc52-3f4a-41ba-bf09-67f0f523d46d,Danbawa Health Post,,Dispensary,Dawakin Tofa,KN1006,8.32747,12.15363
48b72c28-a163-4981-af34-498adebcb2fe,Tunkunawa Health Post,,Dispensary,Dawakin Tofa,KN1004,8.40336,12.1375
e9a0783f-357e-4f7b-a53d-c9c11cce6171,Gandirwawa Basic Health Center,,Primary Health Center,Dawakin Tofa,KN1001,8.36999,12.09304
6c8e42cc-8866-47b9-a0b8-71de8a4b7fa1,Abdakaya Health Post,,Dispensary,Dawakin Tofa,KN1004,8.41731,12.10455
d6abff82-d11f-484c-af60-cc14f0b122e2,Gurjiya Dispensary,,Dispensary,Dawakin Tofa,KN1004,8.42435,12.13363
6f975133-7a7b-45c5-bc1c-96e63ad333ed,Sarbi Health Post,,Dispensary,Dawakin Tofa,KN1010,8.4041,12.1785
86166bc4-63f2-4dd9-ba4f-24d0ae93dfe5,Kankarawa Dispensary,,Dispensary,Dawakin Tofa,KN1010,8.37468,12.13388
9bc43ac1-1c26-4240-980b-20fd7718e20a,Geza Health Post,,Dispensary,Dawakin Tofa,KN1009,8.30509,12.1126
5754079b-051e-4ad1-883a-4735c7d274b6,Garke Health Post,,Dispensary,Dawakin Tofa,KN1002,8.35339,12.12682
de5fd860-4c6c-4d40-bb50-8ee925990ff9,Yarda Health Post,,Dispensary,Tofa,KN3914,8.31118,12.06908
275e3ac1-fbb7-4adc-9b7f-7bf4d5b6fc73,Maraku Dispensary,,Dispensary,Doguwa,KN1101,8.68088,10.64898
2dd9bc09-48f9-4892-ae73-5bed6e475884,Bango Dispensary,,Dispensary,Sumaila,KN3608,9.0335,11.34425
b6182029-fd56-4124-98a1-47d244f3a970,Farin Dutse Health Post,,Dispensary,Sumaila,KN3608,8.9942,11.35878
594a62ae-a6ed-4aac-b1f8-18e470eb341d,Karfi Health Post,,Dispensary,Sumaila,KN3601,9.00916,11.44012
d284f13a-e506-44c3-8a98-ed73d3fea28c,Kore Health Post,,Dispensary,Dambatta,KN0808,8.74463,12.3559
addf2f93-e289-4e48-b330-1287cc4c5b06,Roba Health Post,,Dispensary,Gabasawa,KN1308,8.7999,12.14704
5374a065-d4f2-4ca2-8db5-f24b4c435346,Bagagare Health Post,,Dispensary,Warawa,KN4307,8.83489,11.83489
ae3611d4-bd0d-4f9d-944d-06d1a7d053df,Hayin Gada Health Post,,Dispensary,Garko,KN1407,8.84433,11.5022
596228c2-8e60-4f9d-9329-02d30b848385,Patriga Maternity and Child Health Sumaila,,Maternity Home,Sumaila,KN3611,8.95177,11.5244
f7736cf2-f12c-4548-a131-366d5479bdc9,Rumo Dispensary,,Dispensary,Sumaila,KN3609,8.85877,11.49206
fb0ca6ba-31ad-45e9-b233-17d2954ed3a5,Yumbu Dispensary,,Dispensary,Dawakin Tofa,KN1011,8.46874,12.14206
33336dde-8b23-4bad-8459-828609f731c3,Zango Dispensary,,Dispensary,Dawakin Tofa,KN1001,8.41108,12.05604
8399bced-7cac-4857-b61e-0911d1fc8ca1,Yafata Health Post,,Dispensary,Garun Malam,KN1505,8.44088,11.59109
1707d875-e65e-44e0-b4b8-6ef68dc80abb,Gude Dispensary,,Dispensary,Kabo,KN2004,8.14882,11.95952
8c1c967e-293b-4d96-8c50-a0e91eb58067,Wasai Health Post,,Dispensary,Dawakin Tofa,KN1004,8.40487,12.09229
cd30791a-2d56-4902-b0e0-cf7bbf23fc56,Zango Health Post,,Dispensary,Dawakin Tofa,KN1011,8.41997,12.15063
851f9386-ff66-488b-8584-bc763da7709f,Fajewa Dispensary,,Dispensary,Takai,KN3704,9.08812,11.44595
f7ada2ce-4711-4eb1-97d0-414b490a02f4,Yola Health Post,,Dispensary,Tofa,KN3906,8.32023,12.03841
c0b41e1e-9948-49cc-af9e-264f512f8c00,Musko Health Post,,Dispensary,Gezawa,KN1709,8.76550293,11.98907471
5429a682-84c6-46b9-84c0-22760f05adef,Gwanji Health Post,,Dispensary,Dawakin Tofa,KN1003,8.317504883,12.0980835
0b309abe-f7b7-4879-ae88-b4189547e8b0,Kacako Dispensary,,Dispensary,Takai,KN3709,9.106506348,11.56488037
d7a688de-39b1-4272-a166-3be9528cc7de,Haye Dispensary,,Dispensary,Nassarawa,KN3104,8.586303711,12.00531006
90487bd1-a8d2-4496-b7ac-756731b1767e,G R A Health Post,,Dispensary,Dambatta,KN0803,8.512084961,12.42431641
599559c7-aba7-4b9b-9eb1-c411dfe9d8d2,Chasko Dispensary,,Dispensary,Dambatta,KN0806,8.592285156,12.56207275
b9ce43f1-291e-420c-b2bb-875519a0cb41,Makera Dispensary,,Dispensary,Albasu,KN0207,9.299682617,11.58569336
2d532b3d-a0dc-4f18-b203-45dec0518b72,Gajida Health Post,Yarae Akwa Health Post,Dispensary,Tarauni,KN3810,8.558806,11.938129
1bace88e-dc73-4379-ad7a-dd3ae65edefd,Tudun Wada Health Post,School Clinic,Dispensary,Nassarawa,KN3110,8.553582277,12.02294514
555db19f-9f64-4873-b108-8d681a9c41cb,Kazode Health Post,,Dispensary,Kabo,KN2007,8.252213983,11.89131045
3735974a-95f3-43c6-bbbd-7d49ca8c10ee,Masaurari Health Post,,Dispensary,Bagwai,KN0310,8.078789716,12.12685243
d80f31ee-109e-4539-855f-176ad5a700c0,Kunkurawa Health Post,,Dispensary,Ajingi,KN0108,9.06382,11.974842
64de5fd3-b198-42eb-84f8-a00a4149e45b,Baure Health Post,,Dispensary,Bagwai,KN0307,8.189806,12.081447
133162e5-8d52-4d23-aca6-44a47825822c,Alajawa Health Post,,Dispensary,Bagwai,KN0309,7.994044,12.102407
15498076-57dd-4026-a78c-b0cc9869aedd,Gora Health Post,,Dispensary,Bunkure,KN0604,8.485684,11.603614
75ac93b5-4a92-4766-b90a-5ff9e20442f4,Gabari Health Post,,Dispensary,Dawakin Tofa,KN1001,8.394779,12.046589
4f4e16b1-3918-42fc-9de4-30d5736eeed2,Sabon Doka Health Post,,Dispensary,Tofa,KN3910,8.270585771,12.05412081
86e1bf57-d3ba-4707-9b85-4d941ae45fc6,Madaci Health Post,,Dispensary,Dawakin Tofa,KN1007,8.473935,12.196126
526b00c9-df68-478e-b4c6-f88675180044,Zaura Dispensary,,Dispensary,Ungogo,KN4206,8.615905762,12.06988525
a844dad1-d080-4b81-a00d-3becfe59c46c,Agalawa Health Post,,Dispensary,Garun Malam,KN1509,8.391072,11.730834
991a7d97-8e7b-4c64-9869-d811e7d9f3c5,Kalahaddi Health Post,,Dispensary,Gaya,KN1607,9.024281,11.720552
5837d276-25ce-40ea-8114-3e78dddfd950,Hausawa Health Post,,Dispensary,Gaya,KN1608,9.099678,11.730075
833c08cb-11db-4e49-8284-53782d988a8a,Jobe Health Post,,Dispensary,Gaya,KN1609,8.947539,11.822668
5ecd4bda-30bf-4a64-aa8c-08b99decaa43,Amarawa Health Post,,Dispensary,Gaya,KN1610,8.901274,11.817695
92ba631e-d28f-4edb-84b6-ea90836abf58,Tofa Health Post,,Dispensary,Gezawa,KN1702,8.749386,12.012756
5df781d4-d4cc-4cb0-83f6-1634aae6140c,Dausayi Health Post,,Dispensary,Gwale,KN1805,8.505453,11.997011
f695413d-aef9-4eab-954d-1aef85eb6f49,Dorogo Health Post,,Dispensary,Gwarzo,KN1910,7.988151,11.981795
76ac85eb-ee50-43c1-8068-9da648fc3c9f,Walawa Health Post,,Dispensary,Kabo,KN2001,8.223154,11.786182
7ed2e218-2aac-4b88-b5e1-89a0a8028c6d,Kanwa Health Post,,Dispensary,Kabo,KN2009,8.150535,11.82643
86e3687e-d8bc-4495-b2d1-802a4236e7f6,Kanwa Health Post,,Dispensary,Madobi,KN2806,8.423477,11.858817
96ee5928-9191-49e9-8a41-bc7a5e5547cc,Walawa Health Post,,Dispensary,Makoda,KN2902,8.477297,12.343571
be75acb4-4fb8-4726-bb35-a17afddfd2c3,Jibga Health Post,,Dispensary,Makoda,KN2903,8.479369,12.423178
43bf73db-4668-4365-9b51-c04571e952bd,Sabo Ruwa Health Post,,Dispensary,Makoda,KN2905,8.43797,12.372225
898e7b58-c6c1-420e-a1cc-1ca4219d8008,Dansudu Health Post,,Dispensary,Minjibir,KN3005,8.510459,12.159606
2616ec25-bd25-4a86-b623-c05dcb475df5,Gurjiya Health Post,,Dispensary,Minjibir,KN3011,8.707135,12.222731
e4c36609-af24-46e9-ba7b-8dad50c39685,Zango Health Post,,Dispensary,Minjibir,KN3008,8.699936,12.251149
b25ebfd6-bcd0-4ba7-b287-284a2081869e,Yalwa Health Post,,Dispensary,Rano,KN3208,8.526887,11.43274
43f25992-725a-4727-9c35-51ac0f3815a4,Yan Bawa Health Post,,Dispensary,Sumaila,KN3605,9.059448,11.371443
760e16fa-f50d-459c-bdd8-48addacec7fd,Kwajale Health Post,,Dispensary,Sumaila,KN3606,8.989258,11.229821
a6dfaef8-6821-4262-bbda-aacd2cb00d4f,Gwanda Health Post,,Dispensary,Sumaila,KN3607,8.884412,11.133623
50dc9297-c04d-4675-ad64-0473cc0ceb21,Tukuda Health Post,,Dispensary,Sumaila,KN3608,9.116185,11.329695
3f67a9f0-6d5f-405a-8a18-ec57578d1fd5,Bango Health Post,,Dispensary,Takai,KN3701,9.142606,11.322915
f4dca4f0-9822-424c-aed9-5e4b4875b8be,Jigawa Health Post,,Dispensary,Takai,KN3705,9.234693,11.470187
c078220d-fe85-4603-9715-c738ebd3abb8,Kan Iyaka Health Post,,Dispensary,Takai,KN3709,9.085984,11.611597
5b5a2434-426c-4534-be39-09a5e774f904,Yanoko Health Post,,Dispensary,Tofa,KN3914,8.297253,12.054971
a880152d-be7f-48b0-9f64-bd0247fcd597,Yola Health Post,,Dispensary,Ungogo,KN4202,8.533772,12.063985
7e01b4a6-c474-47a5-9ca1-5821c0cb5d7c,Doka Health Post,,Dispensary,Ungogo,KN4209,8.468905,12.095915
fcac51f2-25cc-46e3-aa5d-52002dae2be5,Yartofa Health Post,,Dispensary,Warawa,KN4308,8.687875,11.929934
f38e60a2-1b7e-4d8a-8ebe-f0553971bcdc,Rinji Health Post,,Dispensary,Albasu,KN0209,9.003544,11.692611
55851773-1c99-4802-b1f7-18e1d127aa30,Tsaraka Health Post,,Dispensary,Dambatta,KN0807,8.604037,12.440134
7135bf0a-0950-4462-8fba-02d93d9ed911,Koya Health Post,,Dispensary,Dambatta,KN0809,8.619921,12.264147
2e04cfa7-9b55-4ced-a1a6-0dd3d07acc31,Daurawa Health Post,,Dispensary,Tarauni,KN3803,8.555484,11.969116
89a2047d-9766-44b1-8a93-290bddc13725,Kundila Health Post,,Dispensary,Tarauni,KN3803,8.556061,11.964216
f324c9f6-1301-42d2-bddb-baa0e7bd55e7,Jemomi Health Post,,Dispensary,Dawakin Tofa,KN1006,8.2999,12.14704
7e7d4aed-af04-4dac-8208-d4ed12d5ee3e,Jiragon Makera Health Post,,Dispensary,Albasu,KN0207,9.27950448,11.57494136
09c87681-2b31-48ea-b408-54abfbb2e7df,Galadima Health Post,,Dispensary,Fagge,KN1202,8.528395,12.007889
0fbbfcf3-cbcc-434b-8e81-5a1a4abcf4df,Tumbau Health Post,,Dispensary,Gezawa,KN1709,8.81153,11.992912
79d9d883-8f8f-431c-9529-d39f87b7f2d8,Galadimawa Health Post,,Dispensary,Kiru,KN2407,8.229969,11.751948
2a6a6866-867b-4a48-80bf-92a767f9f27c,Kanawa Health Post,,Dispensary,Sumaila,KN3605,9.025563,11.430458
a82b9d57-eef8-4e64-ad84-1997936c31f4,Amarawa Health Post,,Dispensary,Warawa,KN4301,8.770875,11.898873
1cdbd58b-15c0-4da7-8091-e747e00cf578,Imawa Health Post,,Dispensary,Warawa,KN4305,8.815625,11.885997
5e92ef55-bcfc-4f27-985b-e1cf64e07dda,Maraku Health Post,,Dispensary,Doguwa,KN1105,8.686986,10.648667
ee309172-cca8-4e34-a8b6-7c17e9a88ed9,Unguwar Liman Health Post,,Dispensary,Kibiya,KN2310,8.662475586,11.61169434
ca0f71ee-3f5b-448f-b91e-c2e6ff2adb29,Tariwa Dispensary,,Dispensary,Bebeji,KN0413,8.30781,11.60421
8594dde6-1bab-4a28-add1-20291a82823a,Danbazau Health Post,,Dispensary,Tofa,KN3903,8.29448,12.08127
a544c2b4-a88d-4b12-8c2d-a9ef9ca6f7ce,Karfi Health Post,,Dispensary,Takai,KN3707,9.155197,11.45669
dc79ac14-2bde-4331-87be-2540d44ba22c,Kurna Health Post,,Dispensary,Gaya,KN1610,8.887744,11.789349
31cd76e7-67f9-453e-9f47-0a1381297c8e,Malamawa Health Post,,Dispensary,Gaya,KN1610,8.911034,11.77603
13e5c431-bcf7-4a3c-aabd-1d0ea2900298,Gurjiya Health Post,,Dispensary,Garko,KN1404,8.843636,11.642537
f1c11ea3-eb57-4d37-8273-48158fd4d69c,Kuki Health Post,,Dispensary,Bebeji,KN0409,8.363842,11.426338
1a3b1b53-8862-4ff5-a66e-eb4a0148a82e,Badawa Health Post,,Dispensary,Gabasawa,KN1305,8.887742,12.256389
64507fc2-d2f6-4a2b-97c2-c1fbb90a216b,Zugachi Basic Health Center,,Primary Health Center,Fagge,KN1206,8.51403,12.03858
e17b7320-ddd2-4b16-9992-e7cf471136e4,Badawa Health Post,,Dispensary,Minjibir,KN3009,8.53236,12.15376
42edc238-85bb-47e9-971c-8cfe6e8099e9,Koya Basic Health Center,,Primary Health Center,Dawakin Tofa,KN1001,8.37619,12.07065
296c6859-00d5-4c58-8eca-13b15b7b26c7,Sanbauna Basic Health Center,,Primary Health Center,Dawakin Tofa,KN1001,8.35915,12.07477
372a0149-2d6a-48eb-afef-6f5acc700aab,Dalal Health Post,,Dispensary,Makoda,KN2901,8.516584,12.368291
2fdd5285-2d9a-4ad7-b4bb-4fb160ada5ac,Yama Health Post,,Dispensary,Gabasawa,KN1309,8.811603,12.270885
02102e63-ebac-4924-b449-df3aa19cbea5,Marke Health Post,,Dispensary,Dawakin Tofa,KN1009,8.271503,12.128773
b66ee4b7-ce1d-4120-9460-4be79fbcef09,Kau Kau Health Post,,Dispensary,Bichi,KN0505,8.24906585,12.26319336
ff7c30a5-7779-44a4-ae22-ac61667228c4,Sabon Birni Health Post,,Dispensary,Gwarzo,KN1909,8.031366,11.856203
f220bce6-450c-4440-ba74-cb8173b3d1aa,Kawaji Health Post,,Dispensary,Nassarawa,KN3109,8.577801,12.010365
ea087b5d-9c51-46ed-8a12-291a2c6db1ca,Kafin Sidda Health Post,Zuga Health Post,Dispensary,Takai,KN3708,9.065879,11.523918
25658780-5e35-4612-994a-fdc5b28d6960,Kaleku Health Post,,Dispensary,Dawakin Tofa,KN1009,8.3260754353783,12.137649573163799
106ef8d1-1d59-4834-a654-aa0409ded6d6,Zara Health Post,,Dispensary,Kumbotso,KN2509,8.61117600009078,11.927270000220801
5fd69378-b4ef-4d2d-9e55-855247a552c0,Lamba Health Post,,Dispensary,Bichi,KN0507,8.150085449,12.34692383
8778dc7d-4840-45ef-af7b-d05315e1640c,Gwammaja Maternity and Child Primary Health Clinic,,Maternity Home,Dala,KN0706,8.507515,12.020179
c0f63327-50ef-4b75-86b1-791c17eae0ef,Koya Health Post,,Dispensary,Gwarzo,KN1904,7.954199,11.882408
45faf6ca-201a-45e3-b3eb-99cf7250dcb4,Sabo Garba Maternal and Child Clinic,,Primary Health Center,Fagge,KN1202,8.528766,12.004406
db6895f4-9d6a-466c-af24-4b9caeca33b5,Ruwan Kanya Health Center,,Primary Health Center,Rano,KN3208,8.504618333,11.46917833
b8a5b984-1c0e-42dd-b363-9b5b974a1ac0,Riga Fada Health Post,,Dispensary,Kumbotso,KN2505,8.50944286631264,11.912557427804499
88f7251c-3aea-4842-a2a2-f706793a6f3e,Yanmedi Primary Health Center,,Primary Health Center,Karaye,KN2205,8.0163153,11.7781314
d72451ca-c7ff-454f-b9c3-be84843b4946,Yumfawa Model Primary Health Center,,Primary Health Center,Dawakin Tofa,KN1007,8.4884276,12.1873728
ba1d3ae2-954c-4f95-a77c-1f8d5fc5b258,Yandoji Health Post,,Dispensary,Wudil,KN4407,8.88751408895501,11.8814076628301
f525fffb-59dd-4606-bb83-c708762634a8,Tukuibi Health Post,,Dispensary,Bichi,KN0502,8.2420218,12.2332761
639e34a0-de36-4966-991c-7587da33099e,Gra Health Post,,Dispensary,Dambatta,KN0803,8.513818333,12.41990333
4140ad79-d793-45fa-8c4c-c3b734bd854d,Zaura Health Post,,Dispensary,Dawakin Tofa,KN1008,8.38894,12.21264167
500b3e45-30ea-4316-9f72-dadf0895810b,Rugoji Health Post,,Dispensary,Gwarzo,KN1906,7.877905,12.00539333
ae7e7cb8-2dc1-49dc-a4fa-cd57d73a6539,Baskore Health Post,,Dispensary,Kabo,KN2008,8.1726964,11.8546343
5bb5edb5-5ddf-48f0-8707-eb2bbe856c42,Masanawa Health Post,,Dispensary,Gwale,KN1803,8.4896021,11.9533228
c7fdbce9-0c8d-4523-b015-4d0c4e932077,Sharifai Health Post,,Dispensary,Kabo,KN2002,8.2307499,11.9058219
665c4cf4-f8cd-4f26-9e26-c317fca95c12,Tattarawa Primary Health Center,,Primary Health Center,Bagwai,KN0307,8.22904,12.106
e5f4d75d-8146-4987-8971-450b53aa0084,Yan Awaki Primary Health Clinic,,Primary Health Center,Gabasawa,KN1303,8.85281,11.99387
a077b2fb-837e-4ac7-b7ad-dec78613be66,Kasuwar Kuka Health Center,,Primary Health Center,Kunchi,KN2604,8.356079102,12.42669678
55f88c30-8e9e-4409-b5d5-87e267c2d1ed,Sabon Sara Primary Health Center,,Primary Health Center,Gwale,KN1809,8.51025765052151,11.9952435534056
a23e81be-5aaf-4b11-a50f-403bf194accd,Gofaru Primary Health Center,,Primary Health Center,Ungogo,KN4207,8.44872,12.01188
014c1c22-97ab-4e74-b154-d3454fb69fdd,Madakin Gini Health Clinic,Rijiya Biyu Community Health Clinic,Primary Health Center,Dala,KN0711,8.504766457,12.00326247
c3482b48-57ec-47c3-b1fe-51797a9333e3,Kofar Kabuga Primary Health Center,,Primary Health Center,Kumbotso,KN2502,8.47465,11.93688
07f2d57f-4eaf-4a56-9a6e-0db6dc2d2953,Kofar Ruwa B Health Clinic,,Primary Health Center,Dala,KN0705,8.490905762,12.02893066
82b48ce7-2f0f-444f-a861-6da9719b72bc,Ungogo Primary Health Center,,Primary Health Center,Ungogo,KN4209,8.490486,12.092094
13003846-4f30-469c-a07a-be67ceccd7cc,Danlashi Model Health Center,,Primary Health Center,Dala,KN0703,8.507499,12.010124
314e4c2c-de5a-420f-a760-e09cd63b36ef,Daddauda Health Center,,Primary Health Center,Bichi,KN0502,8.2089043,12.2243883
977eb5ae-4659-4843-bdda-c03c14d58a36,Lamba Health Center,,Primary Health Center,Bichi,KN0507,8.1481328,12.3400162
6c83f492-72a7-44c5-a2fe-3d04c872d365,Mailafiya Sanka Clinic,,Primary Health Center,Dala,KN0711,8.50507,12.00333
3c20a55c-2484-4c25-9335-98f7afe134c2,Jali Primary Health Center,,Primary Health Center,Dawakin Tofa,KN1007,8.4636557,12.1810296
dad8faea-69a6-4888-b512-6ad4fac54024,Sabin Layin Kara Model Primary Health Center,,Primary Health Center,Gwarzo,KN1904,7.933865,11.82590333
f608b54b-9638-4353-b5bd-3952bedc4f2d,Bakin Lahadi Model Primary Health Center,,Primary Health Center,Sumaila,KN3604,8.946323333,11.356715
4c88fa31-29d2-470b-8bbb-8d8987498d1b,Rage Primary Health Center,,Primary Health Center,Tsanyawa,KN4007,7.985693333,12.29716333
f3bab35f-b022-4262-b1a1-3d2ad79cf8e3,Yaryasa Model Primary Health Care,,Primary Health Center,Tudun Wada,KN4111,8.305813333,11.34028667
fa3a7abd-38f4-4c58-9196-e65c3dba35a6,Dantamashe Primary Health Center,,Primary Health Center,Ungogo,KN4211,8.5799151,12.0488709
38bc109a-789d-4198-a279-8ed8380a88a2,Sassauka Clinic,,Primary Health Center,Ungogo,KN4211,8.5770772,12.0471282
df0f5cec-fc1c-4534-8d1f-6504cbdb6763,Yautar Kudu Health Post,,Dispensary,Dawakin Tofa,KN1011,8.45561,12.1183
6a6ab6e9-66bd-4043-a95b-f813f0d4eb0a,Gidan Abdullahi Kankiya Health Center,,Primary Health Center,Rano,KN3204,8.58132,11.55518
5c9433b8-7b58-490f-b1d6-3680105dee81,Use Awarnes,,Primary Health Center,Kano Municipal,KN2101,8.517686999569378,12.000352999877236
01f6789c-4e97-4df8-959c-d13969bf6aed,Nana Nusaiba Clinic,,Primary Health Center,Gezawa,KN1704,8.712400999868407,12.020502999568237
bcb68434-83ae-4522-85a7-811036c89ce7,Saadat Clinic and Matarnity,,Primary Health Center,Kura,KN2707,8.42542499988167,11.768723000495527
008e11d8-5b5c-40c9-af64-9ddb452ab8ee,Dan Itace Health Post,,Dispensary,Dawakin Tofa,KN1009,8.298270000485843,12.124780000419548
a134d0fd-3df2-40b5-933d-daf3626edd86,Tahafizul Quran Clinic,,Educational Clinic,Kiru,KN2408,8.146809709575678,11.708510339583881
9de3780a-4c0a-4a6b-aa0c-6fe0333e90c9,Faskar Maaji Health Post,,Dispensary,Tudun Wada,KN4104,8.371592000304702,11.300536000384511
ffdc9ba5-eee2-4954-be40-a935f67f97cb,Hadeja Jamaare Health Post,,Dispensary,Kura,KN2701,8.419978391180962,11.77762279154257
a082bd8f-8de2-4fe6-ae68-4264cd83fa97,Fanido Health Post,,Dispensary,Dawakin Kudu,KN0901,8.677507377159827,11.670383292678366
69c26a2f-cb2f-45c3-8960-e5b5efc95396,Al Hilal Maternity Hospital,,Maternity Home,Wudil,KN4408,8.838861999792698,11.793503000332407
c1dbea11-df3d-4e0a-a918-09dc12ec8166,Karar Dagaji Health Clinic,,Primary Health Center,Ajingi,KN0109,9.155165389705985,11.929977123060155
babb002b-99da-4a42-a6e2-c8a6b8b9becc,Emotan Clinic and Maternity,,Maternity Home,Fagge,KN1209,8.53150699995939,12.018626000292898
ce797398-ab23-4ecd-ad69-c086e883e37a,Maa Health Post,Mah Health Post,Dispensary,Karaye,KN2210,7.946669333589682,11.686438069586814
13aa2649-7121-4b48-88fa-03af81e3da6c,Naibawa Gabas Health Post,,Dispensary,Kumbotso,KN2510,8.569065000478304,11.938955000160206
5e700712-7b7e-46ad-bf59-df3d23221bc1,Karar Makama Health Post,,Dispensary,Ajingi,KN0108,9.074122999641475,11.956979000406648
3ac27814-3bc6-4e53-ad0d-d38ac4f4f0ef,Saya Saya Primary Health Clinic,,Primary Health Center,Albasu,KN0209,8.967016986867975,11.716471254992939
5c3a7551-cf95-4645-9ae2-7345717bab2a,Jamaa Basic Health Center,,Primary Health Center,Gwarzo,KN1901,7.866128129865729,11.815178619059964
8a76f110-b392-4837-9e19-a11db9fbb52c,Unicare Hospital Ltd,,Primary Health Center,Ungogo,KN4201,8.46192999968514,12.067274000346913
e52036c3-0102-4b8f-9478-933c69b5e90d,Yanawaki Primary Health Center,,Primary Health Center,Kano Municipal,KN2112,8.522925000128339,12.009453000060262
b03b6ac6-dcbf-4a5d-838e-73d473fce897,Saya Saya Basic Health Center,,Primary Health Center,Kibiya,KN2303,8.66857139208821,11.39490234950199
c877335e-9c48-4b76-91ac-63914727f7fe,Baawa Basic Health Center,,Primary Health Center,Kiru,KN2401,7.987164318104135,11.598402800770998
aa423b87-94e0-48c0-ba6d-975b5bfb40aa,Turai Yaradua Model Primary Health Center,,Primary Health Center,Kumbotso,KN2504,8.515051592778718,11.953120179784776
4b922bb4-66be-438b-8840-78275ca7039b,Cikin Gari Dispensary,,Dispensary,Kiru,KN2411,8.18168911027459,11.730468016503096
bb019a48-1c2e-4d1a-916c-9da9d9ebcc62,Kogo Health Post,,Dispensary,Takai,KN3710,9.155701840070492,11.580528489626204
ae2f1cab-0427-46ba-a52c-1e99a87ec673,Hayin Bango Health Post,,Dispensary,Kabo,KN2007,8.252610000462028,11.890949999543068
9eec92b3-b9a7-4430-8648-7966468487f8,Dirba Basic Health Center,,Primary Health Center,Kibiya,KN2308,8.654260000364332,11.527429999548303
09fa4cee-5a54-4328-90b1-67ae1418a6b3,Police Academy Cottage Hospital,,Military and Paramilitary Clinic,Warawa,KN4313,8.80956899988945,11.819132999746785
beb03d75-502d-43e2-af2d-813115b66d08,Kamagata Dispensary,,Dispensary,Dawakin Kudu,KN0905,8.76256,11.7745
3d2e8aeb-2135-46a6-829c-02c1f435c23f,Dabuwar Madina Health Clinic,,Primary Health Center,Gwale,KN1803,8.49059,11.95625
f7e9cbd5-375d-4a5e-bb82-b92c0376debc,Tabanni Health Post,Wangara Health Post,Dispensary,Tofa,KN3912,8.308483567067308,11.972428066490384
81f309c7-067c-455f-8b7b-cbeeee5f05b8,Sheikh Abubakar Mujin Yawa Health Care,Bakin Ruwa Basic Health Clinic,Primary Health Center,Dala,KN0702,8.50309714980769,11.999072882692309
3dd4c139-e30b-40b0-b64c-1a42a155a4c6,Kara Health Center,,Primary Health Center,Nassarawa,KN3104,8.549157433822948,12.005645357881852
c89425b9-19a5-4c3d-9a37-7a745b64471f,Bagwai Health Center,Health Facilities,Primary Health Center,Bagwai,KN0301,8.138574992996634,12.151594284226702
b09c3a49-b4c6-4064-856f-1f44654cc0c0,Gadanya Primary Health Center,,Primary Health Center,Bagwai,KN0303,8.06788092804885,12.106602067325483
89a9ab05-1893-49c4-a961-9b49e4d84a9f,Baure Health Center,,Primary Health Center,Bagwai,KN0307,8.183298368911148,12.085608407514423
82a7d171-b15d-48cb-a4e6-1329492914da,Jigawar Fulani Health Post,,Dispensary,Bunkure,KN0610,8.717330853867487,11.679188308272467
2f7a531f-1080-4c3b-95d5-60cf2fa3fe17,Butu Butu Health Center,,Primary Health Center,Kumbotso,KN2504,8.530560213466872,11.947814483524153
0a151835-2f24-42d3-95b3-394cb887b6eb,Jido Primary Health Center,,Primary Health Center,Dawakin Kudu,KN0903,8.595583048710838,11.839328574333052
f640025f-ff7a-4ee1-bdf7-7e52a8de4c7b,Rinji Primary Health Center,,Primary Health Center,Dawakin Kudu,KN0914,8.66346908595788,11.899846806755678
8f4e401d-12e3-4b4b-a098-acf0fc7e48ca,Sabo Garba Maternal and Child Health Clinic,,Primary Health Center,Fagge,KN1209,8.526834842169151,12.012916293169448
8f6f6835-667d-4d5b-8ea5-55a396e3aefc,Dandake Health Center,,Primary Health Center,Minjibir,KN3007,8.660277445988218,12.179202883119999
19648a90-00e5-4e19-a3b7-2efa6ccbad68,Zakirai Health Center,,Primary Health Center,Gabasawa,KN1310,8.88708316869126,12.100648012828914
26b99051-6ff1-46ce-b1c7-6105b31c15ba,Maimakawa Primary Health Center,,Primary Health Center,Gaya,KN1608,9.111034689750783,11.824904544563147
1af842be-8bb4-4918-b74b-4e0e255dbd5c,Yan Audu Model Primary Health Center,,Primary Health Center,Nassarawa,KN3104,8.550123730268389,11.995910307466424
ff542c7e-7f74-4f9f-beba-74720094694f,Sararin Gezawa Health Center,,Primary Health Center,Gezawa,KN1710,8.789695126936923,12.043645368685723
d1ec21cc-14ac-4f2b-9421-919fba731e6c,Makera Basic Health Center,,Primary Health Center,Gezawa,KN1708,8.623301392303734,11.98393599985982
2b4163e1-bbbe-4ce2-9062-2b6f277ceb71,Labi Health Post,,Dispensary,Kumbotso,KN2511,8.459700696151868,11.900041769129505
2a0aee07-d4de-46c5-8259-5610a14bcacd,Nawala Health Center,,Primary Health Center,Kunchi,KN2605,8.289692385975126,12.501483824877676
6af21f64-2de8-46a6-bbe1-3ffdf1b6b3bd,Shuwaki Model Primary Health Center,,Primary Health Center,Kunchi,KN2601,8.194461459227568,12.440440645708685
13247fa8-3d9e-4aed-9563-dc47a08bf80c,Nassarawa Health Center,,Primary Health Center,Kura,KN2705,8.496722794064151,11.82306641491187
cf997427-5c84-4294-96d1-c63015e2ad66,Imawa Health Clinic,,Primary Health Center,Kura,KN2701,8.424547902087717,11.779282079054212
bd296404-c9d7-4fb1-80b1-da561a5b80bc,Babban Gida Health Center,Babbangida bayandutse,Primary Health Center,Shanono,KN3502,7.9358253211086645,12.028444762254027
e68617d9-b087-4b13-80c9-bae7eb36b183,Shanono Health Post,,Dispensary,Shanono,KN3509,7.992231747863048,12.055810319985476
91258b31-a343-42a4-b4b2-12e25e44a979,Kwaski Health Center,,Primary Health Center,Tsanyawa,KN4006,8.065986788913364,12.326849784712559
c8f3e50b-0206-4e85-bcf8-4f99fc6adf7b,Litarawa Primary Health Care Center,,Primary Health Center,Shanono,KN3510,7.889187999533817,12.021676000365233
d370cd68-c1e8-458a-b93a-165e23c07004,Janguza Barrack Clinic,,Military and Paramilitary Clinic,Tofa,KN3905,8.3914479997959,11.953635000134568
2f187905-9581-4a51-b864-e6005d832ead,Tudun Wada Government College Dispensary,,Educational Clinic,Tudun Wada,KN4110,8.405775999531102,11.248833000254706
2a59c1e1-e87d-4e5a-aa39-6dfbfd675c0d,Mallam Mohammed Abdullahi Wase Comprehensive Health Center,,Comprehensive Health Center,Kumbotso,KN2507,8.49990600048801,11.892761999774223
2a58820d-adf7-4d2f-900a-3afd7bc4e55f,Nulge Health Clinic,,Primary Health Center,Kano Municipal,KN2110,8.520271000325067,11.98846499979993
88fea611-bd5d-42aa-a269-a8a6b37643bc,Hago Health Post,,Dispensary,Rogo,KN3401,7.831144000095662,11.479918000266139
fc2c83fa-22ca-4048-b433-2a492fb63ccc,Nuhu Bammali Maternity Hospital,,Maternity Home,Kano Municipal,KN2105,8.528980000242427,11.99125599969625
a0a923f9-ad08-46da-9b8d-e7e8d00d5d84,Ecwa Hospital,,Primary Health Center,Nassarawa,KN3110,8.544756999962146,12.014844999723891
d6df713e-dd53-49a4-a98f-62c92ee6df88,Ahmadiya Muslim Hospital,,Primary Health Center,Nassarawa,KN3104,8.548087000224768,12.006549000087148
fc0ce4ca-4bd3-4fcb-ac6a-eded1c49a3b0,Nasara Clinic Maternity and Laboratory,,Maternity Home,Tarauni,KN3807,8.558661000409302,11.977548000382342
9fb6a29f-7cb8-4565-8193-5ac0a7f631ab,Standard Specialist Hospital,,Specialist Hospital,Tarauni,KN3807,8.559442999940643,11.978273999875626
04a42947-eb97-42b1-ae26-286d83030128,Reno Dental Clinic,,Primary Health Center,Tarauni,KN3808,8.559951000285764,11.958239000262779
436d2aab-8139-49bd-9a6b-f68da90b2e4b,Gaskiya Textile Staff Clinic,,Primary Health Center,Nassarawa,KN3109,8.57306900019887,12.01451699950104
0a85d656-5689-4a24-b88f-239ec463df92,Sabon Garin Naira Health Post,,Dispensary,Albasu,KN0206,8.96390705008963,11.665203069288355
ec3fefa9-a283-4456-aae2-22ef1845992d,Catherina Clinics,,Primary Health Center,Fagge,KN1209,8.539242000214983,12.026531999664655
ea5c117e-086b-4059-95b7-48cdc6fda70b,Shuwaki Nysc Health Clinic,,Primary Health Center,Tudun Wada,KN4109,8.410524478757452,11.293470788583988
e76c9dca-94b4-4dc9-b238-0845c92c4ebe,Amina Specialist Hospital and Maternity,Amina Specialist Hospital,Maternity Home,Nassarawa,KN3110,8.543407000044908,12.010423999720047
0bf696d8-832c-4726-b23f-eba7b4dc8f2d,Ecwa Health Clinic Karaye,,Primary Health Center,Karaye,KN2205,8.02454899950527,11.776097999506533
1ca3f7e8-82c3-44ac-8254-86db7d61540b,Rigana Health Post,,Dispensary,Kunchi,KN2602,8.210185724636688,12.377948534435689
d8c7c274-0e23-4932-8f18-4fb8a612f98e,Durun Maternity and Child Primary Health Clinic,,Maternity Home,Kabo,KN2002,8.23123899994141,11.904353999650425
ad7ee400-4055-40bd-a991-f7433c86e4fb,Kazode Health Post,,Dispensary,Kabo,KN2010,8.261991999836653,11.854063000480096
7056e3f8-a6ef-4d1d-8cf0-67b7063084ee,Jemomi Health Post,,Dispensary,Dawakin Tofa,KN1005,8.499627768298978,12.245294941303769
f6d76036-add3-4f6a-83be-c996873459d0,Guringawa Model Primary Health Center,,Primary Health Center,Kumbotso,KN2505,8.519738202963083,11.931953462402987
882acf30-b6b4-46d9-bba3-ae51cd615a80,Faran Health Post,,Dispensary,Kibiya,KN2309,8.625060999524976,11.539095000474106
5148e67b-2b7e-4369-a5fd-90056d6a73e8,Bacha Health Post,,Dispensary,Kibiya,KN2306,8.651979231814664,11.58383734287446
e98d343b-4c33-4aa7-9e9b-6612bc0831da,Dambal Health Post,,Dispensary,Gezawa,KN1711,8.67773316031321,12.077499516294665
aba85c15-46a8-4d93-8bf4-89372b982602,Chalbo Health Post,,Dispensary,Kibiya,KN2306,8.684685957037345,11.585231014821375
f59f025c-4112-4e24-a4a9-3b519ecdbbdf,Unguwar Gai Health Post,,Dispensary,Kibiya,KN2310,8.730292000024463,11.593214000245439
efbf97c9-420c-425e-a47b-11101610c40c,Jirago Health Post,,Dispensary,Albasu,KN0207,9.278876747762013,11.575777532398149
f0ed4de8-c5b9-4c10-9f9d-38f67fcefe7c,Armed Forces Specialist Hospital,,Specialist Hospital,Fagge,KN1206,8.51717800022351,12.03323000021561
9f4d5480-eb4f-4e72-8b70-feb5a83f403a,Takai Nysc Primary Health Center,,Primary Health Center,Takai,KN3709,9.10840899993724,11.565950999721508
991524aa-aaac-44c9-b612-5de7d36d3867,Shanono Comprehensive Health Center,,Comprehensive Health Center,Shanono,KN3509,7.9864579996242355,12.052799999512501
7a2a39e4-db5d-4be2-a779-70e0665e9a11,Sani Marshal Maternity Memorial Center,,Maternity Home,Kura,KN2708,8.426185870398683,11.770357209605947
410392dc-5f02-46ff-b045-c80682caa366,Murtala Mohammed Specialist Hospital,,Specialist Hospital,Kano Municipal,KN2113,8.52226399967924,11.998846999853981
81b9d6ee-293b-4da5-8a63-763ba9f80c23,Kumurya Basic Health Center,,Primary Health Center,Bunkure,KN0609,8.702914000422425,11.689962999981844
62840099-df03-4d46-b6fd-073f4f413c0a,Karmami Maternal and Child Health Clinic,,Primary Health Center,Gabasawa,KN1304,8.822787129870562,12.105996663657152
9872504e-340a-4e43-a217-5cc5e1f65795,Rimin Gado Comprehensive Health Center,,Comprehensive Health Center,Rimin Gado,KN3304,8.24751617500101,11.971850452511092
cf9bb673-d790-41b1-9335-789d93b7d71b,Tsanyawa Comprehensive Health Center,,Comprehensive Health Center,Tsanyawa,KN4007,7.979519212909679,12.299341926026159
c5d6850e-22be-4032-8e03-3a0d2e6327d6,Saye Health Post,,Dispensary,Bichi,KN0509,8.41886950742753,12.26272293614528
308c56b3-e279-4e59-b52b-c56c240c1e81,Rurum Tsohon Gari Health Clinic,,Primary Health Center,Rano,KN3206,8.481773059167551,11.417675701975384
20b77ff6-292f-44db-b140-ec6f8bae5802,Almu Memorial Hospital,,Primary Health Center,Tarauni,KN3807,8.551315000418015,11.968323000114367
d3f063a6-164b-43e5-8204-418ef4685463,Karaye Comprehensive Health Center,,Comprehensive Health Center,Karaye,KN2205,8.022280999964266,11.777375000374207
df81b5b2-be76-4ac4-836d-ba90636ee626,Kiru Comprehensive Health Center,,Comprehensive Health Center,Kiru,KN2408,8.134854000452322,11.707225999711227
e334dd94-42b6-44a0-a755-6ad8d17a798b,Nariya Health Post,,Dispensary,Kibiya,KN2306,8.648261333288474,11.567040591461819
a1edec22-6c23-453d-a86b-badf36eca115,Mariya Sunusi Maternity Hospital,,Maternity Home,Dala,KN0705,8.473871949799104,12.055960239659782
9b8dd736-d1e7-4c6d-aaba-d577621bb6d6,Tofa Comprehensive Health Center,,Comprehensive Health Center,Tofa,KN3910,8.271516263307944,12.0621659998763
0a60ffcb-c887-4bb0-9f0c-ce0b1e1e2e57,Sitti Basic Health Center,,Primary Health Center,Sumaila,KN3610,8.787761000071953,11.28712600027302
276762ad-7c6e-43f3-b047-310ba7fda417,Sabon Layin Kara Health Post,,Dispensary,Gwarzo,KN1904,7.932841870194579,11.824917104676786
7f6f6d66-1283-4837-b4b4-20c85710810b,Kara Health Post,,Dispensary,Gwarzo,KN1904,7.95903228998975,11.843170690079262
55063ee9-6c4e-417d-86af-cb43ef4e03b2,Sabuwar Madina Health Post,,Dispensary,Gwale,KN1803,8.488844854972513,11.954053796419146
b91a711d-693d-4016-a80c-d41a771d4698,Matugwai Health Post,,Dispensary,Sumaila,KN3610,8.761348025125585,11.262970921860756
a993229c-950c-4d55-a542-29d65a2a0189,Kibiya Primary Health Center,,Primary Health Center,Kibiya,KN2306,8.675138324725301,11.552554908383447
ee569296-ba35-417e-9bf2-500073245eda,Amaru Primary Health Center,,Primary Health Center,Kibiya,KN2302,8.71614000040887,11.549959999856355
f4e2057b-2a2f-4cdc-a601-20a72cd60dd8,Faruruwa Dispensary,,Dispensary,Takai,KN3705,9.196810000001562,11.41087000035128
4c03fecf-c677-4b23-be9c-1c9c69862060,Dawanau Psychiatric Hospital,,Specialist Hospital,Tofa,KN3910,8.26488,12.05067
0d1f54d0-6f12-4cb1-86a8-096de29dec09,Tankarau Health Post,,Dispensary,Fagge,KN1208,8.541548602604383,12.048621868617511
f42a333a-456f-4ec6-a505-535a166d38d2,Tsara Primary Health Center,,Primary Health Center,Rogo,KN3402,7.7276661297873375,11.450727564432611
e71963b3-e30d-41af-ad2f-ea261d205416,Dayaso Health Post,,Dispensary,Rogo,KN3404,7.735461000083546,11.515949999748159
0d65d4d3-7a63-4c41-8c43-95808dd5f752,Unguwar Liman Health Post,,Dispensary,Rogo,KN3408,7.743657347652629,11.40504033039025
04c311af-bd0a-4805-8d39-5b0a046d5104,Gwangwan Health Clinic,,Primary Health Center,Rogo,KN3404,7.747244000089552,11.487095000142574
02af41ec-4d81-4371-b94c-fa3fb3c33481,Sundu Health Post,,Dispensary,Rogo,KN3408,7.761439999735103,11.380571999765209
1bb9e7eb-1729-4e03-86e9-5893c928c043,Unguwar Mallam Amadu Health Post,,Dispensary,Rogo,KN3408,7.7720629999529365,11.493243000319865
c91fc72b-14af-4287-9922-3d9e728b5027,Tudun Magaji Health Post,,Dispensary,Rogo,KN3408,7.781790347562207,11.452886635899574
ff845992-233e-4c9f-b0fe-afb13a390817,Karshi Health Clinic,,Primary Health Center,Rogo,KN3407,7.826310129811304,11.540167578202897
e47764b4-6e95-4238-92e6-78ae0eb3de63,Dankyandi Health Post,,Dispensary,Gwarzo,KN1908,7.84231099968315,11.930612000491521
7ea46aa8-a0da-48ce-9abb-1532e51dce94,Malamawa Health Post,,Dispensary,Gwarzo,KN1901,7.859770230545848,11.835225410680835
7e8758a1-424c-4abe-8b19-4838c0902055,Bakaji Health Post,,Dispensary,Shanono,KN3504,7.875335000121368,12.125368999819727
aac8eb84-5d09-4fcc-bd06-7fbc8aa927c1,Yankwada Health Post,,Dispensary,Shanono,KN3503,7.876380999832065,12.203366999815728
baabd7e5-a6bf-4615-97a9-64d2a6bb5de2,Kaleku Primary Health Clinic,,Primary Health Center,Rogo,KN3410,7.883070756377492,11.624732364660701
81948966-bae3-44f7-ad6d-b40237ecfd6b,Jejin Kudu Health Post,,Dispensary,Nassarawa,KN3102,8.552548000255797,12.033837999628759
375b9e1e-2a12-4700-9977-10ae598bc281,Zakawa Health Post,,Dispensary,Tsanyawa,KN4008,7.884422087295604,12.28690987457918
855869cd-70e4-4ef2-97c3-9bd2c6fdb70c,Gurawa Health Post,,Dispensary,Karaye,KN2204,7.888229999882924,11.767637999758335
f3bffe67-4d17-4606-9c6e-eb889c66aecd,Yan Chibi Health Post,,Dispensary,Tsanyawa,KN4009,7.891593000167916,12.240255999880048
fbf08f4c-f16f-4f40-95eb-7604f50e1970,Badari Health Post,,Dispensary,Gwarzo,KN1901,7.893770899647734,11.803121799867938
b05daeaa-dc3e-4fd4-a618-8041583bd46d,Yankamaye Health Post,,Dispensary,Tsanyawa,KN4008,7.897162377952043,12.314456506295812
f2f90c77-f699-47aa-89c1-eb665e62f854,Dan Gayaki Health Post,,Dispensary,Karaye,KN2206,7.903099139985784,11.725261180965276
432431d7-0d6f-4cd6-abd3-743833ac1876,Jan Birji Health Post,,Dispensary,Shanono,KN3510,7.904584999995393,11.9710719999822
f6735582-09ce-4d74-bdf2-79855a83ed59,Dakwara Health Post,,Dispensary,Gwarzo,KN1905,7.906397920227164,11.892116850335867
9ebe1bcc-0a97-4389-ac0a-92b335ab2332,Yanoko Health Post,,Dispensary,Rogo,KN3403,7.918091000172069,11.455888999939532
e90d7504-5c49-4221-a204-1f00e00e1890,Yarkasuwa Health Post,,Dispensary,Gwarzo,KN1903,7.934857309563995,11.91756983662998
7ec35bbc-cc91-4305-8cfd-cb0afe6d3708,Bankamawa Health Post,,Dispensary,Shanono,KN3504,7.936254999513665,12.126538999614695
be0e6399-dc43-44a7-b130-5a743efc70aa,Gezawa Tsanyawa Health Post,,Dispensary,Tsanyawa,KN4008,7.9413240799578375,12.280032769906484
581effcd-5cae-4228-8387-3d06c979ce44,Gasawa Health Post,,Dispensary,Shanono,KN3502,7.943935854732445,12.002827827558804
c551479d-59eb-4ab8-8a79-b01ba4c5d64f,Koya Health Post,,Dispensary,Shanono,KN3501,7.948200999630387,12.079444999616555
a9f6f639-d5f3-449a-90b7-6ac9664383ef,Dalangashi Health Post,,Dispensary,Gwarzo,KN1904,7.950774652379096,11.820190528465332
c64e442b-af5b-4f56-a36a-27f191f7c95d,Sagondare Health Post,,Dispensary,Rogo,KN3405,7.954724841063069,11.480027260340364
6a4db786-fc04-4bd8-85ad-74091a02db9b,Unguwar Tofa Health Post,,Dispensary,Karaye,KN2201,7.959617261387223,11.785602425964328
f3ff66f8-b19e-4f2f-98c1-1eff61ccfbdd,Alajawa Health Post,,Dispensary,Shanono,KN3501,7.96600592672803,12.114763181613569
6e6c2f92-cb79-47bb-bc44-dd49f4f355d4,Dorogo Health Post,,Dispensary,Shanono,KN3502,7.9731429995773055,12.002297000198098
1fb18b9c-04a6-4ec3-afce-5da24c01ddae,Barbaji Health Post,,Dispensary,Rogo,KN3405,7.977269000380716,11.521741590683291
f8c6ef1b-9336-4de4-906d-cd0c43875362,Yakanawa Health Post,,Dispensary,Tsanyawa,KN4010,7.98407936200806,12.193997201449406
c70b46dc-e9e6-401f-8465-40dcbc4a98c3,Kundila Health Post,,Dispensary,Shanono,KN3505,7.984841999526225,12.129722999778096
681bbf91-78d6-4ae3-8aeb-b666ec9cf46c,Unguwar Munana Health Post,,Dispensary,Karaye,KN2203,7.991391999976656,11.786559999614951
d53e0925-9c4b-4f6a-ad12-c0d290bf088e,Zangon Majema Health Post,,Dispensary,Karaye,KN2203,8.00206400022779,11.816172999735613
666af7d5-f6ae-48d0-998d-e186e25ddd23,Surfan Health Post,,Dispensary,Bagwai,KN0309,8.005371000474724,12.135343999597296
da008ba6-e965-470b-8b9a-0da80254766a,Dan Nafada Health Post,,Dispensary,Gwarzo,KN1910,8.007908000198483,11.8948740002092
a0c9600a-3af5-41de-b2db-671b90527805,Sakarma Health Post,,Dispensary,Kiru,KN2401,8.015541000384758,11.636029000336237
f1611af1-2252-4723-876b-e7c9a91e1cbf,Bakari Health Post,,Dispensary,Rogo,KN3405,8.022099209840746,11.498217139699534
54cf5e96-b39c-4144-a411-2f29158e0700,Kokai Health Post,,Dispensary,Tsanyawa,KN4002,8.022136289865955,12.21879884430092
d3b185dc-e387-45b6-95ba-19671864c74b,Tumfafi Health Post,,Dispensary,Gwarzo,KN1909,8.022262999952034,11.837734000385296
b03bfe18-55d7-4d50-9964-60dd64cf2fb0,Unity School Clinic,,Educational Clinic,Karaye,KN2205,8.026560999872345,11.793667000443804
c22053ce-3d32-48fc-a184-9c810bea329b,Danbazau Health Post,,Dispensary,Karaye,KN2203,8.029297999732023,11.811443999522453
7bf188cd-2469-4cb6-9d1a-eadf91d67fd1,Dan Amale Health Post,,Dispensary,Kabo,KN2006,8.030194043340828,11.945191699397753
ae6dea5a-a9ca-49b6-b865-ac6324abb6ac,Marori Health Post,,Dispensary,Gwarzo,KN1907,8.037761000482192,11.936429000443923
67581fd2-c305-48bf-8688-e73a314e7768,Gejiya Health Post,,Dispensary,Shanono,KN3508,8.040811999555217,12.050042999639288
30f1c797-c6f5-4fa2-9735-ff4a34e5ac35,Rafin Tsamiya Health Post,,Dispensary,Tsanyawa,KN4003,8.040989999676185,12.195195000263254
bfad14cb-ecb9-47c5-b997-97624af6eb19,Yammammam Health Post,,Dispensary,Tsanyawa,KN4001,8.04183700025169,12.262541000021656
b94c38bb-4eff-40b0-8b59-ed5823afcf3d,Gabari Health Post,,Dispensary,Kiru,KN2405,8.044737000222085,11.498266999733403
afce9492-e6be-4ae0-86cd-4a3d2e98f2fc,Unguwar Mani Primary Health Center,,Primary Health Center,Karaye,KN2207,8.054621937938407,11.751989772126137
d93a6f08-eeb7-46fe-bca8-5450662e3a84,Jauben Yamma Health Post,,Dispensary,Bagwai,KN0303,8.056549000247799,12.066758999997035
45431af6-d943-4ae5-97db-4228b63ad365,Dederi Health Post,,Dispensary,Karaye,KN2209,8.057373999808306,11.843646000402202
c097b811-af4c-4b7a-a5a8-8f735f0688be,Jigilawa Health Post,,Dispensary,Tsanyawa,KN4003,8.0637466151382,12.194153746555742
2aa8f29f-39fd-4fe2-8c6f-e32e1b5e1c07,Sabon Fegi Health Post,,Dispensary,Karaye,KN2209,8.063979493296472,11.806297143025404
52ccc02a-a06d-42f1-8b5c-66d860bb1b22,Tudara Health Post,,Dispensary,Bagwai,KN0303,8.065378000246653,12.105287000174997
c4403fa3-224d-4c6d-be40-78a53b04de57,Gudan Tuwo Health Post,,Dispensary,Shanono,KN3506,8.066531000030068,11.997740000101828
87ce2369-187c-48b4-bc03-e1beee2dc709,Dan Soshiya Health Post,,Dispensary,Kiru,KN2405,8.072339999977032,11.537889999655363
cb507561-2019-4ef7-8ac0-7d0eb8f4b44f,Godarawa Health Post,,Dispensary,Shanono,KN3508,8.07611799954401,12.051634999720932
ea3a2e56-f9cc-4b91-bf57-aeaa4c2ac08c,Dorayi Health Post,,Dispensary,Tsanyawa,KN4006,8.07682925902725,12.37111145179017
e6a86b74-c4ac-41a4-9192-d19f13ab375f,Ginzau Health Post,,Dispensary,Bagwai,KN0310,8.077518553495622,12.124311083100963
8b98fc6e-08ac-4747-bfe5-caeed6c1039d,Tafashiya Health Post,,Dispensary,Tsanyawa,KN4003,8.07791450976464,12.21270859016289
379d6f9e-5a0b-466c-a019-af4a5c441679,Yan Amar Health Post,,Dispensary,Tsanyawa,KN4006,8.080042370210435,12.412672970029291
8cdfeefc-310b-46b2-90c8-05363bb3c956,Maska Health Post,,Dispensary,Kiru,KN2401,8.080923999809443,11.594479000104968
3ee9a478-77df-4e88-9ce3-1e0ab0713afb,Unguwar Bakke Health Post,,Dispensary,Tsanyawa,KN4001,8.085927768209274,12.264768708535314
14d59372-f9b5-4ca6-9b35-ddafe027df98,Faggore Health Post,,Dispensary,Kabo,KN2003,8.090945999618896,11.881013200791472
ce6d6960-20c4-419e-b9f7-ef1d84c69b6e,Tatsan Health Post,,Dispensary,Tsanyawa,KN4006,8.092788845871041,12.288543306689007
aad58dce-e8bc-4323-8870-9522301efe3c,Farsa Health Post,,Dispensary,Tsanyawa,KN4006,8.10127463763672,12.38153646087352
6c81597d-4158-48a3-8d48-b719de27a799,Gajal Health Post,,Dispensary,Bagwai,KN0304,8.106036999872572,12.08379199957011
b2e73261-3785-48c4-acf0-b6a43fd17799,Husama Health Post,,Dispensary,Karaye,KN2202,8.113175999723182,11.78836199983931
6d186f18-a063-4d52-8bd3-6e72d2373589,Bakwami Health Post,,Dispensary,Shanono,KN3507,8.1139390432416,12.033475088382147
855f3062-b8d0-4a0c-8545-4f39c29fdd63,Sarigirin Health Post,,Dispensary,Kabo,KN2004,8.116551913016963,11.968545527265576
b86ebd10-a292-4d4d-90a4-fc74b3552c44,Badau Health Post,,Dispensary,Bagwai,KN0310,8.132578985906605,12.193372110024654
656038a5-b2be-40e6-a766-43e0400868fc,Dutsen Karya Health Post,,Dispensary,Bichi,KN0502,8.133068000238836,12.211105000073303
7079e1ed-f604-43ea-a887-f8244b3ec781,Yartofa Health Post,,Dispensary,Bagwai,KN0308,8.136234014390027,12.078455785944413
d2959613-93be-449b-a1cd-e7fe52989fd9,Kyarana Health Post,,Dispensary,Kiru,KN2404,8.145092000408567,11.579961000240644
d07a3ae7-628d-48f1-8ae9-7018710fa6ce,Kanye Health Post,,Dispensary,Kabo,KN2004,8.146788999561636,11.959956000429372
9e84976a-356f-4f0e-8d12-d7a66e3ac51c,Malikawar Sarari Health Post,,Dispensary,Bichi,KN0503,8.147549000078016,12.380523000184894
718036b1-4859-4052-b745-38f2870a1d55,Baskore Health Post,,Dispensary,Kabo,KN2009,8.147879000302225,11.842699999759418
4897c1a4-688e-4fd6-b67c-75f156e0c184,Tsidau Health Post,,Dispensary,Bichi,KN0507,8.149197739198257,12.300443766774833
464ea93e-4805-494d-9472-08ea847eaa28,Lafiya Surgery,,Primary Health Center,Fagge,KN1208,8.537205999831599,12.020486999557363
9eeb2606-e7ec-426c-90f3-e288f0cfb42b,Malikawar Garu Model Primary Health Center,,Primary Health Center,Bichi,KN0503,8.152743507607397,12.398294391259697
43a162f1-5224-46d0-b52f-773aa743eca2,Magami Health Post,,Dispensary,Kabo,KN2009,8.153605000192783,11.796541000396587
ad78ab6a-d2a9-4176-a75e-2729db7cd944,Kauyen Mahauta Health Post,,Dispensary,Kabo,KN2008,8.153925000410197,11.86628799978638
a0cb48de-390e-486d-b693-cdc92d197c9f,Jarumawa Health Post,,Dispensary,Bagwai,KN0308,8.155160000249339,12.107833999905552
7dc7a681-b64c-4133-9877-f778a2510496,Yangwarzo Health Post,,Dispensary,Bichi,KN0507,8.155856245722362,12.274427707098141
f28ebc43-9b0f-499c-92de-ce38f4864d3b,Danmaliki Health Post,,Dispensary,Kabo,KN2003,8.163101429645167,11.880262020281066
150af769-3144-409f-bff9-2dcc03a6ef3b,Daurawa Health Post,,Dispensary,Kiru,KN2409,8.1641210003379,11.655564999610021
ea655d77-4445-48cc-9289-d45e088b7827,Alhazawa Health Post,,Dispensary,Kiru,KN2408,8.167280000484311,11.709379000174067
603950b1-b788-413e-ab34-7f650e5a4cc9,Kafin Maiko Health Post,,Dispensary,Bagwai,KN0302,8.167435999590282,12.038781999987975
887a61f8-833e-44c2-8d2c-1e85fe1859b5,Hagawa Health Post,,Dispensary,Bichi,KN0507,8.169048999686254,12.255526000255315
403d5c9c-8340-4d7d-9b80-58a500a2c7c5,Romo Health Clinic,,Primary Health Center,Bagwai,KN0308,8.170432012625952,12.073345691472355
5b63c9cc-5ead-4a82-ab3a-8865303f1d13,Daddauda Health Post,,Dispensary,Bagwai,KN0301,8.17306300041355,12.195159000238789
c70abaa1-913d-4f77-91c4-ac5c843f7c12,Makatuwo Health Post,,Dispensary,Kiru,KN2404,8.173982000037995,11.561762999875953
966d0589-a90f-49ca-baee-3b64d3666c05,Karari Health Post,,Dispensary,Bichi,KN0502,8.174460000362785,12.242843999638467
1ed28c90-4ced-4b42-a52b-2517e8b5d601,Indabo Health Post,,Dispensary,Rimin Gado,KN3303,8.179583129843707,11.963435641793637
61f0374f-0588-4913-9d37-488f668115b1,Tsaraka Health Post,,Dispensary,Bichi,KN0508,8.181832000371685,12.214898999651155
f4f877a5-5f59-4775-9efe-45c8810ed8dc,Yalwa Kantudu Health Post,,Dispensary,Kiru,KN2414,8.186612999620138,11.486512999747106
6c6618d4-54e0-40e2-94a4-a0bb7bbe635f,Saniaawa Health Post,,Dispensary,Bichi,KN0508,8.191311651812669,12.189804656600757
cd2a3960-3753-4c14-854e-64566119d3cb,Bumai Health Post,,Dispensary,Kunchi,KN2601,8.191553665977096,12.513421398483104
db147a24-0c24-499c-817e-df7ec25722fa,Malam Gajere Health Post,,Dispensary,Kabo,KN2008,8.192127000366668,11.860298999717145
2e3f22f2-cb5a-4c47-825d-f641438cbdb6,Kazardawa Health Post,,Dispensary,Rimin Gado,KN3303,8.195365129566824,11.96729864341836
61b01f97-ebc1-40b6-ac15-d0646817d6b5,Rimin Bai Health Post,,Dispensary,Bagwai,KN0306,8.197222578828871,12.063165243555204
c55365fd-5de9-475d-8afd-035ad8b636cd,Gazan Health Post,,Dispensary,Kiru,KN2408,8.197414456959223,11.710863251182559
de975229-f584-49af-9135-4d37c390d503,Rimayen Rake Health Post,,Dispensary,Bichi,KN0505,8.201143725493125,12.266577519764326
4f183c46-00d8-41ef-8e11-0ea3674138a1,Kariya Health Post,,Dispensary,Bagwai,KN0302,8.20154099976304,12.043268000035994
4c3d9d9b-33fe-41ec-813a-fd4cda6ab032,Kauyen Adam Health Post,,Dispensary,Bagwai,KN0305,8.202023000090549,12.130530000326416
5241fd44-24c5-4b3e-a183-0f4898cbbc01,Hayin Gwarmai Health Post,,Dispensary,Bebeji,KN0407,8.20353700011924,11.459903999667574
99d4d3eb-f76f-421a-ab2d-70865f8ed122,Zuwo Health Post,,Dispensary,Kiru,KN2415,8.205204000251854,11.75010199984348
22946535-abf5-428e-b26b-fbf3279e2e8e,Jangefe Health Post,,Dispensary,Kunchi,KN2601,8.205294000313017,12.446995000349489
bd48bcd0-9f76-4658-8f6c-0bf5faeb9b56,Jaube Marke Health Post,,Dispensary,Dawakin Tofa,KN1009,8.20865870859916,12.15743023460385
e947b141-2eed-4717-a37d-de736708067d,Shadau Health Post,,Dispensary,Kabo,KN2002,8.210264839690467,11.874610348441024
db4b3227-5f27-4b00-8c45-a17b0cbe46b8,Badodo Health Post,,Dispensary,Bagwai,KN0307,8.214046898260221,12.089333620335424
7e3055d8-e14c-4700-99f0-3bb2e29f0ce9,Gabasawa Health Post,,Dispensary,Kabo,KN2002,8.214429999520519,11.895027000313178
71a4f687-9843-4782-bd35-44db874516b1,Fcet Bichi Staff Clinic,,Educational Clinic,Bichi,KN0502,8.215454000216255,12.225273999700505
536ce4f8-c306-4ea7-8825-7dba3de9487f,Damisa Health Post,,Dispensary,Bichi,KN0505,8.216451390893951,12.308926509538423
bbfc6ce7-5dfc-4d61-961f-28c9ac3e01d8,Kwajale Health Post,,Dispensary,Bagwai,KN0306,8.221505000327625,12.035010000425075
9abfc368-3758-42d4-a2d2-4dd3808c702d,Galadimawa Health Post,,Dispensary,Kunchi,KN2609,8.2215160003351,12.489263000068604
3ea4320a-1248-4423-978f-f3a0ca2eb9b8,Danjaka Health Post,,Dispensary,Kunchi,KN2601,8.222307999873237,12.40760299958447
79cf9cc2-df23-45a6-9031-f1f844df5a44,Hugungumai Health Post,,Dispensary,Kunchi,KN2609,8.222372999917411,12.435887999802787
7f734ce5-c2d9-4e1e-895d-e0b33ca9c040,Danbubu Health Post,,Dispensary,Bebeji,KN0405,8.225350999940815,11.590895999670465
a8836820-b73e-47c5-81cc-7bdba4304fec,Dan Isah Health Post,,Dispensary,Rimin Gado,KN3301,8.226316129596569,11.939348638427646
e20a8f76-7566-422d-a323-695a03696379,Gadaba Health Post,,Dispensary,Kunchi,KN2606,8.226368999632484,12.529950999714174
5cce32cf-b294-4545-9b80-1dbefcee3292,Yango Health Post,,Dispensary,Rimin Gado,KN3312,8.228164839852695,11.996028747939135
b07b3c08-c99b-439f-83df-577e96592937,Unguwar Turaki Health Post,,Dispensary,Kabo,KN2001,8.230919999724676,11.820292999534956
df40ace6-415a-403c-8e2d-7b24d9ee7dd8,Dugurawa Health Post,,Dispensary,Rimin Gado,KN3304,8.231189129907534,12.011035650135625
db745496-1ae3-4745-b7f8-555908c962c9,Hauwaden Galadima Health Post,,Dispensary,Kabo,KN2007,8.235550999871236,11.865772000435811
94e97f9d-db67-48b0-a33b-d17dbaf043f4,Iyawa Health Post,,Dispensary,Bichi,KN0508,8.236145000274803,12.176748999730023
b44dd5f0-f75d-466e-a64f-e8296984b9ef,Gajale Health Post,,Dispensary,Kiru,KN2402,8.237017490867629,11.434297043268828
85359c0e-876b-4efe-9378-455762e70ed6,Karofawa Health Post,,Dispensary,Kunchi,KN2610,8.238186999662275,12.486148999952775
58239334-75c7-4531-a031-4f94791fb4d7,Jibga Health Post,,Dispensary,Bebeji,KN0403,8.23914318931196,11.70836900448785
7530ba55-91bc-42ca-bfd1-0c73a75247ff,Masanawa Health Post,,Dispensary,Kabo,KN2010,8.242545999623985,11.84689899961245
6b114c6c-113b-4bbb-9775-b3a0f35159f3,Tuga Health Post,,Dispensary,Bagwai,KN0306,8.243234681091906,12.067150458262972
f26bcfa8-3e32-414f-8e86-0e3faa7520f2,Matan Fada Primary Health Center,,Primary Health Center,Kunchi,KN2606,8.243712130416327,12.577576740073653
c3f7e3e3-2065-4616-be00-59840e656770,Dumbule Health Post,,Dispensary,Kunchi,KN2609,8.245333999518323,12.505693000232043
28c62b6a-094a-42ca-bfd5-bd8e8d1da764,Dutsen Dorawa Health Post,,Dispensary,Bichi,KN0510,8.24949000034212,12.312496999964424
e2497145-1f8b-47f6-837b-9bf2a14b3eff,Bargi Health Post,,Dispensary,Kiru,KN2402,8.249744622515152,11.353876137626628
a611038d-3c80-43f9-9e2e-0535649122c5,Unguwar Kwari Health Post,,Dispensary,Bagwai,KN0306,8.250114999766765,12.042820999732271
e883a469-660a-4c4e-bb06-47ed30675b46,Yan Dutse Health Post,,Dispensary,Bichi,KN0505,8.254916000028857,12.259838000185141
0cbc226d-face-4978-985a-23e0f941bcd5,Baje Health Post,,Dispensary,Kunchi,KN2608,8.257406999721354,12.365376999893897
0a92d0b2-feaf-4e42-8eee-20d5ddab5b23,Ginsawa Health Post,,Dispensary,Tofa,KN3904,8.258888798728151,12.028910461280702
fdaa6eb6-a290-4b18-9433-4a1045f5c379,Alfijir Nursing and Maternity Home,,Maternity Home,Bebeji,KN0403,8.261737999664035,11.672033999799908
ead44f9b-86e9-48e7-85be-658a44600e64,Gara Health Post,,Dispensary,Madobi,KN2810,8.264181811324534,11.78529605975615
dbe71c0c-53cc-4acd-8e51-196251e9e6b1,Dindere Health Post,,Dispensary,Tofa,KN3901,8.264572476589933,12.090678815249419
d8ac0e64-1944-4c0d-80d1-518f72bf2166,Yakun Health Post,,Dispensary,Madobi,KN2812,8.264663999652157,11.740306000187559
9769f4ee-1516-43ef-8532-83118fbfd6f6,Sanakur Health Post,,Dispensary,Bichi,KN0501,8.264899825812392,12.165580937141897
83314311-e30d-4397-9e70-7b39fee8fcaa,Kaya Health Post,,Dispensary,Kunchi,KN2606,8.267679999701386,12.550371999589288
28eb9274-057b-44a6-bead-1356af8f5689,Yankifi Health Post,,Dispensary,Kunchi,KN2610,8.269807000146557,12.473613000435193
ce15fc99-1c18-423d-9f75-40d5213409af,Falle Health Post,,Dispensary,Kunchi,KN2606,8.271611000372275,12.583908000375459
410d4bc4-c455-4466-9438-e07a2a5c7630,Madine Health Post,,Dispensary,Bichi,KN0508,8.273599999723729,12.197770000012838
01d70a08-1343-48d7-9654-fca56949a61b,Jinjimawa Health Post,,Dispensary,Bichi,KN0510,8.273783999848774,12.331009999543141
85261896-20db-40f1-b503-322db5221bb0,Sabo Health Post,,Dispensary,Bichi,KN0501,8.2767508698646,12.212322017900249
33d7b87b-c659-4f36-8c04-d261fa0d46c8,Magawata Health Post,,Dispensary,Kunchi,KN2610,8.276894999962508,12.423538000411554
a9408020-a274-4f85-804d-e95fecab5b78,Chinkoso Health Post,,Dispensary,Madobi,KN2802,8.278271999898152,11.807369999754371
1c92d639-d71a-42a8-8cc8-3624981d9319,Jili Health Post,,Dispensary,Rimin Gado,KN3306,8.278476130036836,11.899218632161194
0536a6b0-5b04-4d86-bfb2-9fa79ea4a461,Zango 2 Health Post,,Dispensary,Rimin Gado,KN3312,8.278743130218231,12.020497650564607
1f3eadc9-5cb3-4a7f-ac0c-838467bf61c4,Dawakin Dogo Health Post,,Dispensary,Bebeji,KN0405,8.279511999740635,11.622930000436043
e3734c50-9efe-433a-8811-0bc1abcf63e5,Kuku Health Post,,Dispensary,Kunchi,KN2603,8.281907000367937,12.372995000069977
4003a824-07fc-424b-ba22-af3e82a79d08,Gajida Health Post,,Dispensary,Tofa,KN3903,8.282302239636522,12.081095014737627
02827623-0a28-4f2e-94ad-cb8e574c1764,Unguwar Labi Health Post,,Dispensary,Bebeji,KN0407,8.282929000062325,11.460935000368067
2b7dcfb4-8e8f-4e0c-99ac-03dde7980727,Belli Health Post,,Dispensary,Bichi,KN0510,8.28497150745011,12.311903784561366
6a64cceb-600b-49fb-92b3-35ec28806dc8,Madobi Vetenery Clinic,,Primary Health Center,Madobi,KN2810,8.286882999748912,11.768842999577089
264597f6-8e2a-475c-8262-9ab6d5561e7f,Jagaja Health Post,,Dispensary,Tofa,KN3914,8.288627999934533,12.034018999751709
e7ae0928-d9cd-4d99-b08a-bbb8ec22c9e9,Gulbi Health Post,,Dispensary,Bichi,KN0501,8.288776000035114,12.181684000083123
d6f714eb-488b-487b-906c-4965776d2ce8,Salamatu Clinic,,Primary Health Center,Dala,KN0705,8.481897000251763,12.041818000050796
6a822658-79d8-40f6-9bba-fe4350f43307,Yakasai Health Post,,Dispensary,Bichi,KN0501,8.291859000129875,12.201927999838006
fe278beb-e7ad-406a-87c1-1823c79c0078,Yanbundu Health Post,,Dispensary,Bichi,KN0501,8.293137522998563,12.269159319518508
c36cd73d-fef3-4f9b-a154-9b8bb3861ea5,Yar Rutu Health Post,,Dispensary,Dawakin Tofa,KN1009,8.29592454989222,12.117211096276833
f07e34b3-baa3-4e97-a58e-0d3e225caa2c,Maigari Ingila Health Post,,Dispensary,Rimin Gado,KN3310,8.30193652197704,11.921496404297898
ca0dca4c-2c2a-4574-b9f8-01795c466568,Sodawa Health Post,,Dispensary,Kunchi,KN2605,8.303045999730898,12.503996000078985
6cf4fa4f-d747-462c-9de8-1101e9877fc6,Jodade Health Post,,Dispensary,Kunchi,KN2604,8.305729984554546,12.372052136429318
79912918-11ad-449f-9e69-d8a36c960c9b,Rikadawa Health Post,,Dispensary,Madobi,KN2811,8.308938405734523,11.733640088658376
4477ea54-310f-43f0-8241-5ff97549fe0d,Taddangari Primary Health Center,,Primary Health Center,Bichi,KN0511,8.309360000020945,12.235204000447482
131440d3-6699-416f-86cb-de0d0c300f94,Ivory Clinic,,Primary Health Center,Gwale,KN1810,8.495926999784501,11.983799999630264
35237b2d-3bf2-4f26-a2e4-8e93cbeeb898,Shamakawa Health Post,,Dispensary,Kunchi,KN2608,8.310292999654905,12.433254000013108
37eeb8eb-72e4-4e16-8a11-1d34d3e80e35,Kargon Kunchi Health Post,,Dispensary,Kunchi,KN2603,8.313502999835919,12.40164799953834
b32ba899-3384-4fe7-829c-9375d0ca6448,Nasarawan Kuki Health Post,,Dispensary,Bebeji,KN0409,8.314452000480742,11.409326000302201
7d269d9c-5e83-42eb-b173-a44417ce87dc,Tariwa Basic Health Center,,Primary Health Center,Bebeji,KN0413,8.31496299982797,11.598726999991243
c9086f6d-4118-4463-a76f-748ef1d237b8,Jaube Health Post,,Dispensary,Tofa,KN3906,8.316945767175127,12.025924220251682
6c8eb5ca-cc9e-4ba0-a9b5-1fb6cc1a378e,Sumana Health Post,,Dispensary,Tudun Wada,KN4111,8.318664000342608,11.274968000012223
96917ef9-0068-4529-9339-c42b1c77adfd,Gwamai Health Post,,Dispensary,Dawakin Tofa,KN1006,8.319352564810458,12.185195475469015
c5ea372e-e418-434c-bbb0-4709a6419f97,Tsaure Health Post,,Dispensary,Bichi,KN0501,8.319706739051071,12.206654923049712
2c5d538e-0181-4217-95e7-e9466f36930d,Dogon Marke Health Post,,Dispensary,Dawakin Tofa,KN1006,8.320312957462988,12.154325948494659
8e3d9f72-3c75-4b5f-a6dc-a6cfce8020b5,Dansudu Health Post,,Dispensary,Tofa,KN3908,8.326251578497988,11.997789555135512
334f3e12-f12d-4eba-a633-8afa88ca43b6,Gora Health Post,Gora Sako health facility,Dispensary,Madobi,KN2804,8.326992062001125,11.817871128889408
b8c442ad-9f4e-45b9-97e2-fc3938fed665,Tofawa Health Post,,Dispensary,Kunchi,KN2604,8.328899058296827,12.34687866132515
2eda0177-180b-4d84-8f23-42a7b2971388,Tabani Health Post,,Dispensary,Kunchi,KN2604,8.329878144962095,12.413755839765031
fbbae7d1-3da8-4d06-8b69-04db0f2ae3f0,Maigari Health Post,,Dispensary,Rimin Gado,KN3310,8.332051203438596,11.91915672970822
f00adc9b-21e0-439a-be9a-e4ee156b6b00,Kawaji Health Post,,Dispensary,Bichi,KN0501,8.332974040065608,12.23192768022136
4276024c-0131-4261-aa7f-dd858338dc05,Goverment Secondary School Health Clinic,,Educational Clinic,Dawakin Tofa,KN1003,8.33398099974977,12.102425000230369
8cd864ad-accf-4649-84ed-0d351e81766d,Daddu Health Post,,Dispensary,Bichi,KN0511,8.335552605817611,12.299949298438833
d8308029-fd28-4d4c-8318-a02f5f5248a9,Science Secondary School Health Clinic Dawakin Tofa,,Educational Clinic,Dawakin Tofa,KN1002,8.338951000126656,12.118390000077852
89a7cea4-1b27-4bcb-b679-ebd7e9c511ed,Kyauta Health Post,,Dispensary,Bichi,KN0501,8.339402000433097,12.193924000399647
5c37a274-b3d6-47f0-8048-6eeda86ad6a4,Tukuibi Health Post,,Dispensary,Bichi,KN0504,8.341759174034678,12.267502773392948
827783c2-defa-41cf-8f55-4a5208e3b843,Dutsen Gama Health Post,,Dispensary,Bebeji,KN0413,8.346219000064934,11.622568000190086
11d482b3-396d-4251-820f-07c504f4c052,Cikawa Kwari Health Post,,Dispensary,Madobi,KN2811,8.347220709745557,11.732216888691369
1ab39b95-a48c-4fb6-8192-1a414b355de4,Ruwan Tabo Health Post,,Dispensary,Tudun Wada,KN4104,8.352356362234957,11.321977099952733
961cde9b-9640-4f29-a3a9-dcde63803a4e,Kasuwar Kuka Model Primary Health Center,,Primary Health Center,Kunchi,KN2604,8.352517000344108,12.429897999732873
10c671db-dc1a-4f42-a9a3-8a2aabfb0304,Kubarachi Health Post,,Dispensary,Madobi,KN2808,8.355088232091134,11.75815486531502
846d6037-d164-48e6-83e7-94ed580368cc,Dan Kwai Health Post,,Dispensary,Kunchi,KN2604,8.356236940871668,12.410448171517658
4e587aa3-bb4c-4972-a669-200e0aaddcd5,Gudau Health Post,,Dispensary,Dawakin Tofa,KN1006,8.357006000394165,12.179904999874395
0cd5e232-b12a-4b26-88ff-bb6b7129c908,Dariyar Shere Health Post,,Dispensary,Doguwa,KN1107,8.741047913332636,10.670478007289717
d79ff389-5b4c-40af-a609-e134c155f6b4,Dungurawa Health Post,,Dispensary,Dawakin Tofa,KN1006,8.357696607863431,12.162984970378034
eb98b323-eb5f-4490-a7a4-32bde3f2968c,Jirgwai Health Post,,Dispensary,Madobi,KN2811,8.357719999879293,11.738792000158867
270c252e-8d62-4726-9551-3f9fa39c1261,Marga Dari Health Post,,Dispensary,Bichi,KN0506,8.367995999861364,12.288769999843055
76219fd7-8f29-441a-a977-30ac97106d69,Romi Health Post,,Dispensary,Dawakin Tofa,KN1010,8.368088681924348,12.125701094045382
795e6560-e8fd-42fa-a745-90e8244864af,Kwiwa Health Post,,Dispensary,Garun Malam,KN1509,8.368142999961265,11.721681999533416
bab11cf7-c4d1-4b27-a2e7-bb36229c0730,Yarimawa Health Post,,Dispensary,Tofa,KN3915,8.36859207326637,12.027577835375268
4008ba88-b3bb-47da-99d3-52cecb9ecda6,Agalawa Health Post,,Dispensary,Madobi,KN2805,8.370554182599562,11.88061928952385
c6104223-dbbb-4a0b-ae55-5dd8ba5a5c28,Daburau Health Post,,Dispensary,Madobi,KN2809,8.372237999743618,11.821535000378844
890e46d9-2874-4a30-99d2-6bb12c5dc3a0,Kadawa Health Post,,Dispensary,Dawakin Tofa,KN1001,8.372605999993652,12.072359999802643
8e5aafb8-1264-4a3c-983e-3d3ff9b45640,Faska Wambai Health Post,,Dispensary,Tudun Wada,KN4109,8.372633000012002,11.284732999647076
604d9f03-55ca-46fe-bba8-092e9645f236,Danshayi Health Post,,Dispensary,Rimin Gado,KN3307,8.375658652067784,11.894784101148161
989dc988-963f-4a81-87a2-61c72c7afa84,Kwarken Health Post,,Dispensary,Garun Malam,KN1509,8.376455589609293,11.739282890492404
3473d2bb-d9cf-454f-956d-7355fff97943,Sakaratsa Health Post,,Dispensary,Rimin Gado,KN3309,8.377153145083241,11.922131820729646
81c1e144-9d09-4e90-a7da-67bc7b2ab6a1,Kudurun Health Post,,Dispensary,Madobi,KN2808,8.378727466152895,11.789710733755726
df1769f7-dd8f-40d2-96f6-c5e21751ff3f,Janguza Health Post,,Dispensary,Tofa,KN3905,8.37904000036525,11.95935300001969
18506201-0d86-42c7-b215-f4b25e6f9e96,Government Girls Secondary School Kwa Health Clinic,,Educational Clinic,Dawakin Tofa,KN1010,8.379906999954358,12.15130700044341
2962fabe-236f-4caa-be5a-80ce28ab3159,Kwarken Gabas Health Post,,Dispensary,Garun Malam,KN1509,8.38034040624882,11.726330239691663
fb0164a2-ed1a-4cb1-8f79-99b3b08dd48b,Gargai Health Post,,Dispensary,Bebeji,KN0406,8.381041085724917,11.544722097297438
83a0ca67-54de-4554-8832-51738ba97f58,Chiromawa Kwari Health Post,,Dispensary,Garun Malam,KN1501,8.381180999819946,11.615977999712527
fbbd5398-8e4f-41f0-a99c-1cb9b3b2bd3d,Bankaura Health Post,,Dispensary,Bichi,KN0506,8.381393101964079,12.270791481627498
99d60daa-b5cb-4325-8f58-4c864425f2a2,Sarauniya Health Post,,Dispensary,Dawakin Tofa,KN1001,8.384237042896416,12.088326027650794
b0c920b4-2c08-4102-a1c1-363241e84c39,Nassarawa Bagadawa Health Post,,Dispensary,Dawakin Tofa,KN1004,8.38424375390099,12.12379612275106
5b065197-ef85-472e-880a-86421377aab6,Tashar Kadiri Health Post,,Dispensary,Tofa,KN3905,8.391225400644657,11.972647088052383
6ffc453c-79e5-481a-b02f-253b97a53d4c,Tinki Health Post,,Dispensary,Bichi,KN0506,8.392569999558248,12.303145999610877
76841434-3025-4fa3-a5f8-17f186835df1,Chedi Bubba Ruga Health Post,,Dispensary,Dawakin Tofa,KN1010,8.393031796872037,12.139273909267501
fa3fed41-8e91-4f22-9ab7-048d1bd3b803,Yantudu Health Post,,Dispensary,Garun Malam,KN1509,8.394196897663676,11.747291520933857
661c4826-7545-4e53-a55c-fd22f14bb439,Azore Health Clinic,,Primary Health Center,Kura,KN2701,8.395127000295645,11.758846999785248
dda7bbdc-2e13-4873-81fb-c163f9e6e2ef,Ganji Health Post,,Dispensary,Makoda,KN2908,8.395253000381217,12.422011000374027
56ed4cbc-5469-4eaf-b56c-7cd7e1c65b0c,Bum Bum Health Post,,Dispensary,Bichi,KN0509,8.397004361571192,12.248713034626235
2f676a66-7041-4f67-a215-76e82e19bd51,Dan Maura Health Post,,Dispensary,Garun Malam,KN1510,8.40000899961268,11.71354900000739
4168e60f-47f9-4f00-bec5-21b70f645627,Ningawa Health Post,,Dispensary,Madobi,KN2809,8.400647000046206,11.821923999643104
f2fc7dcb-dec9-4ba8-b2ca-ec3541c24f2b,Bagadawa Health Post,,Dispensary,Dawakin Tofa,KN1004,8.402553188341358,12.120656351617697
1f9264c6-a7a9-4f5b-97bc-d29160f4bf15,Danjirima Health Post,,Dispensary,Kumbotso,KN2503,8.405781459534808,11.94826360048495
d548ed99-879b-4f14-a1f1-fc74f8314dee,Shuwaki Health Post,,Dispensary,Tudun Wada,KN4109,8.406462714997701,11.305059961458312
2671c6c9-e66c-49ef-96ed-171ab57314bd,Tudun Wada Ggss Dispensary,,Dispensary,Tudun Wada,KN4108,8.407313999576104,11.259237000323765
33c8108a-8d8f-4ecd-9f31-61034819cb08,Yalwa Health Post,,Dispensary,Tudun Wada,KN4106,8.410256912575676,11.333524347798516
2ef62824-4fea-41e6-be73-c59b5f2eccfa,Maraya Health Post,,Dispensary,Madobi,KN2801,8.410806999949443,11.891943000217736
55b013b3-6b14-440b-a65e-b7b3962634e1,Shakura Health Post,,Dispensary,Garun Malam,KN1501,8.41107000012812,11.62898799955218
fe443dc4-b665-45ef-b28e-0882e9645ed5,Dinka Health Post,,Dispensary,Kura,KN2709,8.411481790407947,11.805455850453825
5685fbea-0d4d-4dba-a5e2-f36ad6192339,Chiromawa Primary Health Center,,Primary Health Center,Ungogo,KN4208,8.411779406610151,12.036689184566
5c9b46c2-6b2a-4d4e-910b-021fc45d61b5,Galaji Health Post,,Dispensary,Bichi,KN0511,8.411844999654704,12.29881299966678
6fd466dd-5d21-44b9-b8bd-fb2747c0f6cb,Makwaro Health Post,,Dispensary,Garun Malam,KN1509,8.414383000379189,11.73671199974558
597c1700-1369-4c1e-ac3e-7b631ff3e3df,Samawa Health Post,,Dispensary,Garun Malam,KN1509,8.41608694153689,11.72677992599722
2145e89e-a34e-41bb-b86c-e37494dc0af8,Fagen Kawo Health Post,,Dispensary,Dawakin Tofa,KN1004,8.416581985873279,12.080963718648434
f3170f95-b957-423f-87b5-4f167ad1ef2f,Godar Ali Health Post,,Dispensary,Kura,KN2709,8.418995129512894,11.816771620142333
9424bb69-d124-4d02-ba0d-6167c8578fd9,Dunawa Health Post,,Dispensary,Makoda,KN2906,8.419409854794651,12.447069888400392
8300da8a-4fb4-4baa-9bc3-d602201a45a3,Kadawa Quarters Health Post,,Dispensary,Garun Malam,KN1508,8.41970399999451,11.644034999775897
87b15541-49ea-4fc4-9733-f45121867df0,Kura Surgery and Maternity,,Maternity Home,Kura,KN2701,8.420388000459297,11.771384000303556
20b8982b-8b4d-40d4-9d99-1744f26476b7,Burumtumau Health Post,,Dispensary,Dawakin Tofa,KN1010,8.421067318920848,12.18348784930879
f78105c4-75bc-4ce1-b46e-979c89053cbb,Chedi Maidala Health Post,,Dispensary,Dawakin Tofa,KN1004,8.422172521671769,12.135369057614298
bbac4cbe-59a5-4425-a304-0ead887810fd,Dumaji Health Post,,Dispensary,Garun Malam,KN1502,8.422240999718326,11.683392999517821
ce7eb496-19c1-4ba4-9b1e-492e18ffed3f,Jajira Health Post,,Dispensary,Ungogo,KN4208,8.424730000409454,12.033071000107611
a4a51596-7284-4ce0-b607-2801d92b6ffe,Danbare Health Post,,Dispensary,Kumbotso,KN2503,8.42497399957523,11.955444000363684
3da22f07-922d-4cc7-ae53-a3eab79f0c6f,Challawa Basic Health Center,,Primary Health Center,Kumbotso,KN2501,8.425077999645907,11.917596999648424
33400a24-e227-434f-ba55-d215429e28cd,Gatsiki Health Post,,Dispensary,Makoda,KN2906,8.426782419803999,12.47928268028744
ee0365e1-cbcd-4d08-b404-853ee941b6f4,Runkusawa Health Post,,Dispensary,Kumbotso,KN2501,8.427105218023314,11.891320605794874
503dc4f7-a478-4d95-83ef-8d2d4fc699d5,Damfamin Tofa Health Post,,Dispensary,Dawakin Tofa,KN1005,8.428352042870472,12.222631759905198
a9e2e9f1-54fd-4256-a174-00d9ed1e343c,Rimin Kwarya Health Post,,Dispensary,Kura,KN2709,8.431165636782168,11.81097473920363
53657e38-50fb-4911-9a06-63e17af7c671,Unguwar Kudu Health Post,,Dispensary,Garun Malam,KN1502,8.437705000225378,11.69572099989415
642d2a13-d689-452a-a22e-67ae1111330b,Yarkanya Health Post,,Dispensary,Kura,KN2709,8.439616999524503,11.7991440001652
17977c3b-1480-4c94-97fb-47233bc98cd8,Dawanau Psychiatric Hospital,,Specialist Hospital,Dawakin Tofa,KN1004,8.441528779823443,12.084575750102658
c903002a-8b05-4791-b43b-69f575214528,Dausayi Health Post,,Dispensary,Ungogo,KN4207,8.444183334627098,12.013052351505848
1c1627fe-4265-432f-b9af-0ae98e8e6695,Yatsi Health Post,,Dispensary,Bichi,KN0504,8.444402999776344,12.247941000101662
a35998f3-5d57-4fc5-9150-6fe87d19ecb9,Tashar Basa Health Post,,Dispensary,Makoda,KN2902,8.44499600017923,12.335819999811292
3329119d-67b9-4200-a857-4797f681bcec,Kungu Health Post,,Dispensary,Bichi,KN0504,8.445127623268718,12.270570450477294
3b88ca5a-f51b-4fbc-bd41-cbb6de074b0b,Fango Health Post,,Dispensary,Dawakin Tofa,KN1008,8.446402782135124,12.175718270029734
c7129159-11ab-415b-a417-78bfca048c3f,Sabon Gari Doka Health Post,,Dispensary,Ungogo,KN4209,8.448497999558697,12.087421000035874
7189527f-cb47-4f6c-b929-64249c8e82a9,Katsinawa Health Post,,Dispensary,Ungogo,KN4201,8.448776593747994,12.061813918637029
2b0a16eb-57cc-4837-b7cc-5f4d91ad87f7,Gafan Health Post,,Dispensary,Bunkure,KN0605,8.449328000122648,11.675355000056356
ac0bcd72-29c0-4cb3-8c8c-2f6038e22a0e,Danbaba Health Post,,Dispensary,Dawakin Tofa,KN1011,8.450341999811599,12.144370999730711
719f3bca-f8c1-4b75-b63f-45e5af8bdefc,Hausawa Health Post,,Dispensary,Madobi,KN2806,8.451022000273667,11.871497000325633
04a56860-90ee-42da-a283-73c9cca9286e,Kirya Health Post,,Dispensary,Kura,KN2709,8.451998039936825,11.817594649701562
91628406-46b4-4d3a-ae10-795a69a3face,Refawa Health Post,,Dispensary,Garun Malam,KN1505,8.452202000075374,11.563492000050758
a67bcfb6-046b-4a59-a363-d21bdec3c63a,Mudawa Health Post,,Dispensary,Garun Malam,KN1502,8.45292199956458,11.733481999550975
b10df031-dc0c-43aa-a5b2-eb3b0a380435,Kadani Health Post,,Dispensary,Kura,KN2706,8.455725000469101,11.740489000311868
b5683f47-de29-416e-ac29-d799fb529a0c,Samegu Health Post,,Dispensary,Kumbotso,KN2503,8.456452767963583,11.939823014749948
bf1b4e54-bdb1-4cdb-b00d-e1e04d4b5992,Panshekara Primary Health Center,,Primary Health Center,Kumbotso,KN2511,8.457463999650656,11.8990500000466
a114663d-ef65-427d-bd52-b3a1d5b396f1,Marke Danya Health Post,,Dispensary,Dambatta,KN0801,8.460172000490616,12.461742000369384
d913050a-8bf1-4be5-9fc3-0a9c97795ae8,Guraza Health Post,,Dispensary,Kura,KN2706,8.460257999549071,11.767915999947206
25252c28-aa77-4f10-9e7a-8ac096f24f81,Koguna Basic Health Center,,Primary Health Center,Makoda,KN2905,8.460375999629264,12.384923000174467
77bd5012-4154-498d-9a5e-428180b86730,Imawa Health Post,,Dispensary,Kura,KN2706,8.460510589720684,11.798276479575748
6e6e809b-ee2e-4fa4-b620-9cc3c219c38d,Dorrayi Babba Primary Health Center,,Primary Health Center,Gwale,KN1803,8.461795101593452,11.976006595335036
5a2346e5-f5cf-45bd-9d25-8b8775bd78d0,Tangajiyo Health Post,,Dispensary,Makoda,KN2910,8.46221655487983,12.323226767254823
1914a697-0c12-47c4-b505-ec6665c65f04,Sabuwar Kaura Health Post,,Dispensary,Rano,KN3206,8.462335709960769,11.43830312299076
a920fc81-32bb-4905-9a7f-c964f623e9e7,Bachirawa Health Post,,Dispensary,Ungogo,KN4201,8.463482637740071,12.057949460011343
a7174c54-84c2-4d04-9f8f-7fc6f4c68cdb,Fagwalo Health Post,,Dispensary,Dambatta,KN0803,8.465256999945666,12.363867999868603
be1a25ea-a419-40d4-8d36-f11005a5b470,Dandalama Model Primary Health Center,,Primary Health Center,Dawakin Tofa,KN1011,8.465829868334879,12.145026355176014
202bb240-081c-4e2f-b7b6-363a204dc6a6,Zawa Chiki Health Post,,Dispensary,Kumbotso,KN2511,8.46588400037166,11.919664000052876
69091fbf-3713-4ca5-9be3-027916fd28c3,Makunturi Health Post,,Dispensary,Bunkure,KN0605,8.465936000406998,11.707998000235762
8a2a5cc8-0fb1-4cc8-af97-316738240564,Yammawa Gamji Health Post,,Dispensary,Dambatta,KN0801,8.469210999632196,12.507477000444169
cf8802f6-ba73-4efa-ab4d-94ed7d149b62,Gyauro Health Post,,Dispensary,Bichi,KN0504,8.470632999598422,12.25475499973146
21df1988-49f7-454f-86da-7ee548627620,Janbulo Health Post,,Dispensary,Gwale,KN1803,8.471782000379108,11.978207999830772
cf309098-a3ba-4e48-961a-6d81f237965b,Yanmata Gabas Health Post,,Dispensary,Fagge,KN1210,8.472443999828897,12.064054000159103
8248477a-b039-4e44-8135-e440d8e153cb,Kuidawa Health Post,,Dispensary,Dawakin Tofa,KN1007,8.475088999626053,12.164252000238946
cf7d7666-b78c-4197-a432-0bf03c655049,Yammawa Wanzamai Health Post,,Dispensary,Dambatta,KN0801,8.476077811297898,12.48822824436553
aed5d527-bf33-42cc-a029-f1ee027324f0,Bugau Health Post,,Dispensary,Kura,KN2706,8.477265000104524,11.74107099970729
590e5ab9-1789-470d-881b-be10261bdf3f,Kurna Health Post,,Dispensary,Makoda,KN2904,8.479866999872456,12.545474000261379
0ccb494d-71fe-4819-93ff-a9b855b8c28c,Roba Health Post,,Dispensary,Dawakin Tofa,KN1005,8.480097855029328,12.23550244665023
283266fc-d39a-4722-ab84-dc2460e18e67,Kunya Hospital and Maternity Clinic,,Maternity Home,Fagge,KN1207,8.482377999578546,12.044969000191713
6abfe984-4804-4374-95af-71a25fa526d4,Yakasai Dandalama Health Post,,Dispensary,Dawakin Tofa,KN1011,8.482742129825965,12.156486671962739
22e089e8-47e8-48a0-b1b9-c4993f307204,Gobirawa Health Post,,Dispensary,Dala,KN0705,8.483406000277057,12.028409999940664
459809be-fbf9-48a5-bef3-5b0ba44f7c58,Wuna Health Post,,Dispensary,Tudun Wada,KN4107,8.485156884466676,11.28949190288057
13b52b10-8958-4d85-af9b-a58bb4b6cc62,Dandinshe Model Primary Health Center,,Primary Health Center,Dala,KN0710,8.485716999847284,12.020334000453374
0a730b2d-e178-4b4d-9e2a-1219bdadb1b2,Dan Rimi Health Post,,Dispensary,Fagge,KN1206,8.486197000173377,12.054708999809577
9db3aa5c-cc3f-4a93-a6f4-747b3f0e3536,Kauyen Mai Unguwa Health Post,,Dispensary,Dambatta,KN0803,8.486596000444479,12.371284999908085
958f2cd5-9fae-49bf-82d5-59e026caece7,Zangon Barebari Health Post,,Dispensary,Ungogo,KN4204,8.486639086473758,12.070169834314527
0ac19236-9ca3-4e9f-a5a1-c2960661730d,Tudun Bojuwa Health Post,,Dispensary,Fagge,KN1206,8.487093013782214,12.049682916394602
1715a8ff-81c3-4198-a551-ca32dbe9face,Fce Staff Clinic,,Educational Clinic,Gwale,KN1808,8.48760200012805,11.987165999917295
16f489e5-29e0-4aa5-bd69-cc22fee054be,Tangaji Health Post,,Dispensary,Makoda,KN2910,8.48760100012737,12.305285000064202
87184442-6ebd-46e6-9ff6-e61efd84a7c7,Jibga Fulani Health Post,,Dispensary,Makoda,KN2903,8.488267529580241,12.401103760168553
d93c3a86-e06c-4fa5-9d8a-a15849eda34d,Galinja Health Post,,Dispensary,Madobi,KN2803,8.490320796975311,11.861338652423512
7126eb51-dc70-48e9-826d-79695986a703,Dambazau Health Post,,Dispensary,Dawakin Tofa,KN1011,8.490839000327412,12.135428999655062
936d0188-31d1-40d3-b1d1-ea8e38b78343,Gajingiri Health Post,,Dispensary,Kura,KN2706,8.491366999686193,11.739616999719374
3fc7ade4-deaf-4c9f-b36b-fd185fcddcdf,Bechi Health Post,,Dispensary,Kumbotso,KN2505,8.491993000111506,11.926455999667724
e33e1c1c-8423-49ed-b35c-686fca49abd8,Karfi Health Post,,Dispensary,Kura,KN2705,8.492705109595363,11.821976145678548
0c6537f1-9ded-4f20-a0b8-6fc8dde658f2,City Clinic,,Primary Health Center,Dala,KN0704,8.494735999975262,12.001488999649098
47a26507-df6f-4f3b-a3a0-308e8ade77cd,Sabon Ruwa Health Post,,Dispensary,Bunkure,KN0603,8.496566130218753,11.69756179614484
faea2c59-691f-499d-af2d-c10072f2d115,Shiye Health Post,,Dispensary,Bunkure,KN0605,8.496697000307677,11.633812999830525
8b7c7dc3-59c1-456e-8354-a8b52cf068a6,Kofar Ruwa Health Clinic,,Primary Health Center,Dala,KN0710,8.496699130309082,12.019601650955792
85c84c48-f82c-4732-a2bb-09399b9cc5a5,Yan Bawa Health Post,,Dispensary,Makoda,KN2903,8.496790000370822,12.533963000440167
aebc962c-9a36-4e4b-af39-cda7ccae5e7f,Dan Itache Health Post,,Dispensary,Dawakin Tofa,KN1007,8.497116999593004,12.208012999972482
f55e84d8-955a-4f9f-9f12-ca9164c542be,Kwamitin Makota Health Post,,Dispensary,Gwale,KN1810,8.497203999652129,11.98732500002535
e1e39893-d05d-4027-bc30-57576ae3253f,Bare Bari Health Post,,Dispensary,Makoda,KN2903,8.498006000197051,12.493275999795287
61bab1e0-c8ac-4f7d-a902-8e367cb6d6b2,Bakarari Health Post,,Dispensary,Makoda,KN2910,8.498261000370348,12.281458999875554
0b0ed7ee-5e80-445b-8bcc-8f591fdb80a1,Dan Maidaki Health Post,,Dispensary,Makoda,KN2904,8.499311000083765,12.580808000269144
1bfbe284-529d-4c90-9794-a4226257be6e,Aisami Primary Health Clinic,,Primary Health Center,Gwale,KN1808,8.499557971251534,11.994924051188548
ba213d03-222d-4104-a1fd-c8a4a293a09e,Ajumawa Health Post,,Dispensary,Dambatta,KN0801,8.505977999613663,12.477297999938969
ca69e4fb-951c-41ed-8166-fc0795ee9804,Garangamawa Primary Health Center,,Primary Health Center,Gwale,KN1801,8.507212000452114,11.993895000489317
8b131457-9ebb-4793-9ce5-19003b73fbd4,Bokavo Health Center,,Primary Health Center,Fagge,KN1206,8.507322999527503,12.03307400010965
b005d505-ed04-4908-a8e3-791248c7d9cc,Rijiya Biyu Community Health Clinic,,Primary Health Center,Dala,KN0703,8.507416224590884,12.006083641770942
22417931-070c-4142-b9a8-89cdf275eb75,Gainawa B Health Post,,Dispensary,Kura,KN2704,8.508339000217859,11.831225999963408
43bae462-256c-4dcc-ae10-07921ab166c4,Geza Health Post,,Dispensary,Minjibir,KN3005,8.508438078285167,12.187742351199518
1598e79c-0515-4111-95e4-7a56e5a1ff59,Agarandawa Health Post,,Dispensary,Minjibir,KN3009,8.50854239035607,12.140574770151375
782d0792-595f-4d78-98b8-da9600296140,Fuskar Arewa Health Post,,Dispensary,Dala,KN0703,8.510248173515038,12.006271418898564
69981195-d95d-43ba-8435-c215bf10b3f0,Nura Sarhamu Clinic,,Primary Health Center,Gwale,KN1809,8.511512000373727,11.993414000162545
0108eda6-59f5-4c52-9eba-43691c9e0abc,Ggss Dambatta West Clinic,,Educational Clinic,Dambatta,KN0803,8.511544000395475,12.434508999865841
025adb3c-3ec8-4c7a-a91e-f35a131bbd3c,Alfindiki Zumunta Community Health Clinic,,Primary Health Center,Kano Municipal,KN2108,8.511619160446571,11.99813625037109
28236288-9c77-49e1-9ea2-47dacc5e842c,Dambatta General Hospital,,General Hospital,Dambatta,KN0803,8.512981000371894,12.428402999717093
87891f89-0a91-4cd5-9963-b095a1d90f78,Dan Maliki Health Post,,Dispensary,Kumbotso,KN2504,8.513150803487235,11.92779807157956
cf8e5c8c-82b9-48ea-880c-bfdf1b35e6cd,Adakawa Health Post,,Dispensary,Dala,KN0701,8.513547999757122,12.007644999831825
36513bda-a8fa-4d13-9116-639b887855cc,Imamu Halliru Primary Health Center,,Primary Health Center,Gwale,KN1806,8.515401350016361,11.985224139597904
743731f8-eb0a-4ac8-8fcd-4cf907e015cb,Mayanka Primary Health Center,,Primary Health Center,Kano Municipal,KN2112,8.517358000345837,12.007007000398346
8ee9c2e5-2f69-4129-9805-4a4f17f244d9,Hasiya Bayero Pediatric Hospital,,Specialist Hospital,Kano Municipal,KN2110,8.518103237852188,11.988417860767868
7731a6a6-b651-4713-b188-6da4a7ca319a,Audu Bako Health Post,,Dispensary,Makoda,KN2901,8.520226000294485,12.339047000003916
67040b51-5e34-4dcb-9f73-534556503d6f,Khadijat Memorial Hospital,,Primary Health Center,Fagge,KN1205,8.520321000359047,12.021959999558192
e08a24f4-e241-45d0-a916-4a874e2c894d,Bagujen Health Post,,Dispensary,Ungogo,KN4205,8.521203999959027,12.101009000268277
a3129f6b-ec27-4d41-9ae2-d4dac39943ce,Jamaar Hazo Health Post,,Dispensary,Makoda,KN2904,8.521277000008638,12.546098999686023
d0e0f251-7522-4a76-b9ad-6d81ec2f6124,Chirin Health Post,,Dispensary,Bunkure,KN0604,8.52135300006023,11.63113600001168
46c22de8-759c-4da7-9eb3-687546733e2b,Christain Community Clinic Katsinawa,,Primary Health Center,Tudun Wada,KN4107,8.521938000457737,11.24550399999282
cb0818d5-c671-4c27-b757-23e1b54a8f78,Kurkujawa Health Post,,Dispensary,Tudun Wada,KN4105,8.522105840571783,11.186096718628391
7b6ed820-ac45-4a4b-87a9-9f94a408c006,Unguwar Gini Primary Health Center,,Primary Health Center,Kano Municipal,KN2105,8.523006000183386,11.986613999542271
15b86aca-ba72-459c-bf8e-f9e645e8b799,Jaoji Health Post,,Dispensary,Kumbotso,KN2505,8.525611237953513,11.958442979401354
ddc2d0c9-9987-4848-8a36-f15aa9d165ee,Infectious Disease Hospital,,Specialist Hospital,Fagge,KN1209,8.5277520004081,12.015143999927034
ad6470dc-9685-4338-b145-2ea97f3985d2,Matage Health Post,,Dispensary,Dawakin Kudu,KN0909,8.529118942336822,11.854812152989098
b2e43817-216f-4d9b-bd86-f1d912af9f1f,Satame Health Post,,Dispensary,Makoda,KN2909,8.530194767067826,12.29021761182662
cea39b86-ce43-4119-a39a-078c43c0a15e,Gada Health Post,,Dispensary,Dawakin Kudu,KN0909,8.530283841128323,11.847322630900294
135e4498-b661-410c-b650-5de2ce1851a5,349 Nigerian Airforce Base Hospital,,Military and Paramilitary Clinic,Fagge,KN1206,8.531603000024631,12.044996000210062
5cd200cc-9026-498f-b721-a5c639b077f5,Universal Clinic,,Primary Health Center,Fagge,KN1209,8.531940000253599,12.026585999701354
084f1396-b9ba-490e-8a95-36e7ecc43969,Greenland Clinic and Maternity,,Maternity Home,Fagge,KN1209,8.532328999517915,12.026612999719703
1a4c4c56-824b-4840-9427-319907b013b1,New H B Paediatric Hospital,,Specialist Hospital,Tarauni,KN3801,8.532913999915422,11.969962000228008
1f636318-80c8-42b2-bbd9-62977caf41f2,Gamadan Health Post,,Dispensary,Kura,KN2703,8.533640218408834,11.796689306497342
a008768a-ab32-4ac5-afa6-3e97e69fe078,Good Pasture Clinic,,Primary Health Center,Fagge,KN1209,8.534257999828583,12.026524999659898
497d0e5e-7523-4da5-a33e-cda163b47140,Assumpta Clinic,,Primary Health Center,Fagge,KN1209,8.535226000486318,12.031409999979019
ecb9b897-f008-41ec-bffe-49a5c73a003f,New Tyrones Clinic,,Primary Health Center,Fagge,KN1208,8.53550499967588,12.018296000068688
8b8b697f-1316-43cf-9f64-22ff4c07a754,Hausawa Primary Health Center,,Primary Health Center,Tarauni,KN3801,8.535550030706474,11.963131642587086
4063d318-db69-4f65-867f-0f6d71a4ba2e,Tamburawa Health Post,,Dispensary,Dawakin Kudu,KN0909,8.536781724543346,11.869520981983044
8aa324c2-2e9f-4b9a-83d2-901b504429c1,Tiga Clinic and Maternity,,Maternity Home,Fagge,KN1201,8.5371449997902,12.000159999746131
42d38750-8809-4e32-b9bf-cd47f3d2d383,Masallaci Health Post,,Dispensary,Dambatta,KN0801,8.537816000246096,12.473129000106326
bd9343e5-c9d6-41d2-967f-67dbee0e3f68,Ideal Hospital,,Primary Health Center,Fagge,KN1208,8.538372999624528,12.017607999601239
536bb198-405e-4a55-85c7-3f14fdeb5e56,Nakowa Clinics,,Primary Health Center,Fagge,KN1209,8.538446999674818,12.03001300002984
224f9aa2-0191-46fc-a6f8-cc1043cbd57c,Head of Service Clinic,,Federal Staff Clinic,Tarauni,KN3807,8.538544999741418,11.983941999726767
bcbb5ae2-c821-435f-95f3-9ab800e6ddf3,Zuru Falele Health Post,,Dispensary,Makoda,KN2901,8.538601999780155,12.346641000163686
2d2e41be-4a67-4727-a004-55c8bd37b794,Kazaurawa Health Post,,Dispensary,Rano,KN3208,8.538755999884756,11.393426000498891
4e518f53-9615-4bb6-8fb8-28b00983a72f,Modular Clinic and Maternity,,Maternity Home,Fagge,KN1208,8.539115000128675,12.018474000189599
1a10baa2-e1c4-4880-907f-e8137b147def,Dan Dagana Health Post,,Dispensary,Bunkure,KN0602,8.539140957146344,11.720886672993004
8821bc8b-f934-4008-9566-9c2a23cc0a3c,Alfa Clinic,,Primary Health Center,Fagge,KN1208,8.540572000118686,12.026312999515824
6b468465-6ee0-4c30-b71d-f492552bf56d,Union Diagonistic and Clinical Services Plc,,Primary Health Center,Tarauni,KN3804,8.541290999607213,11.977630000438012
533272d4-33a8-4a85-8131-d3f16be699dc,Jaoji Primary Health Center,,Primary Health Center,Tarauni,KN3804,8.541724999902044,11.97654799970286
dcd75f26-2251-4413-942b-0d73b6d957df,Gwarabjawa Health Post,,Dispensary,Dambatta,KN0807,8.541902218022472,12.447956814003021
be56f076-2d5d-4f16-8666-b454fbfe2dac,International Clinics and Hospital,,Primary Health Center,Fagge,KN1208,8.542350000326735,12.01026699961335
4cb703b1-e11d-4d79-9c67-7a24e1752952,Jirgabawa Health Post,,Dispensary,Minjibir,KN3005,8.543150173870401,12.200444798830233
de30c2e8-88e0-48f5-8d7d-1b84ad766e86,Asada Health Post,,Dispensary,Doguwa,KN1109,8.545582724523229,10.671175720763756
5e5024e5-fb17-4bf3-bba1-99b4d2be5d85,Danbawa Health Post,,Dispensary,Minjibir,KN3004,8.545761985645015,12.255991303571477
d1c094d1-1b1c-4778-a761-d9861c7e53b4,Fanyabo Health Post,,Dispensary,Doguwa,KN1104,8.546170999922936,11.114507999987211
888add02-f671-4125-bfd3-a70660fd1a3c,Classic Clinic,,Primary Health Center,Nassarawa,KN3104,8.54859599957058,12.000080999692443
ef3619f1-ca3f-46ea-a010-b22f416956da,Sanbell Clinic and Maternity,,Maternity Home,Nassarawa,KN3102,8.550843000097302,12.033161000168718
e3d33c04-9c49-43bf-86fd-8fa92b5e6aa8,Gurjiya Health Post,,Dispensary,Dawakin Kudu,KN0907,8.552826668445107,11.881595824187343
53c2d257-fbdb-4b78-b107-c8e0c314c5b6,Dangwauro Health Post,,Dispensary,Kumbotso,KN2512,8.553185999689276,11.909124999892128
be305ca2-0eaa-44f9-ace7-d49f46bca87f,Yama Health Post,,Dispensary,Rano,KN3207,8.553575999954262,11.44309685224789
54ce0210-aabf-4a7e-bc83-1add3690a6a2,Maikalwa Health Post,,Dispensary,Kumbotso,KN2510,8.553738102064415,11.930799636618985
4fd62c89-ec52-4813-88b0-e2dda337ada6,Bamaiyi Sai Allah Clinic,,Primary Health Center,Nassarawa,KN3102,8.554376000497825,12.028178999783734
5ce0e0c7-9728-4506-b1ad-5dac58b8df29,School of Health Technology School Clinic,,Educational Clinic,Nassarawa,KN3110,8.554531782603647,12.023479414590554
00875ca7-bc0f-4397-b9d2-930cde90f4d4,Dental Hospital,,Specialist Hospital,Tarauni,KN3802,8.555939522560152,11.959552479155207
3fbc5b4c-8309-49df-877c-5c8501d51013,Kulluwa Health Post,,Dispensary,Bunkure,KN0608,8.556459854913726,11.6336040966886
d2dfd465-498c-42fd-b168-3b041ce03638,Unique Care Hospital,,Primary Health Center,Nassarawa,KN3110,8.557189000409153,12.026168000417329
013a899a-3f5e-4953-9749-8647b2cd0f22,Diggol Health Post,,Dispensary,Dambatta,KN0806,8.558933999594785,12.524691000140251
1a59e571-9344-44be-8a94-659c23381a53,Al Ameen Hospital,,Primary Health Center,Tarauni,KN3806,8.56034299955212,11.97130400013981
f13fc1d0-3f1e-41fc-a34f-45d5d102feb2,Jigawa Satame Health Post,,Dispensary,Makoda,KN2909,8.560448999624157,12.316960999997491
8227ef36-7093-44d0-8432-b24e382f5124,Medicus Clinic and Diagonistic Center,,Primary Health Center,Nassarawa,KN3104,8.560477999643865,11.985341999677985
38d7b532-c7f6-4c61-a170-cba7a9f7bf59,Accord Surgery Hospital,,Primary Health Center,Nassarawa,KN3104,8.561650000440181,11.98008600010678
adc8438a-a50a-4e1f-bede-0c5524da5bb0,Park House Clinic,,Primary Health Center,Nassarawa,KN3104,8.562221999828807,11.983422000373423
e4280672-8f0a-40af-b8ca-f46c4055eb75,Kingsgate Hospital,,Primary Health Center,Tarauni,KN3806,8.56292300030509,11.964829999741028
3e2864f2-35be-452c-baac-28a50061409d,Farun Ruwa Health Post,,Dispensary,Tudun Wada,KN4107,8.56433800026656,11.219885999586609
daefea06-0646-4956-bf72-2fc59935a1fa,Shiddar Health Post,,Dispensary,Dambatta,KN0807,8.566959000047405,12.374915000374529
56b1017e-05d6-4cbd-96b0-f50a4220277e,Imperial Hospital,,Primary Health Center,Nassarawa,KN3107,8.567405000350448,11.976512999679073
251ad7c6-5ce6-43b3-b234-39fcfd360ebf,Empire Clinic,,Primary Health Center,Nassarawa,KN3104,8.56902500045112,11.996651000361908
216f8a16-89d7-4c88-8de7-f1fcb4d222a5,Yanlada Health Post,,Dispensary,Makoda,KN2909,8.570500364453551,12.27519524761965
4289e93a-daa3-409c-ae34-732c76abc285,Medicare Clinic,,Primary Health Center,Tarauni,KN3809,8.570565000497481,11.95398500037237
9f60ab8e-2f75-4691-af84-3b65e68ea439,Abdulwahab Hospital,,Primary Health Center,Nassarawa,KN3109,8.572010000479281,12.010649999873579
433eab5c-7381-402f-bf38-000f878cce7b,Maigamji Health Post,,Dispensary,Dambatta,KN0807,8.574281319022532,12.435427000489597
b4d66ded-c2a6-4189-8e49-2e9377ccf4d4,Unguwar Natsohuwa Health Post,,Dispensary,Doguwa,KN1109,8.575827000072763,10.686638000269625
07ae4afd-7c01-4fe5-84ed-82acf61def83,Jaafaru Health Clinic,,Primary Health Center,Nassarawa,KN3101,8.579724999721293,12.019563999930199
a2a44073-4a3c-497e-a11e-070b547fe271,Dausara Health Post,,Dispensary,Ungogo,KN4210,8.581335359815455,12.072947070201508
f101c4ee-1f76-4887-87f1-72135100c38a,School Clinic Rano,,Educational Clinic,Rano,KN3204,8.585592999708297,11.562865999625387
24469c5d-2ab4-4ff6-be92-983e0ee01a5c,Tsambaki Health Post,,Dispensary,Bunkure,KN0607,8.585789115841578,11.686677483749463
4d4a314b-ae13-48f0-917a-0b371cb9c3f3,Zuma Clinic,,Primary Health Center,Nassarawa,KN3109,8.586363000231472,12.014718999638262
a6f4740b-9cc0-4d3e-b29d-1911b4dc153e,Gwamma Health Post,,Dispensary,Bunkure,KN0607,8.588730999840436,11.700726000294765
37ee6e61-6650-4edb-9cfe-9a32fb09a71e,Garke Health Post,,Dispensary,Minjibir,KN3003,8.589048361056086,12.21143949130061
0f914510-59f9-43ee-8cec-31cc88533df9,Gada Biyu Health Post,,Dispensary,Doguwa,KN1104,8.589468000341185,11.087819999853934
a44c3f0a-5844-459f-aaf1-72c781fee111,Haye Health Post,,Dispensary,Nassarawa,KN3106,8.590027999721713,12.000794000176882
46008792-8b8c-407d-b67c-26a5b4c599a2,Bul Health Post,,Dispensary,Rano,KN3208,8.591320999600214,11.367727000037632
4f5197d5-9636-44be-a868-bc2ccc542b8a,Chasko Health Post,,Dispensary,Dambatta,KN0806,8.591405637657715,12.554052120089807
8dc48a38-e582-4e95-848c-510691595c57,Kantama Babba Health Post,,Dispensary,Minjibir,KN3003,8.59430618762849,12.18178781915367
a624103c-d363-4eb8-bb0c-db0bfdd22409,Balloda Health Post,,Dispensary,Dambatta,KN0807,8.594748057928769,12.404909927754659
506d42b5-97c8-4b70-9d47-910c45e71a51,Jaroji Health Post,,Dispensary,Bunkure,KN0602,8.595837753669116,11.719753801223305
1f4d4654-3742-4046-9a9a-41f8faaaeba0,Yan Hammar Health Post,,Dispensary,Kumbotso,KN2508,8.596251139950027,11.923510159666137
996d130b-e6b3-4ff9-844c-b7a2581c172b,Kwarkiya Health Post,,Dispensary,Minjibir,KN3006,8.596295999980498,12.247452999770076
e4c5e678-37c9-4bcb-944a-fbcc25dea403,Ladanai Health Post,,Dispensary,Nassarawa,KN3106,8.59641600006205,11.985903000059182
1b619330-7172-44ff-aeee-0651256254d3,Kunshama B Health Post,,Dispensary,Kura,KN2703,8.5967610872965,11.763024193623494
1dc8c029-dd17-4a33-9feb-d94dcc6a1f9d,Limawa Health Post,,Dispensary,Kumbotso,KN2512,8.596980420445504,11.899622063435288
4935b94c-c08b-44c7-82d2-ccee116818b4,Dawaki Nursing Home,,Primary Health Center,Dawakin Kudu,KN0903,8.598307000346892,11.842822999843008
770573e6-4457-428d-b097-80de9307e212,Sauna Kawaji Primary Health Center,,Primary Health Center,Nassarawa,KN3109,8.59898062280456,12.020964545881839
539c6f5e-9cd5-49ce-9661-41501f057514,Alsiyam Medical Enterprises,,Primary Health Center,Nassarawa,KN3109,8.60056799988314,12.01168799957884
46c9b941-6154-4adb-92c6-7102d87d07c6,Kunshama A Health Post,,Dispensary,Kura,KN2703,8.602387000119052,11.754749000000857
09f24b0d-2e35-4dfd-a3d5-6930350e7b9e,Tokarawa Primary Health Center,,Primary Health Center,Nassarawa,KN3109,8.605925999523606,12.007920000018657
6abc951d-8c19-4e18-9c9c-56b48b5bfaeb,Dalal Mahuta Health Center,,Primary Health Center,Dambatta,KN0809,8.606801638118611,12.321368677992325
c31ef7b1-f301-40c4-afe3-621b02bfeb0b,Shauni Health Post,,Dispensary,Ungogo,KN4206,8.609289825809185,12.047705160050839
01a4da44-4bbf-428b-9b04-86db61b74196,Jalabi Health Post,,Dispensary,Bunkure,KN0608,8.610122087374691,11.64648709844198
59513d7a-576b-412b-97fa-0fa5c700712b,Kainuwa Nursing Private Clinic Yantama,,Primary Health Center,Doguwa,KN1103,8.613548999703085,10.744875999839621
d3b2dcb2-4255-4c82-902b-2fb5a931cacd,Bawuri Health Post,,Dispensary,Minjibir,KN3006,8.61531263990139,12.237869470258545
39a3ca2a-7ccf-4079-9444-ce7a24850601,Yankatsari Health Post,,Dispensary,Dawakin Kudu,KN0913,8.616618304788574,11.909247789975552
b782f7fe-8166-462d-8eff-11dc6c34fcde,Dukawa Health Post,,Dispensary,Dambatta,KN0806,8.616960275020915,12.584913271058497
3a01308b-c958-4b01-af3d-f6edb5e7e745,Dokar Sati Health Post,,Dispensary,Doguwa,KN1109,8.619294658607032,10.729017427064491
145efb8d-b398-469c-a0a0-f3bad5390701,Dukar Goma Health Post,,Dispensary,Doguwa,KN1110,8.624451203110652,10.760061832157703
8addcb87-f190-4f94-865c-2cba9a3623e8,Gunduwawa Health Post,,Dispensary,Gezawa,KN1701,8.628571999910548,12.016540999876213
37061f9d-f4eb-4237-9562-864e23837d4c,Marken Mahuta Health Post,,Dispensary,Dambatta,KN0809,8.628803000067478,12.388673999723096
3e64980c-91f1-45a8-989b-2aec9af3a08d,Sansan Model Primary Health Center,,Primary Health Center,Dambatta,KN0810,8.630003856883377,12.452438552048136
3fba42d9-b000-47b8-9f25-9cf793a0e9fb,Mekwandira Health Post,,Dispensary,Doguwa,KN1108,8.63014084097648,10.808874245323409
9854cedd-f4b4-49fa-a9cd-18abed3fbffc,Saidawa Health Post,,Dispensary,Dambatta,KN0809,8.63102108457457,12.27436984405881
ae37e2b3-aba7-415e-9f3e-07786b8713bf,Yadakunya Leprosy Center,,Specialist Hospital,Ungogo,KN4210,8.631619999981524,12.08391399965302
5ce549b4-52a7-4168-b679-2da29a244457,Shike Health Post,,Dispensary,Kibiya,KN2305,8.632646970679275,11.511452393692252
7d260b0a-b963-47bd-a92e-2ad655979a29,Baushe Health Post,,Dispensary,Dambatta,KN0807,8.632811999791386,12.517333000140866
f64d3328-60a6-4573-ac33-42551d840b13,Gazobi Health Post,,Dispensary,Tudun Wada,KN4103,8.639850217573553,11.348238687796197
2e10ac85-9763-4df6-a405-e6ce1069d19a,Juma Galadima Health Post,,Dispensary,Warawa,KN4308,8.642717999522063,11.950167999778898
fe1a5e51-7ae2-4b05-9e73-1e4629f6582f,Baita Health Post,,Dispensary,Gezawa,KN1706,8.649587725189747,12.132752415836421
b77592c3-5415-4113-b7af-1df8fda58cf4,Kalambu Health Post,,Dispensary,Kibiya,KN2303,8.650152593573523,11.396591349649611
71f47517-f39e-42c7-ac6e-ba04af465688,Dungurmi Health Post,,Dispensary,Dambatta,KN0810,8.651018667161964,12.41030350841936
f30d2438-dd04-4426-8f7a-9a0872306930,Barkum Health Post,,Dispensary,Bunkure,KN0601,8.651474000471353,11.643102000141994
146bec38-57b9-419c-be45-e5f0b41ef54b,Yammawa Wanzari Health Post,,Dispensary,Dambatta,KN0805,8.654663999638785,12.511470000157203
28b1a1f6-8e25-488b-bbcc-0d7e60f1c3bd,Dan Madanho Health Post,,Dispensary,Gezawa,KN1711,8.654898724798272,12.089746962616232
c6568f77-cbd5-4aef-a7b1-7da0b7bdff64,Kwasangwami Health Post,,Dispensary,Gezawa,KN1708,8.661591478345713,12.03309170212168
e4cddc6d-c92b-4edc-91ae-2674fd24f3c2,Tunkunawa Health Post,,Dispensary,Minjibir,KN3010,8.662968055280999,12.217097300144815
85686ee4-cfb4-4e45-8dee-f7a09e2e7f6e,Yargaya Health Post,,Dispensary,Dawakin Kudu,KN0914,8.663032102324564,11.898842439905593
47e7aa38-69b5-4726-bf64-120b1d514d32,Katsarduwa Health Post,,Dispensary,Dambatta,KN0804,8.665467019978962,12.332593079618789
b4333c9f-f885-41f4-a996-73b337366f12,Danzaki Health Post,,Dispensary,Gezawa,KN1704,8.673354000337781,12.026000000303156
7bddd366-b092-42f8-962f-93997fc228a5,Dosan Health Post,,Dispensary,Dawakin Kudu,KN0905,8.674129115864446,11.7750725558098
9e923016-9d34-40c1-ad78-7154fc04f28d,Kwasauri Health Post,,Dispensary,Dambatta,KN0810,8.677443000116057,12.43111799956182
33493336-664c-4d6e-9fd5-e398f9d22e69,Zogarawa Health Post,,Dispensary,Dawakin Kudu,KN0915,8.681853087112529,11.878984920413359
2ea8be84-d094-4918-8bf4-511c98bfeab6,Kwando Health Post,,Dispensary,Doguwa,KN1106,8.68269605868528,10.708115626862707
10524579-1dc1-47f6-af77-5a6da7919cb5,Danfari Health Post,,Dispensary,Warawa,KN4312,8.68318530001767,11.983780309616861
b52c26fd-974a-4a75-94e2-f2a6debc1b09,Daba Basic Health Center,,Primary Health Center,Dawakin Kudu,KN0901,8.684865928159581,11.71722127250257
d9ec675f-ad7f-4f15-8a1d-841ec046f82f,Zango Health Post,,Dispensary,Gezawa,KN1711,8.6852540004233,12.09343100011938
c4b4f56f-8bef-4a49-b2a7-2def355012c3,Dariya Health Post,,Dispensary,Tudun Wada,KN4103,8.685312000462659,11.322799999511801
9445488b-5e6e-44c0-8e50-61010925e180,Laraba Takuya Health Post,,Dispensary,Dambatta,KN0808,8.68692899956136,12.367359000240583
c033ea48-0fac-465b-a5b8-a733946a909c,Goran Maje Basic Health Center,,Primary Health Center,Dambatta,KN0805,8.687293999809356,12.533919000410265
13e10455-db04-44b0-992f-b4d3dd3d929b,Karasa Health Post,,Dispensary,Doguwa,KN1110,8.688375840544438,10.816341409397012
f0960fd5-84fe-47e0-bf6f-9011f374f1f2,Abdakaya Health Post,,Dispensary,Minjibir,KN3011,8.695514681394911,12.174091606924492
b69b0f03-e9e3-4256-9580-10b5f8987956,Kunkurawa Health Post,,Dispensary,Dawakin Kudu,KN0906,8.696324999945489,11.817364999545532
91f10da1-d01b-4915-98fa-3d59e0f54fe8,Jogana Health Post,,Dispensary,Gezawa,KN1704,8.698631999512997,12.026284000496162
181166e3-ea42-4541-a71c-a8e249e62f92,Daradau Health Post,,Dispensary,Gezawa,KN1711,8.701261377299545,12.052783109501036
47d2cec1-8c9c-4c7d-90b9-f8c278bc1439,Dundu Health Post,,Dispensary,Bunkure,KN0610,8.712207188736727,11.666221904850886
2d9fffea-860c-403b-8efb-a50a5991bbaf,Tsalle Health Post,,Dispensary,Gezawa,KN1711,8.714984999624107,12.080634000424425
68158875-6857-4e81-a83a-fe7ee249dc97,Tarunu Health Post,,Dispensary,Kibiya,KN2302,8.716581999709206,11.521217000326828
a47d598d-8107-408a-8581-ca8d8582744d,Yalwan Danmusa Health Post,,Dispensary,Doguwa,KN1105,8.716730999810409,10.577043999805653
cbee2977-23e2-4f47-ab91-9ec90841f62c,Fancha Health Post,,Dispensary,Kibiya,KN2309,8.716888999917785,11.451798000159897
d7b8c7b4-988f-4bf9-bd52-0a95dca43e1f,Torankawa Health Post,,Dispensary,Bunkure,KN0610,8.719419049636826,11.65877996979441
70667269-0b5a-4a00-88d7-55185d83ee7e,Fammar Health Post,,Dispensary,Kibiya,KN2302,8.720578000424268,11.547359000089102
6381c773-1d1e-4a59-a9be-626e1f122127,Fanchan Health Post,,Dispensary,Dawakin Kudu,KN0905,8.721780305241168,11.77968815394587
da226041-2dda-47e7-b293-90cc66e947d3,Dususu Health Post,,Dispensary,Bunkure,KN0609,8.725123999513073,11.724079000162078
dfd13aae-a29d-4f5f-b3b5-3cb1107c6b8e,Yalwa Primary Health Center,,Primary Health Center,Doguwa,KN1110,8.72802000048074,10.808526000086829
d878fb2d-9fd4-4ddf-b683-2d9c6043bff5,Ganakakun Health Post,,Dispensary,Warawa,KN4310,8.728155535572853,11.939241257354695
7ca9e186-209b-4fda-ac0f-392637f71e89,Tona Health Post,,Dispensary,Dambatta,KN0804,8.729177000266873,12.314806999533971
9cc33f4a-be0a-4cdf-a4dc-f28206afee69,Yafata Health Post,,Dispensary,Gezawa,KN1702,8.734790000080636,11.985134999537308
01fe4796-01c1-4cfe-87a7-288f4599765d,Ruwantsa Health Post,,Dispensary,Dambatta,KN0808,8.738691245731388,12.408002935856246
5c3692c6-8c7b-46e3-acab-a5c6e8a0b836,Shana Health Post,,Dispensary,Gabasawa,KN1307,8.74150899964593,12.262237999815795
28395c5c-3539-4097-9624-d94151918ba1,Mesar Burmi Health Post,,Dispensary,Gezawa,KN1706,8.741824999860626,12.145325000378932
9f6effbf-7a02-4251-b9b2-3dc18e04820f,Dumari Health Post,,Dispensary,Bunkure,KN0610,8.745520120371282,11.667221949530358
047f8c6b-1418-4114-92eb-12a1f6430fdc,Jarnawa Health Post,,Dispensary,Bunkure,KN0610,8.746771000221202,11.641966000370132
50a9fa1c-47e9-4de2-b7d6-22f2101e6391,Ketawa Health Post,,Dispensary,Gezawa,KN1705,8.750791999953265,12.0683940001079
13a51cb4-36d0-4b25-bd90-e511c54b7f82,Gezawa Health Post,,Dispensary,Gezawa,KN1703,8.751073000144174,12.100510999929895
1e51d6ce-14bc-4123-82db-56b39edd3540,Sanda Health Post,,Dispensary,Bunkure,KN0610,8.75295740642457,11.681524430248203
ab66803b-fda2-4bc7-8541-9c6216a8e16c,Kuluki Health Post,,Dispensary,Kibiya,KN2304,8.753047072485458,11.575156893976498
72c79ed8-2ff2-4221-9b4f-217b105904b0,Yaranchi Health Post,,Dispensary,Gabasawa,KN1308,8.754405000408156,12.166053000462625
4cb0eee2-2e58-4f0d-a68c-8907002779ae,Bethel Nursing and Maternity,,Maternity Home,Gezawa,KN1703,8.754656999579367,12.096271000049
2a763d2a-ef31-41ed-b990-a7b17ca403fd,Maganda Health Post,,Dispensary,Doguwa,KN1107,8.75920222566765,10.64045487289036
cd699cb5-d468-429b-b460-18d7a89c010a,Kamagata Health Post,,Dispensary,Dawakin Kudu,KN0905,8.763639535682557,11.772296326923481
a82bfdb5-8d74-4661-85c9-ae832a8312a5,Musku Health Post,,Dispensary,Gezawa,KN1709,8.764332000153047,11.99158599992046
c973186c-28ee-44e1-85b1-950c420994c8,Danlassan Primary Health Clinic,,Primary Health Center,Warawa,KN4302,8.766418114570456,11.87097688797229
6c921b06-5d61-4fd6-8755-75e2c6fa08fc,Makadi Health Post,,Dispensary,Garko,KN1408,8.766878999883602,11.72304200045744
ffb5cadf-bc4c-442f-b57e-eb56c3d65c72,Katai Faudan Health Post,,Dispensary,Wudil,KN4405,8.76746200027975,11.750527000132251
e6fd0f52-b552-4381-ab09-66538f611973,Tukuda Health Post,,Dispensary,Tudun Wada,KN4101,8.768504092987826,11.215559607647037
c91ad009-044c-4a77-bf17-203d766a4562,Dumma Health Post,,Dispensary,Dambatta,KN0808,8.771437767981126,12.379131788239647
4ffb7de3-8f15-4007-8f19-0424eba3f729,Fala Health Post,,Dispensary,Tudun Wada,KN4102,8.77178700021841,11.407798000263995
3d184def-c675-43d5-b7b5-0cbc356e88cf,Guruma Health Post,,Dispensary,Gabasawa,KN1308,8.779832999685254,12.114363000341712
0d3fa683-5b44-4272-8fae-3f87b9e884a5,Yumbu Health Post,,Dispensary,Gabasawa,KN1309,8.781375418733262,12.236887809591565
a0b83231-3f77-42cb-af93-46b17b9589fb,Alitini Health Post,,Dispensary,Warawa,KN4315,8.783268189019338,11.957329941645128
1a828516-ef15-4554-9893-920c675c4b1d,Kwadage Health Post,,Dispensary,Gabasawa,KN1308,8.783467000154417,12.142384000380616
0ced81ee-1013-4f1e-bbb7-38116905ba3d,Juma Health Post,,Dispensary,Wudil,KN4402,8.790835000160598,11.765098000032538
62621291-774f-4e85-87fe-96c5f7356871,Yuu Health Post,,Dispensary,Sumaila,KN3610,8.793049255665096,11.249925039996697
822c90a3-0a8e-47f8-a46b-1a7a07ea9631,Danbazau Yamma Health Post,,Dispensary,Sumaila,KN3602,8.793621493053877,11.335997899479196
3185155a-4062-49e9-a37a-0fc9bf6c1b11,Yarzabaina Health Post,,Dispensary,Gabasawa,KN1308,8.798421000314931,12.154952999920681
a1e02858-0b6b-4f6a-91a4-f5cd49f8f414,Ahip Family Health Center,,Primary Health Center,Garko,KN1403,8.802038999773174,11.644218999900943
823084c7-0c6f-42c6-8faf-a886f95c57c6,Fangan Health Post,,Dispensary,Gabasawa,KN1302,8.804985999775568,12.193254999945111
08a54e6a-ce59-458c-9bfd-5c0d475c1b8c,Massu Basic Health Center,,Primary Health Center,Sumaila,KN3607,8.805916261407617,11.201952707401801
44109aa6-007f-48d0-ba94-cdbb311753b1,Garwaji Health Post,,Dispensary,Garko,KN1408,8.808833000389427,11.569015999804037
34be18f7-af3c-4328-81bd-b75168a4d3ea,Doga Health Post,,Dispensary,Gabasawa,KN1302,8.809615999921391,12.22310800022882
d9c625fd-8d49-43cd-b492-26588817b5fb,Zakarawa Health Post,,Dispensary,Garko,KN1410,8.813286000415019,11.553825000482448
5f9e79ce-43ca-497a-bca1-ed7ba8f5f861,Kwas Health Post,,Dispensary,Garko,KN1407,8.822362999582424,11.500482000238378
d21cf45e-3af5-4362-b126-a4e78defc4da,Dagumawa Health Clinic,,Primary Health Center,Wudil,KN4402,8.824704000172972,11.757954000178529
b39eb2db-23da-4a79-ad3b-a9b79729be3a,Gambawa Health Post,,Dispensary,Gabasawa,KN1302,8.826240484216953,12.244972374084625
ca07f65a-8925-4726-87bb-ecc86a6c7405,Lamire Health Post,,Dispensary,Garko,KN1405,8.829531000452732,11.710019999609642
a3e282ed-ce8d-489a-9d56-1c06b5f00bff,Wambanto Health Post,,Dispensary,Warawa,KN4307,8.832625999555603,11.856739000298262
a1dae0eb-d1c7-4a9c-9803-ff22b528f392,Katarkawa Health Post,,Dispensary,Warawa,KN4309,8.83294397077168,11.968165128007115
c6c5b8ca-1b14-48ca-882f-e08f3c727a72,Amana Hospital,,Primary Health Center,Wudil,KN4408,8.838284000399995,11.795405999625416
3d4c95ff-fd95-4a80-b1b0-de9f3979ba6b,Yan Lahadi Health Post,,Dispensary,Wudil,KN4402,8.840747971074109,11.741992991333746
dd2bdb8c-f008-4352-842e-381f29e76692,Tsibiri Health Post,,Dispensary,Wudil,KN4406,8.840946000208703,11.822196999828634
7c0f615f-466d-470e-bce2-e001fd880e5e,Kofar Fada Health Post,,Dispensary,Wudil,KN4410,8.843134420695606,11.809459936174392
b93267ef-a5a0-401d-b93f-791165536c29,Jigawa Health Post,,Dispensary,Warawa,KN4314,8.85460400048862,11.893862999522298
932ab914-b1eb-42c5-997c-9a5ee451a41d,Gindabe Health Post,,Dispensary,Wudil,KN4403,8.855573000147047,11.74357100040595
5d6c3962-47a3-42cd-ac19-e138843e8192,Barewa Clinic,,Primary Health Center,Kano Municipal,KN2103,8.535115000410883,11.984522000120819
3cf7f30e-c5f8-46e9-841b-4b8e539d7d63,Zugaci Model Primary Health Center,,Primary Health Center,Gabasawa,KN1311,8.85652899979658,12.064329000345936
6e21bd94-70cc-49f1-b05e-989d6a4f0f32,Gajiki Health Post,,Dispensary,Sumaila,KN3607,8.85666236388721,11.242128245699178
86daace2-5bce-48fb-8f2e-a7131a1e7715,Dagora Health Post,,Dispensary,Sumaila,KN3607,8.858756000309711,11.279583000147909
f4799a80-bf0a-4fd4-8d35-8e09f17f91a5,Gumawa Health Post,,Dispensary,Gabasawa,KN1304,8.862187999641606,12.138907000018207
97cd098a-80ca-47f2-9be1-006c0d661d86,Wasarde Health Post,,Dispensary,Gabasawa,KN1303,8.865333999779182,12.036684999563136
92b963da-b47a-4cbe-8436-298e62045dc5,Gachi Kedi Health Post,,Dispensary,Wudil,KN4406,8.868828449153511,11.802295305306359
54514014-0da1-44b8-bbdd-ee99123dbab3,Hayin Gada Health Post,,Dispensary,Sumaila,KN3609,8.874346999903082,11.501991000263672
1d841f82-9f7c-45e6-ae74-adb27a693f78,Mekiya Health Post,,Dispensary,Gabasawa,KN1305,8.875675999806106,12.233953999598157
ebf651d6-4311-47ee-a1bd-a1c16983487b,Fadi Sonka Health Post,,Dispensary,Wudil,KN4406,8.875928999977987,11.784824000435435
c6d7c5f7-3a26-4d72-b343-a1bbcd7da119,Joda Health Post,,Dispensary,Gabasawa,KN1303,8.876140000121325,11.99960800037104
9e8ee632-3214-40c2-bb2f-cb4d2957b9cd,Santsi Health Post,,Dispensary,Gabasawa,KN1303,8.878549635758588,12.049578947323994
19975530-4772-447e-a9ca-3580e5452f81,Taka Kwadi Health Post,,Dispensary,Wudil,KN4409,8.8837061702622,11.69403493974852
cc02b133-d90d-4ef0-8e3b-1308816cca37,Kumbo Health Post,,Dispensary,Gabasawa,KN1305,8.884344999696282,12.204273000431328
d6738a73-eb9d-424d-a7b7-4bd123b1f2ad,Maida Health Post,,Dispensary,Garko,KN1404,8.885150550243566,11.639115065433032
0270a79b-2be5-49ea-a0e6-23b67389b44a,Dadin Duniya Health Post,,Dispensary,Gabasawa,KN1301,8.888799724723015,12.164904642682359
8b79e157-dd25-43a2-803d-3ffe5ca54db8,Makera Dispensary,,Dispensary,Wudil,KN4407,8.89328899977329,11.901567999757503
1ceb03fa-c75e-4c27-adcb-2f7a936ed17c,Chikawa Health Post,,Dispensary,Gabasawa,KN1301,8.893415999859599,12.13592099998931
e4c52d87-5432-49c1-8c1e-33c4b9f399d5,Beta Health Post,,Dispensary,Sumaila,KN3606,8.901394000280277,11.275101000102609
ae11e321-7ab8-4df3-ac95-20d7b45ddd3b,Bagagare Health Post,,Dispensary,Sumaila,KN3602,8.90141850729691,11.411982713107307
76c6c57d-b251-4cc4-84b5-73d7f3ff2159,Rumo Health Post,,Dispensary,Sumaila,KN3609,8.866918144855504,11.461590706813581
f374c0ac-4608-46e5-85cd-235a950f9d71,Agundawa Health Post,,Dispensary,Gaya,KN1606,8.906696999883366,11.766645000083656
55c8df85-ac18-4eaf-a4a2-f2dcf5e68750,Dabi Health Post,,Dispensary,Ajingi,KN0104,8.909310897659395,11.934446397096792
fd21bba5-b80d-41f6-898f-b53da125eb48,Yan Soro Health Post,,Dispensary,Gaya,KN1606,8.914131926935056,11.737963934596223
6bfb2ca6-108c-4ce0-ab2e-7ad25c7dd1a9,Jigaware Health Post,,Dispensary,Wudil,KN4404,8.915521724879397,11.644180695874923
d59a6e6a-b85d-4dae-b33a-36aea15a64fe,Fulatan Health Post,,Dispensary,Ajingi,KN0102,8.916902999817864,11.966057999575412
05955724-8ebb-406f-afdc-705ea49f91f3,Burburwa Health Post,,Dispensary,Albasu,KN0209,8.93258100047035,11.723772999954122
3d2365de-e7fe-4250-ae55-98f83448f31c,Kofar Arewa Dispensary,,Dispensary,Gaya,KN1606,8.934422999721903,11.775380000018686
851e6dc8-14e5-4ef0-9981-6e33da2d3ce6,Marita Health Post,,Dispensary,Ajingi,KN0104,8.936714305278713,11.94360557532002
2df52237-f8d4-4459-8a66-507307d924e4,Kula Health Post,,Dispensary,Sumaila,KN3604,8.942028419889425,11.39508466362588
5be16ab8-dce8-43f2-9d83-87ab752e1d0f,Tsebarawa Health Post,,Dispensary,Ajingi,KN0102,8.945303000114336,12.023942999905557
2e96c8c6-d788-4dff-ba7c-9931fd08fb4c,Jisai Health Post,,Dispensary,Sumaila,KN3609,8.946610000002408,11.473651000007976
5cc81504-84d2-4fa3-a54b-6c0e81108a4a,Gwagi Health Post,,Dispensary,Albasu,KN0206,8.946801480132478,11.63593257327068
f0540989-4504-4006-b5f9-ed7c4efdfcb1,Gala Primary Health Clinic,,Primary Health Center,Sumaila,KN3601,8.948657000393212,11.455154000440132
f760ca52-d135-4152-8a89-83351ef1ff84,Bakin Lahadi Health Post,,Dispensary,Sumaila,KN3604,8.948915999569238,11.358402999702378
643ca1e8-2f1b-4ce2-a7ba-4ae3b1cd880a,Zangon Gulya Health Post,,Dispensary,Ajingi,KN0107,8.952770000187854,12.04368300031797
d1f959f6-686a-47c8-9137-e0572e986bbc,Kera Health Post,,Dispensary,Gaya,KN1606,8.95371999983331,11.742300999543033
d0e9e228-3ca5-46c1-aa1b-5f85aad2893c,Gwagwarandan Health Post,,Dispensary,Albasu,KN0206,8.95643099967532,11.646226000264619
fcf5fb67-d6c7-45cb-b903-a05479343c16,Patricia Health Post,,Dispensary,Sumaila,KN3611,8.957589000462121,11.524381412476941
1aab6359-a6e3-48ff-9709-9a2801038b08,Dando Health Post,,Dispensary,Sumaila,KN3604,8.960823999660136,11.336039999507761
0208472c-1e64-4948-a050-f19828e1b458,Yaura Health Post,,Dispensary,Albasu,KN0208,8.968598005942226,11.610300678855026
31a84b1d-c5db-4d93-985c-1edce98c68a4,Kargo Health Post,,Dispensary,Sumaila,KN3611,8.974686116078772,11.49594884815832
f0944f55-75f8-47ee-a793-deded367df15,Jibawa Health Post,,Dispensary,Gaya,KN1601,8.978687999797899,11.782416999799977
89af1b5c-8d18-4e0d-9884-47e7c0caf74f,Sittika Health Post,,Dispensary,Albasu,KN0208,8.982148878149417,11.573862730097176
5f8dc592-b15c-4c5e-b3d7-edd5bbbe1bf7,Baji Health Post,,Dispensary,Sumaila,KN3601,8.99336799977226,11.442253999675188
611dc1b7-5479-43d0-b2df-08727a70b3cc,Haruna Nasiha Hospital,,Primary Health Center,Gaya,KN1604,8.996296999762365,11.868939999588292
97ece6cc-79f8-4452-86a1-e0e71e9851c4,Alfindi Health Post,,Dispensary,Sumaila,KN3603,8.998753000431122,11.523760000054722
7aab893b-5adf-4c3e-8b11-5854f0eccb9d,Gachi Health Post,,Dispensary,Gaya,KN1604,9.00093115991109,11.917098730309874
3698206c-9012-4447-a218-0c503ff2a74e,Gurduba Health Post,,Dispensary,Ajingi,KN0107,9.001376000213327,12.021819000462415
1ebdec5a-6cb5-42ae-a07c-cdc7bea1f137,Gagarawa Health Post,,Dispensary,Ajingi,KN0110,9.00339699958647,12.050204999749326
2ef7af18-c605-4c4f-9148-328f5d0891b9,Nafisatu Health Clinic,,Primary Health Center,Gaya,KN1605,9.004727000490163,11.857780000005619
017db30c-165d-4bf4-8cc2-0557bf2bc122,Sansani Health Post,,Dispensary,Sumaila,KN3606,9.005449593981155,11.251132721817271
1542c1a7-5bfc-4acf-8ee3-ecdad56a7f59,Mangari Health Post,,Dispensary,Albasu,KN0202,9.009306740601914,11.644701947229066
58162b17-d136-4bb2-9488-2a28b42f6de9,Sakalawa Health Post,,Dispensary,Ajingi,KN0101,9.010322609292132,11.982865523995315
c24deea5-c76a-4f6f-8565-e10dde0cfee5,Kalahaddi Health Post,,Dispensary,Albasu,KN0209,9.01125487792558,11.717578174745029
8df6c387-dddf-4e61-9bb4-bf97428c988d,Bingi Health Post,,Dispensary,Sumaila,KN3601,9.012898738042452,11.476668649058354
809e2197-4ce2-4d1e-b773-3be9cc4280ef,Kazurawa Health Post,,Dispensary,Gaya,KN1607,9.017153999933726,11.771892999649424
82d43a1e-a81f-4795-b04a-0a78260a7272,Bangashe Health Post,,Dispensary,Gaya,KN1604,9.01766695328223,11.895296680496415
6d6dcbaf-b279-4df5-a5e7-9d48141c9f5e,Dakumbal Health Post,,Dispensary,Sumaila,KN3608,9.022977564890596,11.360266697968711
0d609ae0-62ad-48cd-8fce-c094840d991c,Kullumi Health Post,,Dispensary,Ajingi,KN0107,9.03043199995551,12.031519000053095
c828e289-c4b6-4b37-96c0-37a6d1611797,Bango Health Post,,Dispensary,Sumaila,KN3605,9.033515000050272,11.444325000082358
dfc1c8e4-8c1e-4ee2-b3f5-3fad9b8adeec,Dundun Health Post,,Dispensary,Ajingi,KN0105,9.034592870782603,11.932757040948957
475e76ce-5865-42f9-bbed-d1e6b163d2f6,Baleke Health Post,,Dispensary,Albasu,KN0202,9.050274000437241,11.653382000126783
90cbc570-6874-4b24-a32e-24ca6e03d9eb,Umbara Health Post,,Dispensary,Albasu,KN0205,9.058043676716352,11.557646296078872
d4a2d143-5d1f-4b96-b6eb-afe91baf020a,Hamdullahi Health Post,,Dispensary,Albasu,KN0205,9.059195623499022,11.632136936691722
1bc59454-e908-4d1c-97f6-9843524e1f6b,Yaka Duna Health Post,,Dispensary,Sumaila,KN3606,9.060215000191647,11.299316999556254
457785db-07e6-4326-bd69-f610a421f61c,Kawuri Health Post,,Dispensary,Gaya,KN1604,9.064211359907006,11.898731889830458
b8b4b406-ffff-4e61-96f1-2d8179f04a03,Bunnabus Health Post,,Dispensary,Sumaila,KN3605,9.074296999759724,11.371573999651446
66fc822a-5282-4a9b-ae82-a34ec4d6016a,Rubun Health Post,,Dispensary,Albasu,KN0205,9.087802948936371,11.626852736101398
b09556e4-cc12-43b7-b7c4-1a9356e6013e,Hatsai Health Post,,Dispensary,Takai,KN3704,9.092554000164512,11.391560000231038
3c4e15d0-5dcb-4558-a193-08c0cc824303,Jiyayya Health Post,,Dispensary,Ajingi,KN0106,9.094348000383434,11.981396999997514
0e253757-c4cb-4a21-b4f4-659c88baaf76,Kyansha Health Post,,Dispensary,Takai,KN3703,9.106503999642882,11.487455000387172
7bd03c5c-d07c-4814-b91a-ebf9a09bfda5,Chamarana Health Post,,Dispensary,Albasu,KN0204,9.106718999788939,11.631162000029292
c30a96a7-03b3-4fd8-8a2c-0c1ea1cea5b5,Ali Alkali Nursing and Maternity Home,,Maternity Home,Takai,KN3709,9.107916999602935,11.563318999933188
a5aaea78-0b3f-48a2-ad52-cdead9a9e3e3,Fanidau Health Post,,Dispensary,Gaya,KN1608,9.115835999983517,11.803341000016871
7faebcbf-793d-4164-8d46-1bd5e582641a,Gamawa Health Post,,Dispensary,Takai,KN3708,9.117935695410154,11.541593279171593
c4550091-657c-40de-9430-838a87cf283d,Kiroro Health Post,,Dispensary,Ajingi,KN0108,9.118134999545589,11.961620999560694
d62a1be6-5b53-4806-a992-351e37e4c207,Kayarda Health Post,,Dispensary,Takai,KN3701,9.12116899960705,11.375376000234724
29c86ec3-ac3f-4d63-aa0f-bc509b8c7a1b,Birnin Bako Health Post,,Dispensary,Takai,KN3701,9.128794227788035,11.341054185914686
f25281f1-d30d-49fa-8a79-0405ccfaee36,Maimakawa Health Post,,Dispensary,Gaya,KN1608,9.131512999635277,11.796432000322511
4863165e-a0fd-4ff2-a20e-5c764777e944,Gafasa Health Post,,Dispensary,Ajingi,KN0106,9.133027999664648,11.984654000210526
64119ce9-5aa6-4951-9611-060929223618,Shawu Health Post,,Dispensary,Takai,KN3707,9.136972174344521,11.437088016165148
fe79e114-0198-4cf8-b14f-9159963ab059,Kafin Jirgi Health Post,,Dispensary,Gaya,KN1608,9.140663680852754,11.74492588732653
494af303-5941-4a33-ac3c-4d11ab958e43,Zuga Health Post,,Dispensary,Takai,KN3710,9.14349699977788,11.512737999565786
d6716e4c-afc4-4979-a397-25f7ed696496,Ggss Albasu Clinic,,Educational Clinic,Albasu,KN0201,9.151366000124483,11.674906999752011
01651eb1-e67c-435d-9e64-b3d7a7a42502,Garandiya Health Post,,Dispensary,Takai,KN3709,9.15383150879967,11.634372356210577
ab8d3c16-33a8-45ed-a451-d2a32c92bfab,Salmande Health Post,,Dispensary,Takai,KN3704,9.161796962211838,11.481024731018124
ce54c137-3843-44db-a0f1-e1f5cf6c2a9b,Yawurma Health Post,,Dispensary,Albasu,KN0210,9.168330999651403,11.648120999552134
e823f8ae-2280-4b7b-a149-d1689512534d,Jigar Health Post,,Dispensary,Albasu,KN0201,9.169357000348498,11.664246999509032
c9afacf4-0415-4726-8124-8c333bc5e35b,Diribo Health Post,,Dispensary,Takai,KN3707,9.180611249995252,11.470030076547744
1ba48be8-d211-4a2d-9f37-40d5f0ab879b,Dan Malam Health Post,,Dispensary,Ajingi,KN0106,9.190083579431246,11.93937248444388
55651117-2830-400f-bebc-0b859f151a12,Biyamusu Health Post,,Dispensary,Ajingi,KN0109,9.191755405567164,12.080385187255388
df08814d-1f59-4172-8e44-dd696f82e8a0,Shukutu Health Post,,Dispensary,Takai,KN3701,9.201764507367898,11.371897484871283
ad094ae3-706e-42f1-a229-35b983e9c5fe,Kawoni Health Post,,Dispensary,Ajingi,KN0109,9.206016000256568,11.996632000348995
47ab614f-d0d4-4d77-837b-8db7408e01ad,Farantama Health Post,,Dispensary,Albasu,KN0203,9.213211482145596,11.68325867042654
530a375f-9d94-4fdf-a72e-4c050eba4245,Yada Health Post,,Dispensary,Takai,KN3705,9.21485113025966,11.422671406369773
348184a1-b280-4eec-b05d-b8cc18f900ca,Zuwan Hawa Health Post,,Dispensary,Albasu,KN0203,9.223563297179169,11.729470505825304
2c20f7b6-cbf7-4712-8546-e3316dfc606e,Biskin Health Post,,Dispensary,Albasu,KN0203,9.241798058568804,11.68470543340959
bdc8818f-d993-4b6e-af6d-0328d9f347db,Zananne Health Post,,Dispensary,Albasu,KN0207,9.255847000114386,11.636307999525798
9ed6c19e-43d3-4a10-af51-05163990abcd,Kwanar Huguma Old Dispensary,,Dispensary,Takai,KN3706,9.318129000432123,11.54419599994003
f686bd04-0be3-44b3-8024-4cb9f66e5e44,Huguma Model Primary Health Center,,Primary Health Center,Takai,KN3706,9.320531000064136,11.5606560001238
3b4cc1c1-9329-45e3-9f5f-2673914a5a07,Awazara Health Post,,Dispensary,Takai,KN3706,9.324210724564352,11.520959631151982
f49e86bf-b5ac-44b2-8161-d96a76845e7c,Langwami Health Post,,Dispensary,Takai,KN3706,9.33715600036004,11.56695900040637
433f7e05-b194-482a-a63f-b84730fc099b,Zango Mata Health Post,,Dispensary,Dawakin Tofa,KN1008,8.413574129829556,12.233431684243271
e0a35ab6-d7c0-4d62-905a-8b0417d69927,Yantomo Health Post,,Dispensary,Garun Malam,KN1501,8.415216819945726,11.625008219848098
25aa4092-6c04-47eb-a6c2-eb8e5a3eff37,Sani Zubairu Primary Health Clinic,,Primary Health Center,Gwale,KN1806,8.50983839023661,11.986335748353213
1802b83a-9fa5-4d89-96a1-088652e9393d,Rugar Jatau Health Post,,Dispensary,Kabo,KN2006,8.044194665853581,11.981752900239371
071d8617-6aa3-4c7b-8281-25ad90e35d31,Yarganji Health Post,,Dispensary,Kiru,KN2402,8.27430500020273,11.37768899980631
9045cb95-0937-4c59-b6dd-d072b71972c3,Kurido Health Post,,Dispensary,Takai,KN3707,9.154075066965163,11.412250885289495
eae61c4c-8566-4b79-9788-6b1423b55eb5,Nuj Health Post,,Dispensary,Tarauni,KN3807,8.549393980112768,11.976351999569715
b7ddfad7-5137-4f35-8d1d-04e51016d41f,Gera Health Post,,Dispensary,Ungogo,KN4203,8.552203590021804,12.08872583992246
b57afa1a-4ca9-432b-bab8-eea474fbc107,Dalal Health Clinic,,Primary Health Center,Ungogo,KN4211,8.567095000139773,12.045848999789655
28b21967-8beb-47b0-940c-50dfa7dc3822,Wari Dispensary,,Dispensary,Kabo,KN2005,8.188924000190354,11.91302399954128
9a4948c1-2b56-44ac-92e3-66e58ad2e831,Danmaruna Health Post,,Dispensary,Madobi,KN2804,8.302164434131896,11.830938157767832
b4440aa9-b260-49f7-a2fd-161fb2c8b3ef,Dorayi Charity Health Post,,Dispensary,Gwale,KN1803,8.471637860281135,11.955447280365945
f0d160fa-43a3-4614-880c-a2283d1f1af4,National Orthopaedic Hospital Dala,,Specialist Hospital,Dala,KN0710,8.502363000157459,12.020856999808757
c0a06304-8b3e-4539-b7bd-66e80edcf3e1,Gabo Health Post,,Dispensary,Bunkure,KN0605,8.50466610972228,11.724394620376472
3d3c1914-91b3-4eaf-bb56-e95e004ee368,Daneji Health Post,,Dispensary,Kano Municipal,KN2108,8.513928070015368,11.994769730083704
c83f5a10-571c-4ab3-9f71-00b557930316,Zubairiyya Health Post,,Dispensary,Kano Municipal,KN2111,8.523443330480518,11.994913480181367
4ff33209-82d5-44dd-8116-5b59247889e0,Gurun Gawa Health Post,,Dispensary,Kumbotso,KN2505,8.523569999566575,11.936455000461535
520996fd-6ad0-4439-91a5-3d12bd6cf97a,Premier Clinic,,Primary Health Center,Tarauni,KN3801,8.538099000438365,11.974740000474412
866b20a4-5240-427c-be7f-2fa66686e2dd,Sabon Garin Kuruma Health Post,,Dispensary,Bunkure,KN0603,8.542452000396054,11.669326689960428
98a6b181-dd19-40c6-b373-993ed479a6da,Aminu Kano Teaching Hospital,,Teaching Hospital,Tarauni,KN3802,8.550969000182931,11.962811000369243
cc3d6bd9-bf23-46d1-8f24-e4da6feef885,Central Bank Staff Clinic,,Federal Staff Clinic,Nassarawa,KN3109,8.572332999698745,12.01264300022774
dd5cd370-0257-483d-88f3-607fb7a63386,Bamako Doguwa Primary Health Clinic,,Primary Health Center,Doguwa,KN1103,8.582787970802428,10.732235335250891
639e8627-5ee9-44d4-8824-33e637f9d9df,Goron Dutse Health Center,,Primary Health Center,Dala,KN0704,8.496887000436743,11.996982999587487
4ecd3514-717f-4389-b32c-1679fc4c6df9,Zoza Health Post,,Dispensary,Rogo,KN3410,7.871772999701193,11.62746999952077
e65efbf4-6d21-4b78-9411-c11e40aa65af,Yankamaye Sabon Gari Basic Health Center,,Primary Health Center,Tsanyawa,KN4008,7.928608000317865,12.3284279997888
55ddfac6-a58e-4f18-8764-e65bf35269ed,Yan Awaki Health Post,,Dispensary,Tsanyawa,KN4004,8.01796504303178,12.36600514032068
5bdefb70-19d1-4339-90e3-e1e489b99ff9,Tsattawa Health Post,,Dispensary,Bagwai,KN0310,8.137850000487958,12.128794000146854
a13ba98b-8776-44b0-9bed-aef5c48f8d0c,Balan Health Post,,Dispensary,Kabo,KN2005,8.165612714351425,11.913844765098986
80123d9b-2cdb-435f-b19b-930e1abedc97,Yanaba Health Post,,Dispensary,Garun Malam,KN1504,8.382300286377735,11.664092157624264
822317ed-5fd1-4cc2-9a6e-fe23a4aaa8ad,Hayin Yawa General Hospital,,General Hospital,Tudun Wada,KN4104,8.417760968215418,11.249268176092823
e5933fbf-a01a-4bc1-9608-a426fac967ff,Unguwar Jakada Health Post,,Dispensary,Gwale,KN1803,8.456400405928036,11.959990252452656
8112f1f6-0bdb-4420-bf07-598cff3da6df,Fuskar Yamma Health Post,,Dispensary,Gwale,KN1804,8.512654000149666,11.990352000082055
6baaf17b-66ee-4078-acf0-01ecac44114c,Kofar Naisa Health Post,,Dispensary,Gwale,KN1806,8.512953000352866,11.982815999961701
17bf6b25-3e72-4f24-bcfe-2dc783bff060,Gundutse Health Post,,Dispensary,Kura,KN2704,8.513302637590414,11.824237950215377
a1b57e73-37f4-4b77-b88c-8d5755881fda,Yar Akwa Health Post,,Dispensary,Tarauni,KN3810,8.561731478495517,11.94118833667767
47fb9a39-6f83-4fe2-a928-20babbcbda86,Unguwar Rimi Model Primary Health Center,,Primary Health Center,Kumbotso,KN2512,8.56697658205934,11.910114844564646
f73d10be-6043-467a-aaa5-1204de1939dd,Gwaneri Health Post,,Dispensary,Bunkure,KN0607,8.629193000332464,11.676903000108155
93031489-3719-49ef-8942-0684dad23344,Raya Masaka Health Post,,Dispensary,Sumaila,KN3610,8.787781182085666,11.286756965022278
afe720f5-d8b1-48af-a2b4-66fd8d6390fa,Mazan Gudu Health Post,,Dispensary,Gabasawa,KN1305,8.907210000231942,12.195383000390962
612e5140-cbd4-4115-b590-eb1958805772,Dingamu Health Post,,Dispensary,Sumaila,KN3605,9.045833000419748,11.391958999502094
2d2f241e-254c-48ca-b675-7a279a63d277,Dinyar Madiga Health Post,,Dispensary,Takai,KN3708,9.153810999785719,11.55771600012622
717fc165-40f9-4218-89d7-413297bf3047,Sakwaya Health Post,,Dispensary,Takai,KN3702,9.175710730665571,11.535253730864156
d348e1b1-c630-4ae0-96f6-4c1ab7408e07,Kafin Lafiya Health Post,,Dispensary,Takai,KN3702,9.192985376402873,11.48631878561514
b6f7c9bb-50e9-4502-ba05-bbdb02c4b491,Jiragon Makera Health Post,,Dispensary,Albasu,KN0206,8.964170354933856,11.664290152538342
46dab2b1-f510-4568-b6e2-19cfea976afe,Zaura Danbabba Health Post,,Dispensary,Ungogo,KN4206,8.612776952178535,12.067901954773617
febac108-3ee9-45f9-b9b8-1660977f28d7,Kadafa Health Post,,Dispensary,Karaye,KN2204,7.941192999868804,11.798843999961377
c0886de9-aa23-436b-a898-78162a0662ed,Daura Health Post,,Dispensary,Karaye,KN2201,7.982984493264155,11.725591507189733
70bb5de1-b596-4ad0-b822-0287874e8e31,Turawa Model Primary Health Center,,Primary Health Center,Karaye,KN2207,8.04764573019844,11.69748629509354
386a5381-d0d4-4e6b-a0ac-60119966e0fa,Maraku Health Post,,Dispensary,Kiru,KN2410,8.128883377395596,11.677131466263404
58fd87ec-f653-45a8-891f-23e7d5dde150,Badafi Health Post,,Dispensary,Kiru,KN2402,8.169238579815044,11.373556819998726
c314cdb6-63a5-4ee2-852e-8911a09aae66,Bauda Health Post,,Dispensary,Kiru,KN2403,8.190461449234988,11.588935731338552
7cee3870-56e8-44cb-b5a8-2280757a865e,Tsaudawa Health Post,,Dispensary,Kiru,KN2412,8.202670999530824,11.680929999844352
06d2e8b4-afd0-4b5c-84a1-e9b3425a9742,Dashi Health Post,,Dispensary,Kiru,KN2406,8.227325449282375,11.717333363578689
9bc680ca-bbf1-4d54-85eb-f975879a6211,Durmawa Health Post,,Dispensary,Bebeji,KN0405,8.258319000341032,11.605169000368278
8771016d-c8d0-4504-a7af-e415cbbd0de3,Kofa Health Post,,Dispensary,Bebeji,KN0408,8.26356192790331,11.554860749186219
e0de1cfc-7994-4182-a8bc-4621fbbd675c,Yola Health Post,,Dispensary,Bichi,KN0501,8.287599000235389,12.244390999689585
c8832058-65c3-42cc-b2fd-430981e9d7a9,Gargari Health Post,,Dispensary,Dawakin Tofa,KN1006,8.301760164857228,12.178344294813996
4c12df0e-3b13-44a7-826d-fd1d7458c09f,Damau Health Post,,Dispensary,Bebeji,KN0404,8.30326499987973,11.681842000463973
7071a2dd-fd93-4f4a-877b-f25e53a0c8ca,Anadariya Health Post,,Dispensary,Bebeji,KN0401,8.317356000453856,11.452934999932438
af4aaa6c-14e9-46c9-9e24-ab652e20c1c9,Ranka Health Post,,Dispensary,Bebeji,KN0411,8.328189833814974,11.553560680302894
94ac0ce5-fe90-4d97-96e5-d7fc78882bd1,Rantan Health Post,,Dispensary,Bebeji,KN0412,8.371100144970512,11.518202225278458
a3b8d9a9-b020-46e8-8c81-97c973976985,Gadan Health Post,,Dispensary,Ungogo,KN4208,8.455684000441238,12.003378999933261
bd169cb5-6b74-4461-989e-189aad6e8763,Rijiyar Zaki Basic Health Center,,Primary Health Center,Ungogo,KN4207,8.458433000309071,11.978868000279192
0728973b-2365-4067-9717-6efcebb7cc2e,Kantudu Primary Health Clinic,,Primary Health Center,Dala,KN0708,8.50978813020248,12.011497650449542
530e7e4e-0e7a-4630-accc-9c43d75e19e1,Shekar Maidaki Health Post,,Dispensary,Kumbotso,KN2504,8.509924000294802,11.948301999511045
d8ea9244-b84a-4958-ae7c-7f45a9bc319f,Riga Fada Health Post,,Dispensary,Kumbotso,KN2507,8.513753999897062,11.902886999653674
34f46847-7c93-413e-acb5-b284008a8b6c,Kofar Mazugal Health Post,,Dispensary,Dala,KN0709,8.516291999621558,12.015170999945383
68685dc0-5d80-4630-bee8-74a9632b05e4,Tabobi Health Post,,Dispensary,Rano,KN3210,8.516957000073376,11.54440300008065
bb0be4bd-f311-4f01-a9ca-ce12e12b9213,Yakasai Zumunta Clinic and Maternity Clinic,,Maternity Home,Kano Municipal,KN2111,8.527978999562322,11.993858000464229
40577203-86d6-453b-a5a6-96fd6d8a884d,Ejeoma Clinic,,Primary Health Center,Fagge,KN1209,8.532533999657232,12.015735000328618
c5c55cc7-171c-4cf6-8780-853e31139860,Gyadi Gyadi Kudu Health Post,,Dispensary,Tarauni,KN3805,8.54451799979978,11.968456000204753
f96a13e7-07f3-47e6-b2d2-e8c577df392f,Mohammed Abdullahi Wase General Hospital,,General Hospital,Nassarawa,KN3104,8.548496058502678,11.996950236565226
5345f9c0-5910-4d68-bd30-6dab795d2bf7,Gayawa Basic Health Center,,Primary Health Center,Ungogo,KN4203,8.562045729709041,12.055187220134542
8ebad083-7274-43a7-8cdc-8b1c8e0bdb47,Nata Ala Health Basic Health Center,,Primary Health Center,Tudun Wada,KN4107,8.565007449721406,11.262610899616163
e3903429-1128-4ad4-ad85-1797a2de9479,Dan Kurkuru Health Post,,Dispensary,Ungogo,KN4203,8.570909999731896,12.064682999586466
a03c52ca-63ee-4dc3-b6c3-fcf25ec0b2dd,Kawo Health Post,,Dispensary,Nassarawa,KN3104,8.572522999827868,11.981365999976504
c900bd5c-fd66-42bb-8d9c-544b7b53e04a,Tagwaye Health Post,,Dispensary,Doguwa,KN1108,8.593319999958453,10.78075400021703
76dcf4a1-c462-41e6-84bb-508477efa18e,Lausu Health Post,,Dispensary,Rano,KN3202,8.615891884294967,11.560594100081744
38d92199-b471-45c6-a86e-cb4870deaf9e,Garji Health Post,,Dispensary,Minjibir,KN3010,8.62634265139576,12.196381786069594
06a2316e-1466-4069-bbbd-8d96e83a874d,Unguwar Duniya Health Post,,Dispensary,Dawakin Kudu,KN0911,8.628316999737251,11.877841999636757
a702ffb2-b77b-4ce4-94ad-06f9a2f675f9,Dadin Kowa Health Post,,Dispensary,Doguwa,KN1101,8.630079666934932,10.701696734501354
581a8a72-e51d-41ff-a918-7da3ac625a81,Bono Primary Health Center,,Primary Health Center,Bunkure,KN0602,8.632122000322568,11.70448699985019
d37fdb09-0bc2-4645-8659-9ccfd86cb4c9,Wangara Basic Health Center,,Primary Health Center,Gezawa,KN1710,8.763452999555795,12.037218999925983
2cd09349-59b8-4cf3-ab7e-1896098d3b65,Zainabi Health Post,,Dispensary,Doguwa,KN1110,8.771126767769772,10.788913408761005
38c26944-1b49-4359-8753-adee71d5e119,Runa Health Post,,Dispensary,Dawakin Kudu,KN0902,8.799104929779617,11.807346159738188
f13be1dc-6cac-4a2d-a7a3-ddca4c93f341,Garun Dau Health Post,,Dispensary,Warawa,KN4307,8.823223000166706,11.807468999821651
488c754a-2257-483c-beff-81f9cc1def99,Asibitin Gani,,Primary Health Center,Sumaila,KN3602,8.832933999764919,11.369022999918172
b42d4a82-840a-49be-baa2-0b3c37de9c7e,Gani Primary Health Care,,Primary Health Center,Sumaila,KN3602,8.843810522154968,11.373594281024168
ca8f482e-a958-418a-ac83-c4c01c151925,Tudun Gusau Health Post,,Dispensary,Wudil,KN4403,8.85171733352729,11.760197768703051
14ebd5d9-e41b-4a15-9b4b-854f3dca5e5f,Kafin Malamai Health Post,,Dispensary,Garko,KN1405,8.880963826398897,11.66415794044849
473d89d2-065a-47f1-a5a1-0a7bc7c6d00b,Fagawa Health Post,,Dispensary,Ajingi,KN0104,8.88278299963497,11.965118999937431
20ba4c5a-671e-49e8-aff9-3c3df4d1657e,Kausani Health Post,,Dispensary,Wudil,KN4406,8.898756000487879,11.84026000010158
90a6b087-d5d6-47ce-b26f-76afae68fa3c,Gungara Health Post,,Dispensary,Gaya,KN1610,8.901931999645797,11.800429000038264
c9c6bfb4-c4aa-4c12-bc34-984d689e8127,Garfa Health Post,,Dispensary,Sumaila,KN3603,8.922269560464201,11.550291767081774
3c0b628a-68c4-475d-a8ed-7b7fdb6adbb1,Achika Health Post,,Dispensary,Wudil,KN4401,8.929903913651401,11.690648462447598
43d44e06-f698-4ddf-9b83-57dc71e71d95,Yan Kau Primary Health Clinic,,Primary Health Center,Gaya,KN1607,8.978562129712373,11.75953661125385
ad8c553c-20f5-4b29-b594-cf5a26ba2620,Faragai Health Post,,Dispensary,Albasu,KN0206,8.986340999997765,11.669403000012267
b36c79f3-c55c-4e0f-ad4b-ecb036c0d34e,Maigana Health Post,,Dispensary,Ajingi,KN0105,9.000957086928679,11.942615085647049
482a448e-725b-4c54-a13c-3cdf0980c6f0,Bataiya Primary Health Clinic,,Primary Health Center,Albasu,KN0202,9.02869126577275,11.683588036650349
6b1912b1-c3c3-475f-b23b-50635c140bca,Falali Health Post,,Dispensary,Takai,KN3703,9.038620899519458,11.465101390198924
89091159-bd54-4cb2-9962-6ed7faeaac48,Fajewa Model Primary Health Center,,Primary Health Center,Takai,KN3704,9.086985000380594,11.444357000104105
f9b692c0-bbc9-404e-9131-138e3e47eaa5,Duwa Health Post,,Dispensary,Albasu,KN0207,9.167099075814349,11.636187149443685
f16251b2-4215-45ec-8d73-69980a758a9a,Gamoji Health Post,,Dispensary,Gaya,KN1603,9.178409000498903,11.843969999622345
a175c21a-548f-4460-a5a4-59377ef2b789,Bagwaro Primary Health Center,,Primary Health Center,Takai,KN3701,9.179616110319103,11.375178320100417
a81eb636-7940-4f8e-9a43-a5a40c6a5711,Tsangaya Primary Health Clinic,,Primary Health Center,Albasu,KN0210,9.21470846116273,11.618864665673868
5b4a0e8a-eacc-4c15-a91e-beba22d0f4b9,Bari Model Primary Health Care,,Primary Health Center,Rogo,KN3404,7.751050069675614,11.568353354353803
7366ded5-5dbf-4b57-9810-57a4c69f33ac,Zarewa Basic Health Center,,Primary Health Center,Rogo,KN3409,7.811993000083476,11.397157000033928
072ae5e4-d96e-4310-a9c3-4f534265f72c,Rogo General Hospital,,General Hospital,Rogo,KN3407,7.8309147659398946,11.55226407042187
212849d6-ea81-4191-94d1-21b2cd9b0e80,Beli Basic Health Center,,Primary Health Center,Rogo,KN3401,7.838262999932681,11.437754999618335
9add2189-b3b5-4e32-9aeb-f4df470451fa,Fulatan Basic Health Center,,Primary Health Center,Rogo,KN3403,7.858905999958665,11.400637000398433
a45893ec-4ff0-4ab7-823b-5d490eacc630,Kwanyawa Model Primary Health Center,,Primary Health Center,Karaye,KN2204,7.867338999688457,11.771725999535931
faed35aa-905b-4771-aea4-b1f025fe353e,Kuraku Health Post,,Dispensary,Shanono,KN3504,7.917172999548313,12.170508000489576
8dade8e0-6a6d-4d51-89cd-972df0bc470f,Yola Model Primary Health Center,,Primary Health Center,Karaye,KN2210,7.949068000219484,11.719804000257398
6ed1fa7b-1271-4b60-bdee-2bc4080b5d0e,Dalal Health Post,,Dispensary,Gwarzo,KN1904,7.949513572522221,11.835279916717866
b4cef36a-8591-445e-9ca7-1300a58bd7dd,Kwami Model Primary Health Care Center,,Primary Health Center,Gwarzo,KN1910,8.00715899968958,11.968993999570273
e07b0267-d593-4764-bbd5-c5c20c886bc1,Sare Sare Model Primary Health Center,,Primary Health Center,Bagwai,KN0309,8.049691795588615,12.123817561765634
00d57568-0bd4-4de5-b4be-4ebfb32600e8,Harbau Basic Health Center,,Primary Health Center,Tsanyawa,KN4005,8.062178543072775,12.382838119757935
62fb3d36-8480-4bf4-88ec-664a7c9191c2,Daddarawa Basic Health Center,,Primary Health Center,Tsanyawa,KN4001,8.074622492527851,12.236559235368304
0231c389-2edf-4efa-a87f-3c94eb518eb4,Wuro Bagga Model Primary Health Center,,Primary Health Center,Bagwai,KN0310,8.097560000112821,12.150131999645055
43075e34-149d-4146-bc02-cfae20595fdf,Garo Primary Health Center,,Primary Health Center,Kabo,KN2004,8.098139330506456,11.955590439463208
19b3e76c-b559-4982-94af-ab02c6b38969,Makanwata Health Post,,Dispensary,Gwarzo,KN1907,8.105256634342311,11.91333010574931
8a24ee7d-b0bf-4c27-a6b4-f5707bf4b576,Godiya Primary Health Center,,Primary Health Center,Kabo,KN2005,8.129504999817925,11.92074199978532
45b4c014-eb1b-42fb-828f-33ff51bdb34c,Gammo Model Primary Care Center,,Primary Health Center,Kabo,KN2003,8.132000999513878,11.892884999857813
ff4d78fb-e1ee-4c54-bbe0-5193afb7e12a,Dangora Basic Health Center,,Primary Health Center,Kiru,KN2404,8.157271854684211,11.536073671421263
dd4c1584-895f-4218-9bae-96d8f02cdaac,Kabo Cottage Hospital,,Cottage Hospital,Kabo,KN2008,8.167918854918355,11.851063389442004
6513af3a-e628-4ecc-8abd-f0244919378d,Kogo Model Primary Health Center,,Primary Health Center,Kiru,KN2409,8.171958143662891,11.623013788492983
45567d1b-47c8-4e3f-ad40-6c494238159f,Kiyawa Basic Health Center,,Primary Health Center,Bagwai,KN0305,8.188264999742614,12.122676999990688
7b6cfa62-8575-496f-bff4-d2631dab438a,Butu Butu Model Primary Health Center,,Primary Health Center,Rimin Gado,KN3301,8.208633129581813,11.965950642502492
7e269139-2304-4787-b718-22b1f6c775a6,Hawadin Bango Primary Health Center,,Primary Health Center,Kabo,KN2007,8.25707712949719,11.889010178225021
09aa4564-df5c-42ec-b734-c227388d30b8,Jeli Primary Health Center,,Primary Health Center,Tudun Wada,KN4111,8.266068840606636,11.279847803327812
8379133c-eccd-456b-9407-6edfae1fa3e5,Akilu Memorial Primary Health Center,,Primary Health Center,Madobi,KN2810,8.288362999754497,11.769682000147156
b80ed345-e72c-42c2-acec-2937e08d1db4,Gulu Model Primary Health Center,,Primary Health Center,Rimin Gado,KN3305,8.300890900266609,11.866033135613236
9e02b04d-9932-4cc1-9932-cc75ff61bcc6,Bugai Model Primary Health Center,,Primary Health Center,Tofa,KN3906,8.316405319807927,12.042425930463821
7b08ef47-38a3-49e9-9f67-0371cfaa46d7,Damargu Basic Health Center,,Primary Health Center,Bichi,KN0511,8.321544000299411,12.265780000222435
f6be1684-77a6-448f-a169-4740c702c441,Yarmariya Primary Health Center,,Primary Health Center,Tudun Wada,KN4111,8.345852999816259,11.267875000192873
d268c60f-1a7e-4df5-887b-36bd88b8c185,Lambu Model Primary Health Center,,Primary Health Center,Tofa,KN3908,8.359795164289267,11.992714231687046
e868bedc-6473-46ff-b6fc-467668d0a3a6,Jobawa Sabon Gari Health Post,,Dispensary,Garun Malam,KN1507,8.362490000120317,11.706968999536628
0d73233e-c0ef-41b3-8af5-333477091425,Kwankwaso Cottage Hospital,,Cottage Hospital,Madobi,KN2809,8.393886060452473,11.856578270189061
cad4e6cd-3378-4786-bdf9-192ee25a5789,Burji Model Primary Health Center,,Primary Health Center,Madobi,KN2801,8.395239891372341,11.894311897827322
379f1446-d090-4960-948e-b651d5c3ec93,Saye Model Primary Health Center,,Primary Health Center,Bichi,KN0509,8.3961930140199,12.27553358684952
3973c624-1ab9-4b15-8a9f-69742501567c,Zangon Dawanau Primary Health Center,,Primary Health Center,Dawakin Tofa,KN1004,8.399845897501905,12.09148640679814
e2f3b0c5-33e4-48af-8114-de7b567b7cd2,Kadawa Gate Basic Health Center,,Primary Health Center,Garun Malam,KN1508,8.41145200038767,11.64443200004564
ac7fe733-69c9-4455-9826-d26788928e69,Yadakwari Basic Health Center,,Primary Health Center,Garun Malam,KN1510,8.417415000439291,11.700609000215309
6ada3c4a-b508-4dc5-9184-7811e41a5ec6,Dakasoye Health Post,,Dispensary,Garun Malam,KN1502,8.424075999965112,11.713469999953759
24189f3b-6ef0-41c6-a1e9-fe730639f5d6,Makoda Model Primary Health Care,,Primary Health Center,Makoda,KN2908,8.428328565854542,12.422962086020277
9c40133a-c626-4489-bdef-4c2d386a77d3,Barnawa Health Post,,Dispensary,Bunkure,KN0604,8.474497000223778,11.593289000296409
af1ab01f-6514-4c9a-a475-478c07a4c038,Kabuga Primary Health Center,,Primary Health Center,Gwale,KN1808,8.474585926284249,11.983788574622508
ebb33b5c-2761-45c5-b942-5e4d0e94a38a,Chiranci Basic Health Center,,Primary Health Center,Kumbotso,KN2502,8.475559013945372,11.952093645087302
2128c323-e326-4be0-b47a-080d3a615b1d,Dorayi Karama Primary Health Center,,Primary Health Center,Gwale,KN1803,8.47687912984236,11.964885641778835
274a7ae3-dd2f-4763-bd39-0782e605e77e,Unguwar Dabai Primary Health Center,,Primary Health Center,Gwale,KN1808,8.481131999731986,12.013242999635395
676c2770-8ede-47dd-84c8-3c1a79db7b4b,Kurna Primary Health Center,,Primary Health Center,Dala,KN0705,8.481334999869887,12.044801000077598
7cef1a1b-83d6-4664-8384-6724ecc313aa,Hajia Umma Zaria Health Clinic and Maternity,,Maternity Home,Dala,KN0705,8.486728999534876,12.034918000362552
c48267e9-a643-4310-969f-487a4cdb6469,Maitsidau Basic Health Center,,Primary Health Center,Makoda,KN2907,8.496249594003643,12.354955456812945
a64954c8-ebf4-42d5-ba51-fe00dbef88e4,Gaya General Hospital,,General Hospital,Gaya,KN1604,8.989109521878845,11.867696263743255
7e880c2e-f5a3-412f-895d-89d66baa2651,Shantake Health Post,,Dispensary,Makoda,KN2901,8.517807999651609,12.345711999532455
05ff18b4-a977-425b-afd4-0c31de6336c9,Tarda Primary Health Center,,Primary Health Center,Ungogo,KN4205,8.519108504535211,12.11498398876364
d7bd27a1-2ef1-4dc7-ad19-1b7a4ec36d8b,Tukuntawa Primary Health Center,,Primary Health Center,Kano Municipal,KN2103,8.52507899959187,11.963466999814955
afa65d13-d757-413f-8963-087cd716463d,Juji Health Post,,Dispensary,Rimin Gado,KN3306,8.266658130007045,11.920011635289086
ea44ea9c-79ee-4327-b177-633eb5606ac7,Shekar Barde Model Primary Health Center,,Primary Health Center,Kumbotso,KN2504,8.531131999704598,11.954204999521835
60e16296-ccca-47ab-8322-a16703e9d595,Wailari Health Post,,Dispensary,Kumbotso,KN2510,8.543799000311253,11.924042000027498
f7076912-4f90-4512-8169-83876d30f1c3,Bunkure Primary Health Center,,Primary Health Center,Bunkure,KN0603,8.544791999985932,11.694179999847108
a233bbbd-8687-477c-a17b-c80c1cad439a,Jemagu Health Post,,Dispensary,Warawa,KN4303,8.740312521832948,11.856268977978914
9ac56c3f-5fbd-424f-bff1-ea619b6d98eb,Kaura Goje Primary Health Center,,Primary Health Center,Nassarawa,KN3108,8.54608474186432,12.043836640422342
55acd726-fc99-4794-9ab1-6c9f7f8a9605,Gurjiya Primary Health Center,,Primary Health Center,Bunkure,KN0606,8.555292000120232,11.750033999797267
98fd3d8a-2074-4e76-9c9e-c65e1692b95b,Gwanda Model Primary Health Center,,Primary Health Center,Dambatta,KN0806,8.567464043390544,12.57881465191474
cba8ccfe-b762-459a-b7f4-7a3c08f697c2,Badawa Health Post,,Dispensary,Nassarawa,KN3104,8.573578955545315,11.999901471570467
61388d8b-95ed-401a-a750-424c86ce8d9e,Rano General Hospital,,General Hospital,Rano,KN3204,8.574308000040674,11.560772000202633
f405904d-44ef-470c-bc26-b3e5f62ad3a8,Falgore Health Post,,Dispensary,Doguwa,KN1104,8.575990478183826,11.121017056409812
3c8e0fd7-b37a-4947-88be-9bcbc8542ac4,Ahmad Ado Bayero Model Primary Health Center,,Primary Health Center,Kumbotso,KN2508,8.580296811109804,11.926927391987988
28b301b6-a7ca-444d-9432-ff6945ce1c58,Hotoro Danmarke Health Clinic,,Primary Health Center,Tarauni,KN3806,8.580952999555677,11.962080999873251
8ea7b8ed-e437-4c4c-b228-858a99e2a6d1,Dukawa Basic Health Center,,Primary Health Center,Kura,KN2703,8.588178939465365,11.775741631264395
437b4ca6-0464-4616-a4ca-794550666c82,Durba Basic Health Center,,Primary Health Center,Kibiya,KN2301,8.718201999809878,11.571059000192179
7b3c719c-f82c-48ad-ab51-5c151ca15c05,Sir Muhammadu Sunusi General Hospital,,General Hospital,Nassarawa,KN3109,8.597229999615081,12.010605999843676
766187df-bda8-4e13-a9a5-76f6de3faad8,Dawakin Kudu General Hospital,,General Hospital,Dawakin Kudu,KN0903,8.601725999669952,11.839819999802614
62f47238-4a9a-4cf7-b18c-08ed6b229e27,Mariri Model Primary Health Center,,Primary Health Center,Kumbotso,KN2509,8.609137999706036,11.949823999545174
e36bab7a-39f7-423e-9e9a-9d7ef122ab16,Gandurwawa Primary Health Center,,Primary Health Center,Minjibir,KN3002,8.616726824862269,12.155193320083981
db33b232-1e32-4b07-b96f-fc05d3b29897,Unguwar Fawa Basic Health Center,,Primary Health Center,Dawakin Kudu,KN0913,8.620570334473769,11.895964984950524
315d4909-0106-49dc-88f9-7e5ccf933f1b,Koya Basic Health Center,,Primary Health Center,Minjibir,KN3001,8.627025999860109,12.117881999732674
a7b57448-c58f-42cf-b1d9-e4300701e274,Tsakuwa Primary Health Center,,Primary Health Center,Dawakin Kudu,KN0910,8.64228575322835,11.797949431353516
ee2a47af-440a-433b-9ee1-3baa2b6670dd,Rufai Health Post,,Dispensary,Doguwa,KN1101,8.647119933512954,10.638713146706948
673dada3-7555-455d-8829-790e1423f80d,Minjibir General Hospital,,General Hospital,Minjibir,KN3007,8.658886999508127,12.174952999509742
80e0ee82-7293-4ede-ad34-89dd5b2ba553,Babawa Model Primary Health Care,,Primary Health Center,Gezawa,KN1701,8.660275970451892,12.057998514044641
8675c9ac-a6f3-4198-baf5-402668945edf,Abasawa Basic Health Center,,Primary Health Center,Gezawa,KN1708,8.662100999691916,11.993569000267826
5b3a3f2d-7f02-4efd-9291-03c6789566fa,Fagwalawa Cottage Hospital,,Cottage Hospital,Dambatta,KN0804,8.6845509999456,12.31635199958373
1024e053-e8c0-4606-ab76-fd99dd211316,Dawakiji Basic Health Center,,Primary Health Center,Dawakin Kudu,KN0904,8.703669999936096,11.864045000262365
d0d050ab-2268-4614-870b-e001b2989e3a,Rufan Health Post,,Dispensary,Tudun Wada,KN4101,8.718114318750338,11.317702430048257
f54fcd2e-80bd-4e3c-8828-6ede1b5f43ae,Gano Basic Health Center,,Primary Health Center,Dawakin Kudu,KN0906,8.730740535329232,11.836214835353076
316dd0da-6a12-4825-a7b7-98097478b56a,Dunkuran Durba Health Post,,Dispensary,Kibiya,KN2310,8.731591999907778,11.624963999818078
64ea67c7-a5f6-4dd7-91de-4f4d796bb7e2,Warawa Primary Health Center,,Primary Health Center,Warawa,KN4306,8.74679900024023,11.876653999829614
0c75c87c-50ea-487c-840f-285a06a86397,Kore Model Primary Health Center,,Primary Health Center,Dambatta,KN0808,8.749187999863409,12.35789899981296
967c9596-8d39-4623-a965-5345fbd978b0,Yautar Kudu Model Primary Health Center,,Primary Health Center,Gabasawa,KN1308,8.75887800044734,12.196733000308257
b84cb0db-c2f1-49c7-85e8-9a0dc72676c3,Gogel Basic Health Center,Kofar Yamma BHealth Center,Primary Health Center,Warawa,KN4304,8.762612330863925,11.92503976958003
5f03d1bd-c9d6-4a58-aed2-03e0a73883f9,Yan Dalla Health Post,,Dispensary,Warawa,KN4313,8.794178450432298,11.833274183355059
2af3ff56-e3fc-4796-9672-67c7fe0b6da1,Garko Model Primary Health Center,,Primary Health Center,Garko,KN1403,8.800668999842344,11.642523499748904
c77b8166-eeb7-4341-8c98-ae20b188acba,Makanwachi Health Post,,Dispensary,Wudil,KN4403,8.815976793243294,11.724627261534579
605a07f0-f665-4923-95dc-916a38f874a6,Garin Danga Model Primary Health Center,,Primary Health Center,Gabasawa,KN1302,8.842657000371219,12.207021000298425
95118194-0b98-4434-8125-8ee81ec3ed26,Gomo Basic Health Center,,Primary Health Center,Sumaila,KN3607,8.84628736183788,11.123211222900636
151959a1-c648-400c-9e70-c25e3ba988df,Gude Health Post,,Dispensary,Kabo,KN2006,8.066531000030068,11.95388700030577
f5cdf4de-5114-405c-be1e-14ab38753636,Kafir Chiri Basic Health Center,,Primary Health Center,Garko,KN1410,8.862389999778884,11.601068999582537
a7f41812-147a-4cb0-a242-3e1526b60b33,Zakirai Primary Health Center,,Primary Health Center,Gabasawa,KN1310,8.88503200016305,12.104936999937138
693b705c-36d5-406f-a0f6-ca9e412d1428,Gabasawa Model Primary Health Care,,Primary Health Center,Gabasawa,KN1301,8.906371999662554,12.17581600009612
e6f951ae-164f-4167-a526-92886128ad4d,Gediya Basic Health Center,,Primary Health Center,Sumaila,KN3604,8.91227399967272,11.350464000308193
e49084ad-f9ff-4398-999e-c4318f93b164,Kademi Primary Health Center,,Primary Health Center,Gaya,KN1606,8.9316969998697,11.779124999563237
ad5adf92-f5d0-409a-add4-b74f3037d88f,Rimi Basic Health Center,,Primary Health Center,Sumaila,KN3608,9.00476270951441,11.388601880221131
4dee7e3e-817e-4cad-8351-364a3763d324,Bahawa Health Post,,Dispensary,Doguwa,KN1105,8.72049135136541,10.604429034412533
c092b02b-601a-421b-877d-825c3270a623,Magami Basic Health Center,,Primary Health Center,Sumaila,KN3606,9.01574305897509,11.292805740132167
1b5f6ed0-d709-4576-b7e6-09431ff01eeb,Makarya Primary Health Center,,Primary Health Center,Ajingi,KN0108,9.112149000478382,11.935973000134084
1c1b3967-ba48-4338-9857-d2db60edcc01,Kachako Primary Health Center,,Primary Health Center,Takai,KN3706,9.249210057604898,11.537998184728906
04990132-fc1d-4a13-bd9b-b79c8b64f07a,Imamu Wali Primary Health Center,,Primary Health Center,Gezawa,KN1706,8.730628000252807,12.116113999531422
07997c32-3dfe-4fb0-949b-d1fd5834a363,Tarauni Primary Health Center,,Primary Health Center,Tarauni,KN3807,8.561240208161735,11.979340377600181
ac5428e1-12aa-46ad-97df-5f5389dbaf86,Kadawa Basic Health Center,,Primary Health Center,Ungogo,KN4204,8.456562037037827,12.075661447045775
6accffac-3a16-4db9-b955-625a8e7a5a52,Tanagar Health Post,,Dispensary,Warawa,KN4312,8.689467000285788,11.952794999563821
dff6eaa1-c82b-4107-bf69-ae5ee9839fa7,Zaura Babba Primary Health Center,,Primary Health Center,Ungogo,KN4206,8.619827233968863,12.05943394802
1bc4b180-269e-4a64-af01-43c1d6b41be6,Gadanya Basic Health Center,,Primary Health Center,Bagwai,KN0303,8.038812000196344,12.09044300008918
942911d8-e281-45db-a00b-7f8fe5e561ca,Rurum Tsohon Gari Primary Health Center,,Primary Health Center,Rano,KN3205,8.483126926087436,11.411842586012085
959a1b2f-30d6-449f-a1b4-5c648c83d8da,Kauyen Alu Basic Health Center,,Primary Health Center,Tarauni,KN3809,8.572308999682434,11.960512999807861
f1a5f71b-873a-4528-9cac-69f89266e15d,Durbunde Primary Health Center,,Primary Health Center,Takai,KN3702,9.231827115794033,11.539724913902091
99c6a816-8294-44e0-8f49-5032cccb21c6,Falgore Model Primary Health Center,,Primary Health Center,Rogo,KN3402,7.694642189349111,11.51170023786068
a79383f9-0f19-4c24-8ca3-e10875894e44,Kurugu Health Post,,Dispensary,Karaye,KN2203,8.039622999747337,11.832843000062098
40ec3192-fec2-4ddb-b112-95240239db94,Yammedi Model Primary Health Center,,Primary Health Center,Karaye,KN2209,8.09244599963813,11.823811999925965
a7bcc6c6-f910-4a75-80d2-a8fc1acf3e4f,Yako Primary Health Center,,Primary Health Center,Kiru,KN2413,8.192772999805584,11.655695999698992
cde6e6b2-915c-420a-89e2-2d028e963f69,Kafin Agur Basic Health Center,,Primary Health Center,Madobi,KN2805,8.363943188107669,11.858224521307648
e0267ac4-553f-45b7-9175-c46315c537f9,Garun Babba Primary Health Center,,Primary Health Center,Garun Malam,KN1505,8.43343633732502,11.605622763676593
cfaf1086-d07e-4057-a8ab-20cfbfc36802,Kauran Mata Primary Health Center,,Primary Health Center,Madobi,KN2807,8.477208695066281,11.866219736739993
a253a096-73ae-486f-8d1f-ecd61145e7a4,Kwaciri Model Primary Health Center,,Primary Health Center,Fagge,KN1206,8.500899000162747,12.065746000308707
5610ef73-c851-4907-975a-12dc2ec3ba14,Gandu Model Primary Health Center,,Primary Health Center,Kano Municipal,KN2103,8.524017761870823,11.973210308435057
14e48d03-2684-4f3b-beea-04a56365fabf,Burji Primary Health Center,,Primary Health Center,Doguwa,KN1102,8.546885000408054,11.166581000368353
481bf993-8901-4a53-914f-88a43ae67af2,Gwagwarwa Primary Health Center,,Primary Health Center,Nassarawa,KN3103,8.550681999987944,12.027416000265305
9a04b431-4c14-4942-9b78-f9719410f27c,Unguwa Uku Primary Health Center,,Primary Health Center,Tarauni,KN3808,8.560260681496175,11.957774975947473
308e1c26-c100-4998-95c2-45515b181071,Rano Dawaki Health Clinic,,Primary Health Center,Rano,KN3201,8.578758478064572,11.549811033755134
99543ed4-ea24-4b0b-9249-593326c1200e,Hotoro North Primary Health Center,,Primary Health Center,Nassarawa,KN3106,8.582383966527914,11.974491529305624
af9d6580-753d-42e9-bfb1-265e164e48b6,Doguwa General Hospital,,General Hospital,Doguwa,KN1103,8.590805003249613,10.736004382811757
8c006899-a024-413b-8980-737a651ff771,Tarai Primary Health Center,,Primary Health Center,Kibiya,KN2309,8.671959000389961,11.500138000004654
94e138c1-276e-4d43-9a92-144f53ed29f1,Gofaro Model Primary Health Center,,Primary Health Center,Gezawa,KN1702,8.747843999950248,12.019875000141553
fedf37fb-d7b7-4e08-ac4e-fad5a1279717,Gezawa General Hospital,,General Hospital,Gezawa,KN1705,8.751994999770659,12.088102000498566
05e5ca60-e9ce-4385-86a0-8d2cb2be705e,Indabo Primary Health Center,,Primary Health Center,Wudil,KN4405,8.791151899375905,11.74178827119465
3b8a8436-13cf-4cc2-b651-2cfa8d9fb6c2,Garko Primary Health Center,,Primary Health Center,Garko,KN1403,8.80295502739557,11.656293483105003
3f8f3dc6-55c2-45f6-92b5-30d020315424,Darki Primary Health Center,,Primary Health Center,Wudil,KN4404,8.918196999697102,11.659881999543188
d74075d6-5c4f-4534-bc53-269381de1175,Gamarya Health Clinic,,Primary Health Center,Gaya,KN1602,8.923052999996514,11.896882999574245
3be1b0a9-d87a-4d4c-b27f-087a98e83e9c,Sarina Primary Health Center,,Primary Health Center,Garko,KN1409,8.92562186574196,11.586162700454395
3e3e6c7b-dabd-4caf-a611-68a607979ce0,Sumaila General Hospital,,General Hospital,Sumaila,KN3603,8.95680999993283,11.540454000397517
bd9f40a8-5849-464b-b98c-8fd991499ff5,Hungu Primary Health Center,,Primary Health Center,Albasu,KN0208,9.001542000326083,11.613649000130067
ea906255-1c14-465f-8bf7-3cb01acbac1a,Ajingi Primary Health Center,,Primary Health Center,Ajingi,KN0101,9.041807999684977,11.969969000232766
55b86f8e-2e11-491a-a950-461940dde10e,Toranke Primary Health Care,,Primary Health Center,Ajingi,KN0109,9.171864130051972,11.993265647061719
8239af78-d35d-4738-85de-03265470bf16,Gama Primary Health Center,Gama B Primary Health Center,Primary Health Center,Nassarawa,KN3102,8.559435469935522,12.037065189821476
e3a7feb3-3190-49ce-a613-641fa6e9d56f,Nassarawa Health Post,,Dispensary,Tsanyawa,KN4004,7.991827923272865,12.36960098976391
9c849e3f-37e1-4f30-af7a-354e408a7865,Goron Dutse Health Post,,Dispensary,Shanono,KN3504,7.872429000146894,12.158139000085441
e9d199b9-2ec8-4f50-a1d1-67f790cf8fa6,Mainika Health Post,,Dispensary,Gwarzo,KN1908,7.87337125978712,11.928004259719671
177d459c-3c16-4c15-8b37-e008ba637cae,Dutsen Bakoshi Health Post,,Dispensary,Shanono,KN3502,7.94583300002148,12.026830999867798
fad1aeec-61aa-4b1c-abc5-924ec2c6275f,Yanganau Health Post,,Dispensary,Tsanyawa,KN4009,7.958011000295812,12.25437600047394
c7eb561a-af06-4631-b56e-99a106b83029,Zarogi Health Post,,Dispensary,Tsanyawa,KN4010,7.991850232288016,12.24870977262401
81e1522b-f4b7-4d02-8950-74ac7b3b8a63,Shakogi Health Post,,Dispensary,Shanono,KN3508,8.017985522045706,12.02682676486495
216043a3-ed72-434a-95b1-69c7115b5285,Kabagiwa Health Post,,Dispensary,Tsanyawa,KN4005,8.022439929072277,12.310752529779165
e7d6cdf7-1a6b-4456-98ea-0c466a4c5044,Kokiya Health Post,,Dispensary,Shanono,KN3506,8.053781130367156,12.006324648934708
0ecf8b48-348d-4b05-8c28-341c0ac6f76e,Gogori Basic Health Center,,Primary Health Center,Bagwai,KN0304,8.071046000097795,12.147784000049683
efeec1fc-0537-43c9-9e17-802a20e1ec0e,Doka Dawa Health Post,,Dispensary,Rimin Gado,KN3303,8.163541405944102,11.979921649995106
61a2ae8f-d45d-4baa-94b1-d698387f0797,Unguwar Gyartai Health Post,,Dispensary,Kunchi,KN2601,8.167504999637174,12.44056099997789
a4b00931-ede4-400c-8c46-6caa89a7e1be,Gidan Nisau Health Post,,Dispensary,Kunchi,KN2602,8.192951999927232,12.357994999878201
053bd3f5-1252-43b7-b988-8d2eeb01062c,Waire Health Post,,Dispensary,Bichi,KN0510,8.2209649999607,12.345529000408135
f8218ee8-5e98-443c-a8c4-8d09f5344d7c,Muntsira Health Post,,Dispensary,Bichi,KN0508,8.224544000392484,12.190653000177178
9c7e13b9-5ede-4ef9-8c57-88120bff55fe,Rimin Dako Health Post,,Dispensary,Bagwai,KN0307,8.253618651147349,12.08483514627892
c52dc788-1e3d-40a9-842b-b20bd8476155,Gwadama Basic Health Center,,Primary Health Center,Kunchi,KN2608,8.268741086422324,12.38703928261242
325b2b7b-76fd-40a1-a604-756cc56251fc,Zango 1 Health Post,,Dispensary,Rimin Gado,KN3312,8.283154130215337,11.984301644971083
6d97ad81-8b75-44cb-a478-eced1ecff62b,Kwami Health Post,,Dispensary,Tofa,KN3907,8.307312129629565,12.019778182075754
eddd3005-6271-4d45-905b-3f43c43d19e9,Badume Health Post,,Dispensary,Bichi,KN0501,8.313264202673679,12.189419666339177
c6532615-003c-4012-bf05-36a2875f1d7e,Dawakin Gulu Health Post,,Dispensary,Rimin Gado,KN3302,8.328017028697559,11.874489495358887
e4660b8e-ea19-4689-bc7d-f82219c91682,Kunnawa Health Post,,Dispensary,Dawakin Tofa,KN1006,8.33316995719872,12.174690610331481
7accf2c2-49aa-44a2-bb78-7e05bcf6b117,Yalwa Karama Health Post,,Dispensary,Tofa,KN3913,8.33474513126896,12.05791197598586
bc64270b-a3f8-4e14-aa8d-a310c4de9397,Sarkakiya Health Post,,Dispensary,Dawakin Tofa,KN1002,8.337677116261148,12.127467525245606
12acc620-7a48-4264-a2de-2be6c6271c56,Yallami Health Post,,Dispensary,Bichi,KN0511,8.33808299953688,12.319934000017497
658dce8c-3a5e-4475-b686-9e1c545fe6c7,Tamawa Health Post,,Dispensary,Rimin Gado,KN3310,8.342762129716164,11.898080632387973
8aa7d1c6-8eb8-42eb-bdec-f5ca9d25c7e1,Ridawar Kwari Health Post,,Dispensary,Kunchi,KN2607,8.346615710334447,12.455444484090549
17e3344d-2342-4efb-a704-541d136ca3c8,Karofin Yashi Health Post,,Dispensary,Rimin Gado,KN3307,8.350161129743412,11.883550629515526
3c865975-38fc-4404-8ffb-5e539b52059e,Lambu Basic Health Center,,Primary Health Center,Tofa,KN3908,8.352859845577086,12.00768330885785
e3e373ae-a185-4a24-8708-a964587c2037,Jammaje Health Post,,Dispensary,Tudun Wada,KN4108,8.35678800024607,11.24958099976294
65e0cca5-4ff3-4572-812b-77a29eae371f,Kwa Health Post,,Dispensary,Dawakin Tofa,KN1010,8.373641999697554,12.148788999732517
6ea5381b-7d69-4a98-9c3b-e3148b3a6fb2,Kwamarawa Health Post,,Dispensary,Bichi,KN0506,8.389799999676143,12.330244000022674
c2412b88-8cd5-41a1-a583-9e8ca5efe689,Danguguwa Primary Health Center,,Primary Health Center,Dawakin Tofa,KN1001,8.394357999773092,12.060005000407955
f96bee74-3c02-4578-b20d-691b843be3bf,Langel Health Post,,Dispensary,Tofa,KN3909,8.395155000314617,11.99039000010788
717870a2-fce7-4689-a5dc-95424a4d69ed,Dawanau Basic Health Center,,Primary Health Center,Dawakin Tofa,KN1004,8.437325129967235,12.094549159879136
88293d8f-3bc4-4a38-8798-53b0f0381ff4,Koren Tabo Health Post,,Dispensary,Makoda,KN2906,8.439531000466047,12.501579000436777
c919b715-c212-4255-bf34-bf9464639816,Fagolo Health Post,,Dispensary,Bichi,KN0504,8.443265000003123,12.300918000097056
23de1b92-5fcd-4ecd-ac41-ae863cd6319b,Tumfafi Basic Health Center,,Primary Health Center,Dawakin Tofa,KN1011,8.446130999950412,12.106103999730067
8f694f14-52c3-4fa9-afc6-6e3315475ff9,Jalli Health Post,,Dispensary,Dawakin Tofa,KN1007,8.462527130090848,12.184292960855828
e8e2203c-4e4f-41e8-bbe8-ae8a361aedfe,Rijiyar Lemo Maternity Clinic,,Maternity Home,Fagge,KN1207,8.477502420265864,12.054745779834604
1ff46537-0e75-4ecf-9e57-b0a5fd0da10f,Mai Unguwar Garba Health Post,,Dispensary,Dala,KN0703,8.505928738580167,12.00782940995714
9091c705-8777-40ec-bf27-58057008c5f9,Madatai Primary Health Clinic,,Primary Health Center,Kano Municipal,KN2106,8.516404999698295,11.998513999627733
3637cbce-cb82-448b-9edb-8460cda6bd41,Women Center Clinic,,Primary Health Center,Dambatta,KN0802,8.522504999842965,12.438042000266364
86349039-1e37-4e2d-b812-6706eab13623,Kuru Health Post,,Dispensary,Minjibir,KN3005,8.529678999717362,12.169449999770734
d2b655b9-69ee-44d9-8609-30130065e859,Baburi Health Post,,Dispensary,Tudun Wada,KN4101,8.739495000277486,11.32801200005315
2a43eba7-9958-48fb-b4d3-2a617e537369,Panisau Health Clinic,,Primary Health Center,Ungogo,KN4202,8.535414999614716,12.079033000336608
6eca321d-bb16-43e7-9aa3-d875fd3affb9,Dawan Kaya Health Post,,Dispensary,Makoda,KN2909,8.540840000300761,12.301907999769696
0f3ee349-b903-4c23-9993-a6c8be2ad44c,Tsakiya Health Post,,Dispensary,Minjibir,KN3009,8.551438753502111,12.138132797492176
19911896-4e24-4d6a-b745-bf20420240ff,Dogon Kawo Health Post,,Dispensary,Doguwa,KN1102,8.557364999528716,11.175277000276878
b4a16e6a-1501-410f-a71a-10aa3e50097f,Galula Health Center,,Primary Health Center,Ungogo,KN4211,8.573618766572395,12.042636883607145
05c783af-4fc8-4861-9003-d3bbfbc152ee,Geranya Health Post,,Dispensary,Minjibir,KN3003,8.590253999875245,12.196188999938613
54ad45dd-779f-40f8-94af-cbe9ebee7a14,Inusawa Health Post,,Dispensary,Ungogo,KN4210,8.596623620203104,12.069116829599068
2771e4f9-1eb7-4646-a10b-1bde5bd008d7,Sabon Garin Rangaza Health Post,,Dispensary,Ungogo,KN4206,8.606430058866124,12.054905270942982
bf88446b-3010-446e-8374-b66d02e62d2e,Madachi Health Post,,Dispensary,Rano,KN3203,8.611128478058447,11.57481737174578
9c1e294d-8d00-4213-859d-9da4f2886d29,Gasgainu Health Post,,Dispensary,Minjibir,KN3006,8.643132999804038,12.238067000392732
89a77040-18c1-40f4-80bd-6b19cf676ba2,Jido Health Post,,Dispensary,Dawakin Kudu,KN0908,8.648799159653947,11.912787977380958
e6249024-7210-4add-a703-b9fb098229eb,Minjibir Health Post,,Dispensary,Minjibir,KN3007,8.654818769743997,12.17968490972487
d0a2282b-92a0-40ee-abf3-6f6143802f81,Kahu Health Post,,Dispensary,Kibiya,KN2305,8.659113361661923,11.483219843509573
c385ca0e-d474-413a-a128-2f6c826ab8ae,Sarbi Health Post,,Dispensary,Minjibir,KN3008,8.67351229044533,12.297281416626163
8e2a2e50-065d-4df3-b5ef-1aa4e1a05839,Wasai Health Post,,Dispensary,Minjibir,KN3011,8.674793782316044,12.153892059199848
f4a5e86f-8d7e-4397-9c6b-914fe7cea95b,Yandake Health Post,,Dispensary,Gabasawa,KN1307,8.721300999915513,12.217941999718732
da7413df-200a-4c38-b352-faadfa233f15,Kadigawa Health Post,,Dispensary,Kibiya,KN2304,8.737470057901646,11.581673953404504
01971e47-3ced-44bc-8c89-da45bd7cb033,Tarauni Health Post,,Dispensary,Gabasawa,KN1306,8.897052000330063,12.113452999723393
c9c53dd6-08fa-43f6-a216-547fa985a497,Unguwar Bai Health Post,,Dispensary,Ajingi,KN0110,8.980735102188817,12.046745953399068
cf2fee21-b397-450d-be59-d9b133acba1f,Dr Abubakar Imam Urology Hospital,,Specialist Hospital,Fagge,KN1209,8.525907074154532,12.014709689631957
327b3c95-c96c-4146-bc7c-e9bee3f7efed,Gama Health Post,,Dispensary,Nassarawa,KN3102,8.552244000049257,12.034081999794523
7555c9f7-1eea-46a6-a5db-eb6df1a046ef,Tinkis Health Post,,Dispensary,Karaye,KN2208,7.996172581224812,11.766731032142104
d5be663a-051c-4972-a7ba-55c407142f6f,Tudun Wada Tsohon Gari Health Clinic,,Primary Health Center,Tudun Wada,KN4110,8.404822035339159,11.248543557244442
c9b2f784-5e1e-4fe8-8cbc-da38e415079e,Dan Hassan Health Post,,Dispensary,Kura,KN2702,8.490099609825052,11.769943550324854
7581fa9b-3f30-4e16-a075-d1cfed24de96,Panda Model Primary Health Center,Panda Model Primary Health Center,Primary Health Center,Albasu,KN0205,9.047712710696942,11.603993912569877
583ada04-5610-43b7-9bd0-4fe54ffe05d4,Buda Health Post,,Dispensary,Garko,KN1407,8.78014699989859,11.601455999845484
00e708b5-7dfe-4e34-a4d3-7b79e353c927,Danbazau Primary Health Center,,Primary Health Center,Takai,KN3705,9.212301217527113,11.449275304445848
f71de7ca-edf6-4618-9c08-57ce46852a7c,Ruwan Bago Health Post,,Dispensary,Rogo,KN3408,7.757443507019673,11.407169554836969
7e19dd21-2088-48a0-a011-27c0f43d8e45,Tsohuwar Rogo Health Post,,Dispensary,Rogo,KN3406,7.799404956530509,11.574628415617383
9c8186d4-5f7e-463a-8a1a-e61d20c28bc3,Kauyen Liman Health Post,,Dispensary,Rogo,KN3407,7.820630129952008,11.542618577868211
3c5fe50e-b92e-45d4-a02c-ce8d2cfc9520,Tudun Kaya Health Post,,Dispensary,Karaye,KN2206,7.931245183109695,11.733342794456348
84451115-6162-42e5-836c-db4fcae62987,Zungurau Health Post,,Dispensary,Karaye,KN2202,8.123085000455887,11.831872000402313
a9221a97-7944-49d6-8b2e-ed06436a29c5,Yaryasa Health Post,,Dispensary,Tudun Wada,KN4111,8.308343566330336,11.336760209997124
74a978fc-8fb9-4d18-a27c-2f81a573fe2c,Baguda Health Post,,Dispensary,Bebeji,KN0402,8.313529419853921,11.64467690221204
b517a175-249a-4dd3-869e-33ef05aa2a6f,Dorawar Sallau Health Post,,Dispensary,Garun Malam,KN1503,8.415454797107373,11.668802191604073
28d81de5-fb62-4038-8d7a-c3d1e358b254,Karefa Health Post,,Dispensary,Tudun Wada,KN4106,8.436371000318957,11.323180999770727
422e556a-41b7-43c2-a437-54c5c5b2b356,Jandutse Health Post,,Dispensary,Tudun Wada,KN4104,8.449687000366566,11.248942000328782
c492697d-9409-49c7-afad-6ed8d9ea8853,Yarfulani Health Post,,Dispensary,Tudun Wada,KN4105,8.470138000262068,11.185053999919887
8e5d8d6a-d0e4-46fd-9c07-0c69aa28db5e,Sabo Bakin Zuwo Maternity Hospital,,Maternity Home,Kano Municipal,KN2109,8.508921067613358,12.00050566198098
683f4666-285e-44c4-982a-0d4f77e4e1c2,Marmara Maternity Hospital,,Maternity Home,Kano Municipal,KN2108,8.512720250194718,11.996932399553089
7f607763-cc9b-4732-ab75-2daf97d856bb,Emirs Palace Health Clinic,,Primary Health Center,Kano Municipal,KN2110,8.517990509775586,11.992994188877276
fb4287cc-b698-4ea9-aa19-1d31616b4451,Kaura Goje Health Post,,Dispensary,Nassarawa,KN3108,8.54244593039192,12.038945020098708
75af680a-73ec-4b71-ac88-8db082babdea,Mallam Shaibu Medical Center,,Medical Center,Nassarawa,KN3110,8.556762809119562,12.021316503120943
332421b6-b589-4932-922b-446e24e5a6db,Tudun Murtala Health Clinic,,Primary Health Center,Nassarawa,KN3111,8.564117000116369,12.028052999698104
a6c95f1b-ef24-4acf-bb42-b2bb86d3cc1c,Hotoro South Health Post,,Dispensary,Nassarawa,KN3107,8.582484999596545,11.970098000320377
1044ef12-fa8a-4cae-8228-ac37c0efb128,Saji Health Post,,Dispensary,Rano,KN3207,8.587248681833273,11.461889118016359
73db9d87-ec67-4e78-b8c8-2265c73506da,Sarai Health Post,,Dispensary,Dawakin Kudu,KN0912,8.601961347829842,11.805883366744297
9fb2e5e7-cf74-483a-8426-ec2ae9a12605,Tsamiya Babba Health Post,,Dispensary,Gezawa,KN1708,8.621238086927463,11.983488625418715
0062baa3-d813-4d2b-aa64-11ee2520e21d,Kankarawa Health Post,,Dispensary,Minjibir,KN3010,8.624307682013125,12.223097843221922
d60da41d-533b-48aa-89d5-750266000b10,Dalawa Health Post,,Dispensary,Tudun Wada,KN4103,8.670525000415637,11.370171999698869
4617f179-bee3-45b1-8172-33cf20c0f1ce,Gunda Health Post,,Dispensary,Kibiya,KN2307,8.713019000288284,11.505874999902687
1a763a07-3810-4835-91a2-29a302e003cb,Mesa Tudu Health Post,,Dispensary,Gezawa,KN1706,8.721703000188654,12.123432999504303
a70e611d-fc15-4c4b-b689-08ea3441b325,Yan Audu Health Post,,Dispensary,Gaya,KN1609,8.915841000096293,11.835196999661491
a328cc65-bd61-4617-821c-ade1ef08d1bf,Chula Health Post,,Dispensary,Ajingi,KN0103,8.970700000370414,11.98966199961319
b13e9a51-f58a-4455-abcb-7522865c57aa,Balan Model Primary Health Center,,Primary Health Center,Gaya,KN1601,9.023162000015873,11.810528999900782
9fc73759-6066-4d06-80a9-81a48103374c,Kadiri Health Post,,Dispensary,Ajingi,KN0110,9.03462514480458,12.06423913428489
3f33c791-e194-4bf3-b4d3-a0ccb53d48aa,Duja Health Post,,Dispensary,Albasu,KN0204,9.090688999897282,11.654187999674377
4113d7b7-4283-4645-ad0f-8d3b66b1da1f,Gagarame Health Post,,Dispensary,Albasu,KN0207,9.190613999791651,11.553885999523914
fbd8bbe0-d976-4b03-8e10-5de7aac6b2fc,Daho Health Post,,Dispensary,Albasu,KN0203,9.207179275046997,11.664530226701459
4749992d-c424-4102-a004-d7f64f5a5017,Lakwaya Model Primary Health Center,,Primary Health Center,Gwarzo,KN1906,7.867004000460838,11.983110000161446
5d48edf1-c75d-4f1f-ada8-1605d6321c2b,Kutama Model Primary Health Center,,Primary Health Center,Gwarzo,KN1905,7.873163108645656,11.869383946889911
66bb1dea-1ca0-4bac-9ddf-9b4a19786715,Tsaure Basic Health Center,,Primary Health Center,Shanono,KN3510,7.879994202287094,12.09454408387569
9364c002-314b-4c9e-9d14-0fda1b32f368,Gwarzo General Hospital,,General Hospital,Gwarzo,KN1910,7.937610436434625,11.925689255146722
cdfdecdb-61a6-4e65-93dc-8cd03d901b42,Faruruwa Basic Health Center,,Primary Health Center,Shanono,KN3503,7.937782999551871,12.183514000326568
3f86bf52-80e4-4622-80bc-901ef311de48,Gurun Model Primary Health Center,,Primary Health Center,Tsanyawa,KN4004,7.976675999977829,12.342116000089163
406c0d27-0177-43a2-b3ee-0194ae6c084e,Kadamu Model Primary Health Center,,Primary Health Center,Shanono,KN3505,7.984533000316276,12.178134999671784
49876205-8470-41f7-b37d-c0f4aeb5cd29,Dumbulum Basic Health Center,,Primary Health Center,Tsanyawa,KN4002,8.016273489882451,12.191969380071555
db132b2f-bed2-4434-aa31-a99e705c1256,Madadi Basic Health Center,,Primary Health Center,Gwarzo,KN1907,8.055421362481582,11.882523167817396
b7f3550b-6778-4a00-a5b3-78d1ef160f61,Yar Gwanda Basic Health Center,,Primary Health Center,Tsanyawa,KN4006,8.073138274519408,12.32841756278168
460b703b-8f76-4986-a0e6-b52c3b60c7d1,Leni Basic Health Center,,Primary Health Center,Shanono,KN3507,8.099453362399288,12.007573922783536
44be9f2e-71ee-44b7-97de-b16228a786d5,Danzabuwa Model Primary Health Center,,Primary Health Center,Bichi,KN0503,8.110240999728944,12.345858999632355
59f918dd-6826-46fc-9f23-dfd6200796db,Dangada Model Primary Health Center,,Primary Health Center,Bagwai,KN0302,8.132145186611808,12.010561153813228
6cb242ee-ce77-4c68-8962-1d307f7d7759,Abbas Primary Health Center,,Primary Health Center,Bagwai,KN0301,8.137020999924744,12.153277999782574
d60a6b14-d60c-4c34-8d31-36e4b40a860b,Chiromawa Basic Health Center,,Primary Health Center,Bichi,KN0507,8.159445000160758,12.321468000059781
44d4c9de-e924-4d74-b4c8-66f6d79f3dcc,Sabon Fegi Health Post,,Dispensary,Karaye,KN2205,8.019063355329989,11.786981529945121
9b7ef4ac-551c-40c6-9917-2c648952e632,Shuwaki Model Primary Health Center,,Primary Health Center,Kunchi,KN2609,8.173190999500548,12.424528000084251
cec036dc-148d-4c6a-a892-9d4d558f45c7,Kafin Maiyaki Primary Health Center,,Primary Health Center,Kiru,KN2414,8.203160432863342,11.458024070390252
638a36f5-811b-4be2-a031-a58fcfb223f9,Bichi General Hospital,,General Hospital,Bichi,KN0502,8.23622500032917,12.234822000187933
db1e493b-f001-46d0-840c-0c5cb68fd2ff,Gwarmai Basic Health Center,,Primary Health Center,Bebeji,KN0407,8.254921100032277,11.533370259584444
c68019b2-e590-4bd2-829c-2e66eefde57a,Kunchi Primary Health Center,,Primary Health Center,Kunchi,KN2605,8.274722000486065,12.502263999902198
37fe66a5-d9fe-465b-a34f-e7ff2b8e9b60,Tattarawa Primary Health Center,,Primary Health Center,Dawakin Tofa,KN1008,8.381653000140659,12.176936999857787
30bda840-9235-42a2-b835-6513113f4aa0,Gwarmai Primary Health Center,,Primary Health Center,Kunchi,KN2603,8.404604999735454,12.363639999713712
c225b73a-9584-41f4-b1eb-a81995d56ccd,Kura General Hospital,,General Hospital,Kura,KN2701,8.424294738113701,11.777737422620419
0b4ee7a1-188b-461d-84f2-751bde31c32c,Ganduje Primary Health Center,,Primary Health Center,Dawakin Tofa,KN1005,8.449426957189871,12.221600147204299
1586cded-a226-4242-a90c-397a218797d5,Munture Sabon Gari Health Clinic,,Primary Health Center,Rano,KN3205,8.453668000071502,11.524743999723285
63646f34-e599-49d5-b2ab-3235b26ed956,Rijiyar Lemo Model Primary Health Center,,Primary Health Center,Fagge,KN1207,8.480889739567374,12.04710783964498
2615e24c-90dd-4985-a233-7dd28a97442f,Dr Wada Waziri Basic Health Center,,Primary Health Center,Makoda,KN2901,8.522481999827335,12.326390000404047
b9d78f88-b78a-4f04-8af5-24e1f523a6b0,Wailare Health Post,,Dispensary,Makoda,KN2911,8.529718999744546,12.268048999764119
6c9a3849-1baf-4dc7-a2d3-e3196ae94073,Sheik Jiddah General Hospital,,General Hospital,Fagge,KN1203,8.533951042620004,12.010019163444952
cd54c56a-cc92-43c8-9e40-ae158c14b4ef,Kunya Primary Health Center,,Primary Health Center,Minjibir,KN3004,8.535358999576658,12.221169999912036
bb33fd6a-d596-4a75-b60c-4bc0f5ab41d9,Giginyu Basic Health Center,,Primary Health Center,Nassarawa,KN3104,8.564511000384073,11.988559999864435
b720c761-b5ee-4adc-ad2e-034ae24c800c,Ririwai Basic Health Center,,Primary Health Center,Doguwa,KN1106,8.727946751430977,10.750137074414283
f6d81f2b-c51b-4446-91aa-de90fd52eb92,Wudil General Hospital,,General Hospital,Wudil,KN4408,8.846008507648435,11.799518966419953
461bfe19-bbe0-43cd-b796-8522a7dd7518,Lajawa Primary Health Center,,Primary Health Center,Wudil,KN4407,8.922481984608567,11.870142757405517
a8e46f27-ac15-4863-adb3-01772cfd2259,Dr Rabiu Musa Kwankwaso Health Clinic,,Primary Health Center,Gaya,KN1604,9.005145999774868,11.865060999952675
997d5a6d-7461-4538-b67e-2ab266e6ff9e,Gidan Sarkin Noma Model Primary Health Center,,Primary Health Center,Gaya,KN1608,9.12059000021361,11.82291500031647
026630f3-6992-4b76-88cd-1ddbd62c3f31,Dawakin Tofa General Hospital,,General Hospital,Dawakin Tofa,KN1003,8.33101499973452,12.10794499998093
e16e4ac3-8eac-4a39-8972-8355e527fd77,Yandadi Model Primary Health Clinic,,Primary Health Center,Kunchi,KN2610,8.235173710614902,12.453076187481372
9a834e9f-cf19-43f1-a0bd-a968b43ad199,Sanbauna Basic Health Center,,Primary Health Center,Minjibir,KN3001,8.598618016558191,12.124772517414442
0aa58a4c-60a3-4182-944e-6d68d7d42142,Bebeji General Hospital,,General Hospital,Bebeji,KN0403,8.268185000044468,11.670062000460064
191361cc-82c0-462b-bfc5-c5fd52ac59be,Unguwar Rimi Health Post,,Dispensary,Tofa,KN3911,8.332500316743733,11.972651212055212
66764495-0f8d-4de6-9e32-d106c069af63,Wak Basic Health Center,,Primary Health Center,Bebeji,KN0414,8.35778812992561,11.591948586385627
e28d5ab5-34e2-4d05-abf2-223bf7949e5c,Tiga General Hospital,,General Hospital,Bebeji,KN0412,8.357882999990068,11.480871999914314
54eee89b-087a-4e0b-a253-f224f049530a,Garun Malan Basic Health Center,,Primary Health Center,Garun Malam,KN1506,8.36618299962953,11.683300000454665
4ac8e6bc-9b77-442a-9ba8-4711bb600c7b,Rugu Rugu Basic Health Center,,Primary Health Center,Tudun Wada,KN4109,8.392849072747879,11.327330304589964
d2c2d908-c946-4148-89ae-457c4fbe3736,Sharada Primary Health Center,,Primary Health Center,Kano Municipal,KN2107,8.51388499998609,11.970674999712458
0278cd84-5a73-44c7-a056-a56c7be96c8f,Jaba Model Primary Health Care,,Primary Health Center,Fagge,KN1208,8.546250999977246,12.059268999907886
338150ff-3ae8-49eb-80ae-9a04b7e3e069,Yan Dutse Health Post,,Dispensary,Bichi,KN0502,8.242358800000002,12.232322300000002
30213438-a536-4931-add0-1cfe9e44025e,Taitai Health Clinic,,Primary Health Center,Rano,KN3209,8.575130245599382,11.501395089858818
3d62b891-680f-48f2-a6f7-26c1ac371ebf,Dawakin Dakata Primary Health Center,,Primary Health Center,Nassarawa,KN3101,8.581927697217907,12.030640530456196
e4dd2805-ee5d-496f-b715-c980c11a1a55,Kibiya Primary Health Center,,Primary Health Center,Kibiya,KN2308,8.660938999902385,11.53280200019833
4e433168-c056-435a-ba2b-88b2b35797d2,Burum Burum Primary Health Center,,Primary Health Center,Tudun Wada,KN4102,8.727451130094266,11.385458555085393
17acd34e-319c-4079-ba8d-0af9a02eea65,Kure Primary Health Center,,Primary Health Center,Kibiya,KN2302,8.757621999593937,11.510861000290447
26e25a42-7d95-4b38-87fb-466874dc2cb0,Dal Model Primary Health Center,,Primary Health Center,Garko,KN1401,8.824999000373452,11.476230999760958
d6e882ba-a2ee-4343-88fb-ad01e44ace63,Utai Primary Health Center,,Primary Health Center,Wudil,KN4409,8.882140130198138,11.744124608782101
c9acebca-e691-4e25-b3df-6aaf45774485,Achilafiya Health Post,,Dispensary,Kiru,KN2411,8.18205199952115,11.73015600029106
d0387f95-63f1-4e33-9372-7812856d82ab,Sarkin Fulani Primary Health Center,Sarkin Fulani lslamiyya,Primary Health Center,Kumbotso,KN2507,8.504878492761959,11.888443469032703
7d592a2e-9161-45be-81bf-217e7702d5e1,Bargoni Health Post,,Dispensary,Kiru,KN2411,8.105228466323183,11.719052511746781
6115dba5-e9bd-43e7-85db-1e01d66488f1,Kantudu Health Post,,Dispensary,Makoda,KN2904,8.469680086950916,12.572611436699958
bfbdcd39-525a-4378-86e2-3f3eb7370e72,Fuskar Gabas Health Clinic,,Primary Health Center,Kano Municipal,KN2106,8.518404000056535,12.005180000156997
d25bbc46-ae57-4d6c-bf90-410c4cc39d78,Continental Clinic,,Primary Health Center,Fagge,KN1209,8.533172000090701,12.027242000147055
c1981527-9135-4ef7-9634-786106f2c9bc,Gwalaida Health Post,,Dispensary,Dambatta,KN0807,8.57429000002844,12.464954999552447
29f698c4-f681-4185-8106-21c0865e7f73,Dalal Rinji Health Clinic,,Primary Health Center,Gwale,KN1803,8.502027781929655,11.966071324584448
43324c24-77f7-42ac-9172-a8a464d5b9e3,Umar Faragai Health Center,,Primary Health Center,Albasu,KN0201,9.128011000255867,11.667724999872178
133519cd-7a18-4fb7-895b-d9b7c6289be1,Garin Ali Basic Health Center,,Primary Health Center,Garko,KN1402,8.861821145392355,11.569388787057335
a7de08fd-3656-4484-a1a5-b79ddb4e50c0,Saude Psychatric Hospital,,Primary Health Center,Dala,KN0710,8.499440000171376,12.013839000040377
a7046f6b-310f-4f2c-968c-2df2477b48ff,Kofar Waika Waje Health Post,,Dispensary,Dala,KN0705,8.475004999568966,12.020219000375278
4ffa4372-ce68-4141-a097-326a7dd228f9,Kano Prison Clinic,,Military and Paramilitary Clinic,Kano Municipal,KN2105,8.520796999682489,11.99043700013982
52591c33-0dbb-4e55-8942-32724c2f2224,Maimuna Allah Raya Hospital,,Primary Health Center,Fagge,KN1209,8.533593000376754,12.019569999934276
6fd6c869-4e9f-454f-8080-c7c62352beec,Warshu Hospital,,Primary Health Center,Nassarawa,KN3101,8.583090000007644,12.021183000030248
b5796461-5a23-4ee1-8f4f-9ff06005c70e,Waziri Shehu Gidado General Hospital,,General Hospital,Dala,KN0705,8.47058699956716,12.058271000229809
41392a12-a854-4244-a190-9e1e9ac70df5,Doka Primary Health Care,,Primary Health Center,Tofa,KN3902,8.303549999999998,11.991626669999999
fef9f59e-f45a-41cf-b8fc-06c64264ca6e,Tsara Health Clinic,,Primary Health Center,Rogo,KN3406,7.819588116978286,11.510572664698163
0254219f-edb6-4e6b-880d-8e5506a1cf18,Bari Modal Primary Health Center,,Primary Health Center,Rogo,KN3408,7.765433489524552,11.518026580981985
f06a6226-4e61-48fb-8adc-b7a66aca90cf,Kadafa Health Center,,Primary Health Center,Gwarzo,KN1905,7.935817089602249,11.906546674294596
6bd621d2-10ac-4b3f-b0b5-1e29adeeae80,Jauben Yamma Health Post,,Dispensary,Shanono,KN3509,7.994230025705407,12.053593802416106
9945237d-520a-403e-966f-850465803f4d,Kano Primary Health Center,,Primary Health Center,Nassarawa,KN3104,8.558885000000002,11.998365000000005
16182aa7-aff1-48f9-b49d-cf744df404b6,Taddangari Health Post,,Dispensary,Bichi,KN0502,8.247243260823886,12.2302193765353
82480fb7-6871-45d2-ac5a-ec9db5417fe8,Juma Health Post,,Dispensary,Rano,KN3203,8.622624270224215,11.613840790532189
e286d785-a93a-4ae5-adce-d74165738999,Tinkis Health Center,,Primary Health Center,Rogo,KN3407,7.8258981000000025,11.545965799999998
ea94877e-b791-42c5-9fc0-8070abd8e78b,Kurmi Health Center,,Primary Health Center,Rano,KN3202,8.601161667000001,11.50028833
0e14701b-7af2-4f35-ae28-3c5b9f5f5f21,Goron Dutse Community Health Post,,Dispensary,Gwale,KN1805,8.489756137000006,12.002701360000001
7f015173-a3cd-4357-a371-45cbd7ede49b,Dantsinke Health Clinic Darmanawa,,Primary Health Center,Kumbotso,KN2510,8.539559813,11.934497980000002
77abb17c-df52-48b6-a2a4-69081e4c493d,Kundu Primary Health Center,,Primary Health Center,Rano,KN3205,8.499316667,11.538543330000003
7b195736-7922-46a8-ae6d-4e3b62e29d08,Kauyen Adam Health Post,,Dispensary,Bichi,KN0502,8.226963687820051,12.226944062538406
d967e16a-14b1-4453-904b-720d2c57735d,Chalawa Basic Health Center,,Primary Health Center,Kumbotso,KN2503,8.452346210875092,11.940626289124907
b3f7731b-234b-4b25-aed6-3d784e45978b,Mai Kwandara Health Post,,Dispensary,Doguwa,KN1108,8.63827709,10.804695900000004
7d0b8c19-3186-410e-b71a-884b86ce096c,Bamako Primary Health Center,,Primary Health Center,Doguwa,KN1106,8.737927679365397,10.745332854733913
e9ff9ea1-69fd-47e2-8b61-b84f8d91495b,Badodo Health Center,,Primary Health Center,Nassarawa,KN3104,8.573327256192393,11.9971178671699
9fbc0b87-0fd1-4ff9-9102-9028ef8e91b7,Sumaila Yamma Primary Health Center,,Primary Health Center,Sumaila,KN3603,8.946871971631497,11.53122733132041
810d934a-3df8-43cd-8656-1a31c80b69a0,Baguda Health Clinic,,Primary Health Center,Bebeji,KN0404,8.304893333000004,11.68655333
2f95331d-6eba-482b-907e-27caa4b9b360,Kariya Health Post,,Dispensary,Bichi,KN0502,8.242320000000001,12.231752099999998
c27c326e-1a79-4765-86cc-97e11831b67f,Baure Health Clinic,,Primary Health Center,Nassarawa,KN3104,8.571795400000005,11.997019300000005
abc99636-e065-46d3-9ab4-a26bc8cc8dd4,Chedi Mai Dala Clinic,,Private Non Profit,Dawakin Tofa,KN1011,8.421908333,12.139135
270c9e28-4fbf-497f-842b-b92341848ea5,Kyuta Primary Health Center,,Primary Health Center,Bichi,KN0511,8.309254537671158,12.236048029512853
40b5f289-b1e2-4961-a702-4a8cf3b2a11f,Chakawa Health Center,,Primary Health Center,Dawakin Kudu,KN0910,8.614745845000002,11.81077713
f4949802-7e7d-4c75-bfab-2e0e9d4c5b56,Daurawa Health Clinic,,Primary Health Center,Dala,KN0709,8.514398200000002,12.009013600000001
5be44b10-2be7-4fb3-9501-4a1c9b7068df,Zambazau Health Post,,Dispensary,Dawakin Tofa,KN1011,8.46271860135291,12.140516433986141
83d878c9-c001-4210-9525-725ab8bbd2d3,Tanawa Health Clinic,,Primary Health Center,Kura,KN2707,8.437273333000002,11.772578329999998
05c6e2ab-ce23-4009-a679-cfbc934d386e,Ginzo Health Post,,Dispensary,Shanono,KN3509,7.990744800000002,12.050586300000004
7d8d6b3c-d35d-491b-81de-a182da883434,Bakari Health Center,,Primary Health Center,Rogo,KN3407,7.826048999999999,11.550161800000003
6bd09005-8efa-4111-9975-18363a3ff7a4,Madari Health Post,,Dispensary,Warawa,KN4310,8.73985473010068,11.906929465214422
a54b4273-b9a9-446b-84eb-e0226b86e697,Kargo Health Post,,Dispensary,Garun Malam,KN1503,8.414696071705324,11.660931229800383
400e24ba-a63d-49e5-9ff5-c8fe63999dc3,Alkalawa Health Post,,Dispensary,Kura,KN2707,8.425135932215781,11.76416535352662
3635a910-7ae7-4870-aba0-9ac6fdd6dbf5,Madigawa Health Clinic,,Primary Health Center,Dala,KN0711,8.5061401,12.000604200000003
930b1a33-7720-47c2-9acb-535ff74e770a,Alharini Health Post,,Dispensary,Ungogo,KN4209,8.5149740001699,12.098952423653985
a2fd13aa-2d33-4095-9597-0eca3dc8e242,Rimin Zakara Health Post,,Dispensary,Ungogo,KN4207,8.428633333000002,11.995573330000001
13746c65-c4ee-41b4-8650-da4baf257934,Kafin Lemu Health Clinic,,Primary Health Center,Sumaila,KN3606,9.021319443271777,11.28290069989261
801338f3-fb3a-4cae-a29f-524e7c48d338,Gurduba Model Primary Health Center,,Primary Health Center,Ajingi,KN0107,9.002517968573812,12.018640312328847
862c7f72-d8c6-4434-9b48-d7bd324fe732,Hargagi Health Post,,Dispensary,Albasu,KN0209,8.97812739606716,11.696277606073714
2f09dda1-ca60-47fa-be8b-828c83b106ab,Gabassawa Health Post,,Dispensary,Rimin Gado,KN3312,8.271402194171406,11.982546720198942
4fbbe034-3982-44b3-9b3f-0c995df3e6eb,Magami Health Center,,Primary Health Center,Madobi,KN2810,8.282220201477713,11.775369152430907
846a406f-4e6b-4d0e-a570-bbd60b6a2cd9,Magaji Galadima Health Center,,Primary Health Center,Kabo,KN2005,8.17530524480234,11.955140097233249
0f74efa5-5827-4483-ac64-924c43d4b39d,Dutsen Amare Health Post,,Dispensary,Karaye,KN2203,8.022378427667515,11.82788792702148
ec49267a-b6f9-4c4a-8266-1de295cec9c4,Yola Primary Health Center,,Primary Health Center,Karaye,KN2203,8.001466871894523,11.79487724685928
edf17a3e-8e34-4d22-8ffc-858cea5862af,Beli Besic Health Center,,Primary Health Center,Rogo,KN3401,7.833189772199687,11.463652082057106
6e2f095c-c6ff-4df7-8088-736b13c39056,Getso Maternal and Child Health Clinic,,Primary Health Center,Gwarzo,KN1902,7.975697,11.86985
