id,name,alternate_name,category,lga,ward_code,lon,lat
dc93d631-abb5-46a9-958e-a36aca4a9123,Sajiyan Basic Health Center,,Primary Health Center,Owo,ODSOWO11,5.44311523500005,7.23327636700003
1a25b3b8-aee0-4b72-92a6-123d2149c5d0,Aratundin Basic Health Center,,Primary Health Center,Ondo West,ODSOWT05,4.75671386700003,7.093688965000069
1480bb0e-cdeb-4bd8-92b8-cd7d897288ae,Mobire Basic Health Center,,Primary Health Center,Ile Oluji/Okeigbo,ODSIOU07,4.80767822200005,7.214477539000029
fb72f90b-2b01-4002-a97b-77b2e0ae08ac,Model Health Center Ajagba,,Primary Health Center,Ese Odo,ODSESO04,4.921102,6.423212
c3296da8-9c23-4513-b92d-62143a062693,Oniparanta Health Clinic,,Primary Health Center,Odigbo,ODSODI03,4.4165039060000595,6.680725098000039
bf10528a-0711-49ec-8986-9c6b276732e8,Ala Goke Health Center,,Primary Health Center,Akure South,ODSAKS07,5.356958,7.094164
4137869a-2d38-4a34-8450-69bc5f6a239a,Ebute Health Center,,Primary Health Center,Okitipupa,ODSPUP12,4.790268,6.507731
25468ae8-2938-488c-a2eb-cfe163553bee,Moni Clinic,,Primary Health Center,Akoko North West,ODSANW08,5.710876465000069,7.57312011700003
126aa21a-ba60-4fdc-ad58-b8895f2c378d,Omifun Basic Health Center,,Primary Health Center,Ondo East,ODSOET04,4.973693848000039,7.137878418000071
25cc452b-efa2-464e-99d8-33e5a49873e7,Ode Aye Health Clinic,,Primary Health Center,Okitipupa,ODSPUP10,4.737487793000071,6.59069824200003
00c8dac9-b161-4d75-af5f-f110c4aa2685,Idiogba Basic Health Center,,Primary Health Center,Ilaje,ODSIAE07,4.78350830100004,6.109497071000021
08ed7acc-fd1d-4e90-9b28-c6e5e00df42a,Abe Alala Basic Health Center,,Primary Health Center,Ilaje,ODSIAE04,4.668090821000021,6.210693359000061
f3c2a1f9-6ec2-4b31-b04a-0ee76c60ccf3,Akinbola Dispensary,,Dispensary,Okitipupa,ODSPUP07,4.628112793000071,6.527282715000069
ba9029da-cce7-45d8-a0c2-ef5cbb42a162,Itaoniyan Basic Health Center,Itaoniyan Health Center,Primary Health Center,Akure South,ODSAKS01,5.09350586000005,7.267883300000051
95a7c5b1-f763-403c-9120-3e1b5427ebf1,Surulere Basic Health Center,,Primary Health Center,Ondo West,ODSOWT07,4.835469,7.088767
cc77c14a-4ebd-4867-b741-331ec1fbfc9d,Custain Basic Health Center,,Primary Health Center,Odigbo,ODSODI10,4.874963775504671,6.75776193665936
2f55fe12-a29d-4c11-9e67-0c1c1bc26007,Ilutitun Basic Health Center,,Primary Health Center,Okitipupa,ODSPUP08,4.640667,6.528012
df73fb7c-1655-4cb4-ac1f-cc5700f9bff1,Arakale Comprehensive Health Center,,Comprehensive Health Center,Akure South,ODSAKS10,5.192849,7.251582
3e667d93-4fac-4e5e-a698-e3f745e19857,Moferere Iju Basic Health Center,,Primary Health Center,Akure South,ODSAKS05,5.20204,7.247266
d2ded6ba-9298-470d-bc75-e16ce022f522,Maroko Maternity Primary Health Center,,Maternity Home,Ondo West,ODSOWT07,4.835699,7.090177
21a065d0-5276-499c-8cd1-41f765314eb5,Ehinogbe Basic Health Center,,Primary Health Center,Owo,ODSOWO02,5.577974,7.193837
eb1c4e11-8cea-4182-bb9c-cb6cb3f5fcc9,Iku Basic Health Center,,Primary Health Center,Akoko North East,ODSANE09,5.738042,7.518564
2f047a0b-b770-4a0b-b735-161fa404870c,Family Support Program Clinic,,Primary Health Center,Owo,ODSOWO06,5.599166,7.215189
2b3182b0-a9b0-46d5-be68-f74841863da5,Ilutitun Comprehensive Health Center,,Comprehensive Health Center,Okitipupa,ODSPUP07,4.639502,6.520255
9c8aebf2-e7b4-4bf1-88f4-916aee3c13fb,Idasen Primary Health Center,,Primary Health Center,Owo,ODSOWO01,5.584677,7.185365
68bd216d-9f40-4e6f-9181-ee2fe6a5b51e,Oka Basic Health Center,,Primary Health Center,Ondo West,ODSOWT09,4.839052,7.08119
941d3c51-556f-41dd-af8c-4a026cfb57ff,Erinje Comprehensive Health Center,,Comprehensive Health Center,Okitipupa,ODSPUP03,4.728868,6.44148
e8f10ccb-fdb8-4e33-ac04-418f51671e6d,Okelisa Okedoko Basic Health Center,,Primary Health Center,Ondo West,ODSOWT10,4.823177,7.09678
a3d2dbf0-dc02-41c5-aafc-b8c4f2043f4b,Mother and Child Hospital,,Primary Health Center,Akure South,ODSAKS09,5.183608,7.24059
f2bcde2d-8b16-4510-886f-df97c53c9ab3,Amathibi Basic Health Center,,Primary Health Center,Ilaje,ODSIAE08,4.865155356782789,6.078346706557849
06fc0136-5cb5-4a76-9246-6bf954d38bd4,Moferere Oja Comprehensive Health Center,,Comprehensive Health Center,Ondo West,ODSOWT08,4.837742,7.091774
0fe77225-6b54-440d-a008-84cc8f59a595,Sabo Ibaka Basic Health Center,,Primary Health Center,Akoko South West,ODSASW05,5.808297,7.455859
f0c94830-08d0-4eb1-856f-19e2480a8a7f,Oke Alafia Comprehensive Health Center,Comprehensive Health Center Ileolu,Comprehensive Health Center,Ile Oluji/Okeigbo,ODSIOU01,4.862487793000071,7.201293946000021
78ae4b9f-aa1d-4ab2-aee9-ce19f3564489,Ore General Hospital,,General Hospital,Odigbo,ODSODI10,4.878200000000049,6.75111000000004
84411431-e7c9-48f3-8551-ae66d05dc104,Litaye Health Center Litaye,,Primary Health Center,Ondo West,ODSOWT01,4.7655,7.05204
5a522bb1-20ec-4b31-b3c1-a5dc40c875ff,Federal Basic Health Center Orisadare Camp,,Primary Health Center,Akoko South East,ODSASE05,5.84319,7.4123
f3acc276-fd50-491c-b50c-00cb0dce4aa6,Adeyemi Memorial Hospital Annex,,Primary Health Center,Akoko North West,ODSANW02,5.8938159,7.6679588
94007656-6902-4702-860a-4f71ed7178c0,Kenneth Memorial Hospital Ajowa,,Primary Health Center,Akoko North West,ODSANW02,5.903981,7.6808691
1619b1f7-825f-426c-8b46-de508084dfc7,Okuopolo Basic Health Center,,Primary Health Center,Ile Oluji/Okeigbo,ODSIOU05,4.910095215000069,7.226684571000021
57a4fefd-eaa8-4dec-bf2d-004ca0bf62ab,Awo Primary Health Center,Basic Health Center Awo,Primary Health Center,Ile Oluji/Okeigbo,ODSIOU10,4.759887696000021,7.2329101560000595
48c90ca9-12c7-464d-b310-51db1dfd2320,Mobaredele Health Post,,Dispensary,Idanre,ODSIDNE08,5.102722168000071,6.9818725580000205
e8418c88-4b21-4987-98a7-c3d0a71f54b5,Lahoro Health Post,,Dispensary,Ile Oluji/Okeigbo,ODSIOU01,4.863905063340639,7.17467618721883
ee9d9735-fdb8-4ee1-9ad9-eb2711e5cf45,One Ijebu Basic Health Center,,Primary Health Center,Ifedore,ODSIDE06,5.206196,7.279542
ad8b5624-2057-4428-aabe-3336b9a7e346,Ojaidioma Basic Health Center,,Primary Health Center,Ile Oluji/Okeigbo,ODSIOU03,4.87235,7.206504
9fcefd70-4593-4f00-a3a3-59256488cd02,Akinjagunla Basic Health Center,,Primary Health Center,Ile Oluji/Okeigbo,ODSIOU01,4.838199,7.110748
f4d47833-dc22-4740-be68-1986edbe803b,Owode Basic Health Center,,Primary Health Center,Ile Oluji/Okeigbo,ODSIOU06,4.805685,7.29117
e02cd006-1cd4-48a3-a647-e04448f59ba4,Opasorun Primary Health Center,,Primary Health Center,Idanre,ODSIDNE04,5.146214,7.087738
5c769ba3-fa61-45be-85b9-60d86de756e5,Adegbola Basic Health Center,,Primary Health Center,Ifedore,ODSIDE06,5.182912,7.262362
07fb67f0-89cc-4af5-aa4c-685fe24e4baf,Apefon Basic Health Center,,Primary Health Center,Idanre,ODSIDNE07,5.14167,7.078684
0a1f962e-d58f-4560-8d6f-255ee36fa6b9,Odo Eshi Basic Health Center,,Primary Health Center,Ifedore,ODSIDE04,5.166966,7.35849
27ab1046-bab8-40de-8cff-64b5a374e56d,Ipoke Basic Health Center,,Primary Health Center,Ese Odo,ODSESO05,4.863031,6.387991
cdd7913a-4b01-4805-a58d-4d45abc2f512,Ajagba Primary Health Center,,Primary Health Center,Ese Odo,ODSESO04,4.9212399338562705,6.42534986771254
a0b569d2-849b-4976-98db-8a3addeea1ec,Algon Basic Health Center Ogbagi,,Primary Health Center,Akoko North West,ODSANW08,5.709341667,7.56438
85485a6e-ac53-49d3-85c5-36a5ab5ea63d,Orisunbare 2 Basic Health Center,,Primary Health Center,Ile Oluji/Okeigbo,ODSIOU10,4.77338986,7.11294636
3f3d0c7f-48c1-4f64-a301-4090ab2cf974,Ayeka Basic Health Center,,Primary Health Center,Okitipupa,ODSPUP01,4.790652,6.491783
f34bdbb2-c0de-4e76-9c07-9e9d4816c7be,Ayemafuge Private Hospand Maternity,,Maternity Home,Ilaje,ODSIAE05,4.802920000000029,6.364200000000039
95e2fd59-896e-4a27-baa1-9f7b0f9dd590,Royal Medical Center,,Medical Center,Akure South,ODSAKS11,5.17339000000004,7.262660000000039
0e3608c9-b4ad-4080-971b-70b7d14799a3,Miracle Hospital,,Primary Health Center,Akure South,ODSAKS06,5.19315000000006,7.24096000000003
87afb8a8-55a9-4a9d-8761-e18ba6b28b5b,Faith Clinic,,Primary Health Center,Akure South,ODSAKS02,5.17873000000003,7.243950000000041
a46dd8e2-1e70-4b7a-a8d9-fd027eb999df,Odji Memorial Hospital,,Primary Health Center,Owo,ODSOWO09,5.569550000000049,7.207590000000039
2e6f7f3b-4193-4d5e-ac6e-f09b0b9e82a9,Abimbola Medical Center,,Medical Center,Akoko North East,ODSANE04,5.767910000000029,7.543910000000039
ad2b8909-e15c-4c79-94b7-b39094ab7982,Kenneth Medical Center,,Medical Center,Akoko North East,ODSANE06,5.760220000000061,7.527380000000051
ad4a9f95-bdb8-4292-86cc-d91b64ae27a9,Bolorunduro Clinic,,Primary Health Center,Akoko South West,ODSASW07,5.794510000000059,7.45586000000003
452987df-f8ff-44e2-8172-246eb7d44640,Joseph Clinic Supare,,Primary Health Center,Akoko South West,ODSASW15,5.6907300000000305,7.4508500000000595
fb932fd2-c59a-4480-ae48-4aeee39ff28b,Maria Maternityer Misericordiae Hospital,,Maternity Home,Ondo West,ODSOWT04,4.83215000000007,7.073610000000031
4d44ab02-0f58-47c2-986d-88d96646e38a,Prime Clinic Ondo,,Primary Health Center,Ile Oluji/Okeigbo,ODSIOU01,4.853970000000061,7.107400000000041
aa6f1f7e-4d6c-4d64-9632-f0ed73dbdd0d,Abitoye Hospital,,Primary Health Center,Ifedore,ODSIDE06,5.218700000000069,7.262670000000071
b9530ed8-7399-415a-b95a-26adc9edb5c9,Oyin Akoko Basic Health Center,,Primary Health Center,Akoko North West,ODSANW10,5.7580401569794,7.669522780356681
343ee0f3-898e-4ab4-ac3f-3d3b464b18d0,Owena Ijesa Primary Health Center,,Primary Health Center,Ifedore,ODSIDE10,5.00632,7.40298
fdc406c1-1373-4ca3-984c-6af13026585b,Afibiokin Health Center,,Primary Health Center,Ile Oluji/Okeigbo,ODSIOU06,4.8688014333814005,7.367642294192659
d5b30c3a-ed42-4536-b0be-23a8e5813cda,Laje Comprehensive Health Center,,Comprehensive Health Center,Ondo West,ODSOWT05,4.630081213452801,7.020376676911599
68f56ef5-fa73-413b-80d8-823e71d37cd2,Jubilee Health Center Ikare Akoko,,Primary Health Center,Akoko North East,ODSANE04,5.765740000000051,7.5344800000000305
b317f75b-604d-483d-854b-f4a1d4b4d912,Ogbagi Comprehensive Health Care,,Primary Health Center,Akoko North West,ODSANW08,5.700580000000059,7.579910000000041
ad5a76a0-ec9e-4fb9-aeec-29934f307572,Akata Basic Health Center,Abeala Basic Health Center,Primary Health Center,Ilaje,ODSIAE07,4.79338000000007,6.14247000000006
aeb5fdf5-308e-4292-bbb5-2bc8df67ef53,Okunmo Basic Health Center,,Primary Health Center,Okitipupa,ODSPUP01,4.773110000000031,6.442190000000039
d32c9120-d6d3-44ba-8ac1-a34a7b7a1261,Opd Health Ore,,Primary Health Center,Odigbo,ODSODI10,4.87549000000007,6.734100000000069
732f83d3-784d-4420-a3d6-61d2c0fd4e3f,Omifon Odigbo Basic Health Center,,Primary Health Center,Odigbo,ODSODI10,4.87578000000002,6.742160000000069
bc9c9111-28c8-4b5a-9c87-410b3ca6a06d,Igbindo Basic Health Center,,Primary Health Center,Ondo West,ODSOWT01,4.71452000000005,6.9641900000000305
acafc604-de54-437a-9cce-49c2d2423da4,Akowonjo Basic Health Center,,Primary Health Center,Akoko South West,ODSASW15,5.61701000000005,7.44798000000003
230edafe-4e55-41ff-8c46-b55ece5d2cde,Danjuma Basic Health Center,,Primary Health Center,Akure South,ODSAKS02,5.176700000000039,7.24786000000006
4f8eeddb-ae05-4b4b-b0df-e2d751ce6392,Igbe Primary Health Center,,Primary Health Center,Owo,ODSOWO10,5.622560000000021,7.140140000000031
d777f3a5-0b1f-417c-962a-be4d3fa0af66,Isuada Primary Health Center,,Primary Health Center,Owo,ODSOWO03,5.584450000000061,7.226610000000051
d9dc48f7-6fb7-4c58-a688-6d5705f39feb,Owo National Primary Health Care,,Primary Health Center,Owo,ODSOWO10,5.609850000000051,7.168730000000039
4dd4046d-48ff-46d4-b514-308b2271e67b,Orisa Ikare Basic Health Center,,Primary Health Center,Akoko North East,ODSANE11,5.74517000000003,7.516330000000039
6bccd995-a77f-4b20-b8aa-1dce8f9bd0b4,Ipesi Basic Health Center,,Primary Health Center,Akoko South East,ODSASE06,5.955180000000041,7.36516000000006
45e7dcf2-bb7c-4d34-ba4b-274a0a7afd95,Oba Basic Health Center,,Primary Health Center,Akoko South West,ODSASW10,5.716910000000041,7.374590000000069
ea046cd9-9446-48d4-9c3d-bc6430782860,Ijagba Basic Health Center,,Primary Health Center,Ose,ODSOSE10,5.755380000000059,6.86062000000004
c8bb4a07-5018-452d-90f7-d5476a801199,Ago Iwoye Afo Health Post,,Dispensary,Akoko South West,ODSASW09,5.709170000000029,7.309490000000039
1b9ec995-d556-4a02-af76-f16678dbe4aa,Isimija Health Post,,Dispensary,Akure North,ODSAKN09,5.2532900000000495,7.366800000000069
1f4cbbf4-6488-4452-bf3d-6ed0275bdaa0,Isolo Comprehensive Health Center,,Comprehensive Health Center,Ifedore,ODSIDE06,5.197630000000061,7.2639800000000605
7e31beb3-7125-46a6-a29a-8c0bbd8e103b,Adegbola Health Center,,Primary Health Center,Ifedore,ODSIDE06,5.183330000000069,7.262580000000071
7dbbd8d6-f742-4375-b781-ca256569465d,Okeiwonja Health Center,,Primary Health Center,Idanre,ODSIDNE08,5.12146000000007,7.03657000000004
bb9128ad-8671-4a69-96c3-4661ae603413,Owomofewa Iwonja Health Center,,Primary Health Center,Idanre,ODSIDNE08,5.135630000000049,7.00398000000007
9d1abefd-e1cd-467f-9b7c-ce504fc08977,Abababubu Health Center,,Primary Health Center,Idanre,ODSIDNE06,5.012070000000051,7.095070000000021
d164aa8b-0721-4c8b-97fe-d801a2078cbb,Ayefemi Health Center,,Primary Health Center,Idanre,ODSIDNE05,5.024300000000039,7.07612000000006
fb15e597-c48c-425b-a261-1e34a1a5c194,Gbalegi Health Center,,Primary Health Center,Idanre,ODSIDNE04,5.168550000000039,7.135310000000061
a75a8a5c-e419-409e-b9f9-89daa19aebed,Ode Aja Comprehensive Health Center,,Comprehensive Health Center,Ese Odo,ODSESO04,4.923570000000041,6.4251200000000495
65f25270-0bca-4632-888e-b8c1705a1c52,Kiribo Basic Health Center,,Primary Health Center,Ese Odo,ODSESO04,4.9241700000000606,6.41778000000005
149af43e-8324-4a81-a256-9810f6d26017,Adetimehin Memorial Maternity,,Maternity Home,Odigbo,ODSODI04,4.82835,6.91372
a8639ba0-70d1-4a8d-8993-2417bf9e8476,Okeogun Primary Health Center,,Primary Health Center,Ondo West,ODSOWT01,4.78862,7.03077
658ed770-f23f-4bf5-b361-9f7ca13c8da9,Onitea Maternity Clinic,,Maternity Home,Odigbo,ODSODI09,4.42611,6.73035
7507b88d-c0af-4f66-bcb3-a52904a4ab0c,Idoani Basic Health Center,,Primary Health Center,Ose,ODSOSE02,5.84663,7.29786
59291292-227a-43f5-995e-fc2071251cde,Ojana Maternity,,Maternity Home,Owo,ODSOWO09,5.4677,7.22576
76487cc3-13b9-4bd2-8b7d-6bd45482919d,Ikaram Akoko Basic Health Center,,Primary Health Center,Akoko North West,ODSANW06,5.8742,7.62237
bb56cebd-91d1-4c0f-84f2-3738eab20080,Lasia Basic Health Center,,Primary Health Center,Odigbo,ODSODI04,4.85975,6.88571
6e8e8d4c-5b5b-4936-bff4-2870323e8445,Old Maternity Center Igborowo,,Maternity Home,Odigbo,ODSODI04,4.88213,6.92608
7172a55e-adb0-4d13-8150-5972322da271,Odo Ahere Maternity Health Center,,Maternity Home,Owo,ODSOWO07,5.51883,7.09578
8c834620-e60d-49f5-8734-4b4354279aec,Mile 10 Basic Health Center,,Primary Health Center,Odigbo,ODSODI11,5.00214,6.7315
b20ecf8f-b7de-4fa1-96c1-0b4a256be504,Owani Health Center,,Primary Health Center,Ose,ODSOSE02,5.81591,7.26566
c73419d3-dc40-40c0-ac9d-5f76241bc3a3,Owewa Maternity,,Maternity Home,Idanre,ODSIDNE05,5.01268,7.00308
4379c516-6ccc-461a-9399-be01f9e6716a,Poly Owo Health Center,,Educational Clinic,Owo,ODSOWO09,5.55965,7.22496
24d4bb3d-fb97-4990-b174-6439c17daeda,Asan Akungba Health Post,,Dispensary,Akoko South West,ODSASW03,5.728921667,7.47132
b466ae02-2cfa-40e1-8334-67b6eeab45ec,Oketun Abadara Basic Health Center,,Primary Health Center,Akoko North East,ODSANE10,5.683636667,7.530783333
28917a3e-5fc4-4bfd-9c66-ceff81fd6b53,Ijaja Basic Health Center,,Primary Health Center,Akoko North West,ODSANW03,5.7633387,7.5699345
ce2c5f62-56b7-4ad3-a6c2-5a06a884e9a5,Ejidu Basic Health Center,,Primary Health Center,Akoko North West,ODSANW07,5.651223333,7.618843333
52143ca7-17d6-4f13-bafd-9fa297e05dbf,Oge Basic Health Center,,Primary Health Center,Akoko North West,ODSANW10,5.769971667,7.643873333
38d38c95-62bb-4af7-85a2-2cd97b7901f8,Isalu Ii Basic Health Center,,Primary Health Center,Akoko South East,ODSASE01,5.863373333,7.460421667
0a52256c-c59a-44cd-81ff-794edfd4d189,Okusa Quarters Health Center,,Primary Health Center,Akoko South West,ODSASW03,5.733023333,7.471278333
ae70bd9f-b1f8-4f30-9347-7c3de276ec28,Ebo Health Post,,Dispensary,Akoko South West,ODSASW04,5.774068333,7.437675
e18eb468-2b10-48c8-84ac-3e6ac637d6d8,Arepena Health Post,,Dispensary,Akoko South West,ODSASW05,5.809701667,7.454413333
c8d0af95-3ff7-4f62-9cfd-a597299b4aaf,Oka Primary Health Center,,Primary Health Center,Akoko South West,ODSASW11,5.779496667,7.450943333
91242f4c-a7e6-4658-9b9b-8f9c5f97effd,Ayepe Health Post,,Dispensary,Akoko South West,ODSASW13,5.75198,7.447018333
3776ba85-67f9-49bc-92df-0141a6e0ba1f,Adejubu Basic Health Center,,Primary Health Center,Akure South,ODSAKS07,5.282083333,7.176155
c187a257-2992-41b6-a79c-4582cca5650b,Bolorunduro Igbatoro Basic Health Center,,Primary Health Center,Akure South,ODSAKS07,5.31980634,7.146175
73923cf0-7827-41b4-a31c-d7a2a03e41fc,Familugba Basic Health Center,,Primary Health Center,Ose,ODSOSE06,5.7639724,6.928298
23940815-6b30-42c2-938e-8684354424f2,Shasha Basic Health Center,,Primary Health Center,Akure North,ODSAKN12,5.244598333,7.280291667
c9b47f3c-e7b8-46c1-9d37-641756f06f99,Oke Afa Basic Health Center,,Primary Health Center,Akure North,ODSAKN09,5.252876667,7.357765
ba4b2f4f-a608-4c65-995e-23b3b6829b70,Kajola Iju Basic Health Center,,Primary Health Center,Akure North,ODSAKN10,5.34524232,7.38119385
ff6329b0-ecd1-4777-8574-c8e402b756e5,Algon Comprehensive Health Center,,Comprehensive Health Center,Akure North,ODSAKN10,5.27118027,7.39780872
b517831b-74d5-46a7-af41-7a6a14c07216,Akomowa Basic Health Center,,Primary Health Center,Akure North,ODSAKN11,5.24343,7.368368333
7d891886-24d0-4e43-90fa-d29f8e4e8993,Gloryland Basic Health Center,,Primary Health Center,Akure North,ODSAKN12,5.222601667,7.293983333
8d1fa695-a812-4b9b-bc19-410662d5766b,Araromiaje Basic Health Center,,Primary Health Center,Akure South,ODSAKS07,5.247166667,7.15804
3767ec24-2c2e-43d1-b12d-e0b8799c567d,Familusi Basic Health Center,,Primary Health Center,Akure South,ODSAKS09,5.17503597,7.22556971
a57790fd-b4ad-4f70-a00e-b69d51360a2a,Amapere Basic Health Center,,Primary Health Center,Ese Odo,ODSESO06,4.978923333,6.275698333
ac6d2748-20d4-48e1-85ce-463b8c9ed82b,Obontoru Basic Health Center,,Primary Health Center,Irele,ODSIRL04,5.025411667,6.333808333
5841dd2d-98ae-4815-b61b-929453d99b19,Agoeri Basic Health Center,,Primary Health Center,Ese Odo,ODSESO07,4.941903333,6.17612
c45b35aa-0cf3-452c-a209-73a5ed2cdabc,Ogidigba Basic Health Center,,Primary Health Center,Ese Odo,ODSESO07,4.906468333,6.172978333
d609bd18-7158-4c5a-a5c2-2a5bc4217889,Biagini Basic Health Center,,Primary Health Center,Ese Odo,ODSESO08,4.983245,6.157421667
4b81039d-974b-4c5a-bf96-01319c15da6f,Alagoki Basic Health Center,,Primary Health Center,Idanre,ODSIDNE02,5.35162911,7.07737899
17126dd3-3b8a-4c61-b4ce-f29767300f25,Olorunda Basic Health Center,,Primary Health Center,Ifedore,ODSIDE10,5.03780045296047,7.389601533072831
d83c92ea-aa8b-4d5a-be8a-22a1c960a12d,Ode Etikan Basic Health Center,,Primary Health Center,Okitipupa,ODSPUP01,4.792961667,6.488263333
a643062b-3215-48a4-8713-8b738946a073,Abereke Basic Health Center,,Primary Health Center,Ilaje,ODSIAE04,4.625263333,6.250245
05a71147-cf6a-4575-b947-f2bafdef14ff,Zion Ogogoro Basic Health Center,,Primary Health Center,Ilaje,ODSIAE04,4.658423333,6.206725
2a28945f-60b2-4706-b54c-b1eec322aa86,Atijere Basic Health Center,,Primary Health Center,Okitipupa,ODSPUP01,4.797525,6.494823333
efe6ecea-a04a-4086-8901-bc1bd45fd37d,Temidire Basic Health Center,,Primary Health Center,Ile Oluji/Okeigbo,ODSIOU04,4.87093656,7.21436825
700b8d2c-ef50-475e-b0d8-ebd1fd672dde,Ologundudu Basic Health Center,,Primary Health Center,Ile Oluji/Okeigbo,ODSIOU06,4.8725041,7.27617092
e0fd5f3d-965b-4bd8-829c-83f66cf91671,Salawa Basic Health Center,,Primary Health Center,Irele,ODSIRL01,4.98275,6.413001667
a8811754-3308-4bd1-8b6e-fe990393d466,Lekon Basic Health Center,,Primary Health Center,Irele,ODSIRL05,4.920505,6.582923333
d66dac91-1950-45b2-ab34-9dd9c1e5e952,Atoranse Basic Health Center,,Primary Health Center,Irele,ODSIRL07,5.058323333,6.578943333
dbebce0d-b6fc-450b-845a-5417c27309ec,Lewumeji Basic Health Center,,Primary Health Center,Irele,ODSIRL08,4.958011667,6.578726667
ffce0222-9651-4e1e-a345-e8cdd045f0a2,Ebijaw Basic Health Center,,Primary Health Center,Irele,ODSIRL10,5.108846667,6.600078333
9a747331-44ae-4ed3-aad7-8f1d1b38c5fb,Adaja Basic Health Center,,Primary Health Center,Odigbo,ODSODI08,4.902585,6.822731667
e87bee5d-239c-498d-a4f5-a7126882eb92,Kajola Express Basic Health Center,,Primary Health Center,Odigbo,ODSODI09,4.509111667,6.72529
a80e1ee4-4d00-44bb-b53b-870a0eefad20,Ore Alaba Basic Health Center,,Primary Health Center,Odigbo,ODSODI10,4.87984,6.72576
afdd2b35-00b2-4f54-8ee9-02d528c42eb2,Asejire Basic Health Center,,Primary Health Center,Odigbo,ODSODI11,4.984648333,6.76693
b2259aad-86a0-45fa-bc4a-96e6f434f5c8,Araromi Basic Health Center,,Primary Health Center,Irele,ODSIRL09,4.8305451,6.4674728
076bf012-99f3-437b-87c6-a8218c7737bf,Ilebe Basic Health Center,,Primary Health Center,Okitipupa,ODSPUP04,4.6187052,6.6868829
22eacb60-37eb-4093-84fd-15735205199d,Ayetoro 2 Basic Health Center,,Primary Health Center,Odigbo,ODSODI07,4.5217018,6.6424945
5f8e277f-3b26-47da-a534-de237b29a5b3,Iwada Basic Health Center,,Primary Health Center,Okitipupa,ODSPUP09,4.5938477,6.564084
92f5b099-e3c1-49ab-9303-04c33406ea16,Omotosho Comprehensive Health Center,,Comprehensive Health Center,Okitipupa,ODSPUP05,4.6495583,6.7208557
c3a9b270-8a14-4cd3-91d9-401d52b37c99,Abusoro Basic Health Center,,Primary Health Center,Okitipupa,ODSPUP13,4.7053583,6.4902703
d096bfa8-b469-4b01-ac5b-8a0ba80e37f0,Farm Settlement Basic Health Center,,Primary Health Center,Okitipupa,ODSPUP12,4.7495293,6.5503237
1b68d998-be63-41d7-af70-650b7cc82e4e,Oke Oya Health Post,,Dispensary,Ondo East,ODSOET01,4.9998388,6.9561066
a08cdd08-b2ac-419c-bcdd-b9175d025cca,Eleyowo Basic Health Center,,Primary Health Center,Ondo West,ODSOWT01,4.681736667,6.992788333
1e339409-2d2e-493b-b764-2f470577f328,Obanigba Basic Health Center,,Primary Health Center,Ose,ODSOSE06,5.7680736,6.9277998
5d1e93f3-0a42-4d87-8a6d-35bac2fa7fa4,Matuso 1 Basic Health Center,,Primary Health Center,Owo,ODSOWO11,5.424561667,7.275976667
2befe56a-f26d-473d-b330-71875104028d,Atakumosa East Olora Primary Health Center,,Primary Health Center,Ile Oluji/Okeigbo,ODSIOU10,4.759878333,7.352715
a19c49df-f1d8-41a6-a8e6-845dd2194779,Kenneth Medical Center,,Medical Center,Akoko North East,ODSANE02,5.751892090000069,7.512695312000062
f3d1b407-1393-4d13-ba1f-13a6f18e1fae,Lofoluwa Health Post,,Dispensary,Odigbo,ODSODI01,4.4954833990000225,6.506530761000022
2611300e-64f8-4f44-a117-dc9029ae58e5,Kunle Medical Center,,Medical Center,Akure North,ODSAKN03,5.333679199000073,7.267700196000021
e4fcabd5-1866-4aea-9a97-bb451fb216e1,Caring Heart Clinic,,Private Non Profit,Ile Oluji/Okeigbo,ODSIOU06,4.83501,7.31945
1d57e1b5-4b2c-4340-9ccb-2a829b3e379e,Kem Fab Health Clinic,,Primary Health Center,Okitipupa,ODSPUP08,4.644470215000069,6.530273437000062
aec57e21-3329-4efe-95b2-f6796c5f36d0,St Theresas Catholic Health Center,St Thereses Health Center,Primary Health Center,Irele,ODSIRL09,4.863098145000038,6.489501954000048
c29ba307-a21e-4584-a68a-f2766c5b6fa8,Ojudo Ama Basic Health Center,,Primary Health Center,Ilaje,ODSIAE09,4.897277832000043,6.0239257810000595
4982de73-acdb-46cd-bc08-5bf29c596827,St Peters Hospital Igo Aduwo Ilutitun,,Primary Health Center,Okitipupa,ODSPUP07,4.63452148500005,6.524719239000035
7657a9f1-1005-4e2c-a08c-1a594a858911,Okitipupa Family Support Programme Market Based Clinic,FSP Market Basic Clinic,Primary Health Center,Okitipupa,ODSPUP12,4.788330078000058,6.503723144000048
8bf168db-cf62-444a-bb58-3c720ce879d0,Ebenezer Clinic Igo Aduwo,,Primary Health Center,Okitipupa,ODSPUP07,4.635681152000075,6.519714356000065
13acaf2d-57e5-46c3-a7f9-ba40a1e962b7,Al Huda Medical Center,Alhuda Medical Center Ugb Akoko,Medical Center,Akoko North East,ODSANE07,5.785522461000028,7.52709961000005
aa572c97-76ce-441b-b862-44134ff8b7e4,Igbo Olodumare Basic Health Center,,Primary Health Center,Ile Oluji/Okeigbo,ODSIOU10,4.785095215000069,7.291687012000068
99f20886-5b55-4d62-bbc8-38df6965fb86,Oke Alafia Basic Health Center,,Primary Health Center,Ile Oluji/Okeigbo,ODSIOU10,4.762512207000043,7.280517578000058
b38caad5-833b-4c4e-a068-4b8b52632c48,Ode Aye Hospital,,Private Non Profit,Okitipupa,ODSPUP11,4.746704102000024,6.590515137000068
905b4540-2713-4e4b-af9f-14741c73210d,Igbobini Comprehensive Health Center,Basic Health Center Igbobini,Comprehensive Health Center,Okitipupa,ODSPUP01,4.821472168000071,6.501525879000042
37c6b6b7-0bf5-4514-bb0e-90b26d7ab3cc,Obado Health Center,,Primary Health Center,Ondo West,ODSOWT05,4.726019955840837,7.096404752038291
d8b0bec5-0246-460b-a73f-81eac4e1c79b,Kajola Ojuirin Health Center,,Primary Health Center,Odigbo,ODSODI02,4.911682129000042,6.705505371000072
d1a1c27f-2e18-43ce-a037-f1a7f22d6ed8,Igbekoyi Health Post,,Dispensary,Odigbo,ODSODI11,5.066181316675378,6.705444292783546
ac037845-dc2f-43c9-9f86-9699cddb1ba7,Obajare Health Post,,Dispensary,Irele,ODSIRL06,5.068481445000032,6.668518066000047
b156f6bf-bffc-493c-a74b-30e1030087d3,Orisunbare Erinla Health Center,,Primary Health Center,Ondo West,ODSOWT02,4.80989078137584,6.937319386637044
f73e46c5-6f9d-4621-bf0b-23e05fd3ceb2,Igbodigbo Health Center,,Primary Health Center,Okitipupa,ODSPUP01,4.749632212662515,6.4662981587771275
0619300f-f47f-46b8-ad95-b562c9a8cf08,Arogbo Comprehensive Health Center,,Comprehensive Health Center,Ese Odo,ODSESO06,4.993896484000061,6.257690430000025
3faa667f-cb07-46ff-a942-77bb6b923c10,Oladapo Basic Health Center,,Primary Health Center,Odigbo,ODSODI02,4.986083984000061,6.688293457000043
9c169fc1-16ad-4924-810c-d41a3a876990,Dababilebu Basic Health Center,Ebikiri Zion,Primary Health Center,Ilaje,ODSIAE09,4.989318848000039,6.053283691000047
8fe6fd9d-4313-4305-a388-4d696c98adb8,Ilowo Comprehensive Health Center,,Comprehensive Health Center,Ilaje,ODSIAE08,4.836120606000065,6.054870606000065
4b6c6dff-8d4d-4821-844e-ce70a2aa72a4,America Zion Health Center,,Primary Health Center,Ilaje,ODSIAE03,4.828125000000057,6.225280761000022
012785cc-eeaa-4a85-9cc3-c0d0c54e7212,Omolara Maternity,,Maternity Home,Akure South,ODSAKS02,5.1765136720000555,7.2448730470000555
b605dbbe-e603-4862-85da-3e9cb54c61c5,State Specialist Hospital,State Specialist Hospital Akure,Specialist Hospital,Akure South,ODSAKS06,5.194885254000042,7.241516113000046
e5e11d69-7726-4817-b1f5-615fed74b5df,Cac Mission House Maternity,,Maternity Home,Akure North,ODSAKN06,5.257080078000058,7.2604980470000555
f0e2d1d5-f8f1-4661-8b6f-bb9542148f6b,Molayo Clinic and Maternity,,Maternity Home,Owo,ODSOWO11,5.41827392600004,7.274719238000046
439de8be-5fd0-4359-a55f-ffe528d23517,St Marys Primary Health and Maternity Center Iworin Oka Akoko,St Marys Health Center Oka Akoko,Maternity Home,Akoko South West,ODSASW07,5.789672851000034,7.451110839000023
76f5bf24-2595-48ca-a3ff-3fde08d683cb,Idogun Comprehensive Health Center,,Comprehensive Health Center,Ose,ODSOSE04,5.897277832000043,7.301330567000036
b16f92b2-e74b-4bc1-885f-9074c693051a,Doctors Specialist Hospital and Maternity,Community Health Center Ifon,Maternity Home,Ose,ODSOSE05,5.760498046000066,6.938110352000024
a19d6ac1-66bd-424a-bed3-f00f7b3d18cf,Ekanile Basic Health Center,,Primary Health Center,Akoko North East,ODSANE01,5.759887695000032,7.5032958990000225
de0a22a7-91c7-4f52-a105-0a00e0536030,State Specialist Hospital,Staff Specialist Hospital Ikare,Specialist Hospital,Akoko North East,ODSANE04,5.76452636700003,7.5283203130000516
b8f50e40-150b-4a1a-8423-3f4c54f649f2,Agodada Community Health Center,,Primary Health Center,Akure North,ODSAKN02,5.411315918000071,7.095275879000042
41f370de-b273-4b70-828f-80f49042a19b,Odigbo Basic Health Center,,Primary Health Center,Odigbo,ODSODI08,4.8657226560000595,6.797485352000024
ade1308d-46ba-4142-afa5-d3dea52f3125,Lshakuml Comp Health Center,Comprehensive Health Center,Primary Health Center,Akoko North East,ODSANE01,5.758483887000068,7.51147461000005
dc1fc130-d16c-4fae-b194-05673e523666,Arogbo Health Clinic,,Primary Health Center,Ese Odo,ODSESO06,4.996276855000076,6.261474609000061
becd5398-4968-48d1-9afd-c0adf5ab02cb,Olu Agbo Clinic,,Primary Health Center,Okitipupa,ODSPUP12,4.805480957000043,6.524902344000054
eeda59e3-c74f-4b1e-adbc-7f27b4a01c47,Tawakalitu Health Center,,Primary Health Center,Odigbo,ODSODI10,4.872543303643339,6.7484880020255344
b70a5bd2-8305-47fc-bb29-84e07f70d723,Mhealth Center Abetobo,,Primary Health Center,Ilaje,ODSIAE12,4.724121094000054,6.150085449000073
5b16bb70-7d58-43a4-a2cd-57fd2c3d75a8,Oda Road Clinic,,Primary Health Center,Akure South,ODSAKS05,5.21710205100004,7.222900391000053
8a03f35e-03a1-436e-8c5a-004ad8bb04ff,Bolorunduro Health Center,,Primary Health Center,Ondo East,ODSOET02,4.966310000000021,7.164570000000026
af7b2975-4726-4065-ab95-cc265ea6d5a7,Tsekelewu Primary Health Center,,Primary Health Center,Ilaje,ODSIAE10,4.980285645000038,5.98132324200003
760099e9-79ab-4837-b32f-8017f0e180c0,Lokaka Basic Health Center,,Primary Health Center,Irele,ODSIRL08,4.9343261720000555,6.552490234000061
31119506-77ec-438b-ba88-22dc72263f9d,Aribu Compound Ilepete Basic Health Center,,Primary Health Center,Ilaje,ODSIAE08,4.854919434000067,6.037109375000057
81a6698f-fc61-433e-8889-d677d95b7794,Abusoro Basic Health Center,,Primary Health Center,Ondo West,ODSOWT05,4.687927246000072,7.045898437000062
9cba9785-37b7-44ec-87bc-945f03c51baa,Ayetoro Igbido Basic Health Center,,Primary Health Center,Ondo West,ODSOWT01,4.694274902000075,6.978698730000076
fdde02ed-b732-4aae-b63d-37ab82b3d6e2,Sanusi Primary Health Clinic,,Primary Health Center,Ose,ODSOSE12,5.625122070000032,6.986877441000047
e3db3dba-b4a2-4cea-99e0-c043cc39f20e,Olokuta Primary Health Clinic,,Primary Health Center,Odigbo,ODSODI03,4.421691895000038,6.702270508000026
7f4726d8-a8a5-4de0-87fb-9996b11f4926,Owode Eleepo Basic Health Center,,Primary Health Center,Ondo West,ODSOWT01,4.746520996000072,6.973327637000068
627f4095-20db-40f1-8eb7-846ff0c4a850,Adoloseimo Basic Health Center,,Primary Health Center,Ese Odo,ODSESO08,5.039489746000072,6.196716309000067
d6d732ff-de53-4575-bdc4-a781ac674880,Osabiya Basic Health Center,,Primary Health Center,Ose,ODSOSE08,5.681701660000044,7.061096191000047
e96c7924-d2d6-4fdd-9cc1-37c1c007033d,Bagbe Basic Health Center,,Primary Health Center,Ondo West,ODSOWT02,4.847900391000053,6.981689453000058
aa5750e2-6bbf-4f3b-88cb-97ced0082886,Omowole Health Center,,Primary Health Center,Odigbo,ODSODI09,4.583312988000046,6.723876953000058
bb418913-a2ff-4537-aae8-02fff901c63e,Ajana Ejidokun Basic Health Center,,Primary Health Center,Irele,ODSIRL08,4.981689453000058,6.655883789000029
c5542d84-983f-4e53-b750-dc4d988b7813,Ifara Paanu Basic Health Center,,Primary Health Center,Odigbo,ODSODI07,4.539489746000072,6.686096191000047
d45e12d2-7b19-498b-a81f-e12c5ebe33e4,Agbabu Basic Health Center,,Primary Health Center,Odigbo,ODSODI02,4.8325195310000595,6.593078613000046
8df6a00f-6e14-482f-aded-71dc3ffb052c,Imorun Primary Health Center,,Primary Health Center,Odigbo,ODSODI09,4.585510254000042,6.820678711000028
c9a929db-9360-4763-a75a-692945a95dcd,Barogbo Basic Health Center,,Primary Health Center,Irele,ODSIRL04,5.003479004000042,6.301330566000047
66a0a3f2-29ca-43df-bc7b-2aad912250ab,Kiboro Health Center,,Primary Health Center,Ese Odo,ODSESO02,4.924072266000053,6.342895508000026
8d8db3f1-b293-41bd-b210-4007774b846e,Ogho Basic Health Center,,Primary Health Center,Ondo East,ODSOET01,4.940917969000054,6.95007324200003
fd7329a4-eb3a-46ac-bb42-2deb784edc14,Akpata Basic Health Center,,Primary Health Center,Ilaje,ODSIAE09,4.899108887000068,6.028686523000033
7a6d4120-7ad9-4308-bc98-b43466673463,Ilekun Basic Health Center,,Primary Health Center,Akure South,ODSAKS07,5.228881836000028,7.199096680000025
e03556aa-4f31-4ad4-a646-f12dc871466b,Imafon Health Center,,Primary Health Center,Akure North,ODSAKN02,5.25811767600004,7.210083008000026
36828cd6-2842-423f-b740-07c237ca3e97,Aba Panu Health Center,,Primary Health Center,Irele,ODSIRL06,5.016296386000022,6.62390136700003
778d8fdd-2247-4cab-8c6c-0769e7891b12,Oladosa Health Center,,Primary Health Center,Irele,ODSIRL07,5.081909180000025,6.631286621000072
0dbb6035-6efd-42ae-bd5b-953d4bbf23b4,Olatunjoye Medical Clinic,Olatujone Medical Clinic,Primary Health Center,Irele,ODSIRL09,4.8754882810000595,6.502075195000032
0bb69784-9bf1-47eb-900b-5680f880fc69,Agerige Basic Health Center,,Primary Health Center,Ilaje,ODSIAE01,4.6176757810000595,6.343322754000042
24d41676-48a1-46a4-b3c7-35b432aae40e,Ayadi Holo Basic Health Center,,Primary Health Center,Okitipupa,ODSPUP03,4.794677734000061,6.452087403000064
b07efe68-ea23-43a6-94e2-aa4ce8917d8b,Ode Igbisin Basic Health Center,,Primary Health Center,Okitipupa,ODSPUP06,4.639099121000072,6.4907226560000595
145071a0-3c52-4f72-b2e7-3aae03c671dc,Motoro Basic Health Center,,Primary Health Center,Ilaje,ODSIAE04,4.675720215000069,6.208679199000073
48f7e632-f8d9-4b5c-a05c-62e48843513b,Gbotalota Basic Health Center,,Primary Health Center,Okitipupa,ODSPUP11,4.743103028000064,6.591308593000065
fc298d5f-9bce-4c09-90ae-5e6f4703fc50,Iju Oke Basic Health Center,,Primary Health Center,Okitipupa,ODSPUP02,4.648315429000036,6.587707520000038
c2bfb14b-92a6-4bea-bb40-ca74fc7de845,Obenla Basic Health Center,,Primary Health Center,Ilaje,ODSIAE09,4.879089355000076,6.010925293000071
08149ae7-e0ec-4f52-a724-67b4b5f2cf08,Imoluwa Basic Health Center,,Primary Health Center,Ilaje,ODSIAE06,4.63507080100004,6.438293457000043
96481125-1005-47e3-82b3-3d1e4ce1fbc7,Ago Alaye Basic Health Center,Basic Health Center Ago Alaye,Primary Health Center,Odigbo,ODSODI03,4.452697754000042,6.649719238000046
d7eaffcd-f130-4122-9286-5781140d7bb6,Opuba Basic Health Center,,Primary Health Center,Ilaje,ODSIAE09,4.908874512000068,6.054870606000065
8c2eee92-eadb-4f01-b416-1d2b7517eee4,Shalom Medical Center,,Medical Center,Irele,ODSIRL09,4.871520996000072,6.50811767600004
6610cfb6-ba9f-4aab-9511-fe62fd1b10f4,Zion Apoi Basic Health Center,,Primary Health Center,Ilaje,ODSIAE05,4.866699219000054,6.399719238000046
fc4765d6-0323-4ea5-8885-851ead5842ea,Irowa Basic Health Center,,Primary Health Center,Okitipupa,ODSPUP09,4.600280762000068,6.572326660000044
0170e66d-c451-4fbc-b65d-0d49be30850c,Obasasa Health Center,,Primary Health Center,Irele,ODSIRL06,5.043273925000051,6.662109375000057
bce03db9-1860-49e1-85d9-128fac127623,Akinboni Basic Health Center,,Primary Health Center,Irele,ODSIRL08,4.993103027000075,6.632690430000025
b5f283c9-2a2b-4261-9795-a2b3455710ef,Ldogun Basic Health Center,,Primary Health Center,Irele,ODSIRL08,4.952514648000033,6.572875976000034
cf1ca7c8-ff46-455b-878b-18c485f7d00a,Litoto Basic Health Center,,Primary Health Center,Irele,ODSIRL09,5.020080566000047,6.518920898000033
d3536a92-8e85-4048-8ff6-826f25c5f655,Idogun Basic Health Center,,Primary Health Center,Irele,ODSIRL08,4.971496582000043,6.632080078000058
a26fd697-6db0-472d-8eb6-f58966df2d69,Ijuosun Basic Health Center,,Primary Health Center,Irele,ODSIRL04,5.015686035000044,6.357482910000044
3e3389af-cf86-4831-85e6-18ebf08f4c3a,Ogunmola Basic Health Center,,Primary Health Center,Irele,ODSIRL10,5.122924805000025,6.537719726000034
cd951151-5dd3-490a-8120-4a0402bb9d4c,Ggogi Basic Health Center,,Primary Health Center,Irele,ODSIRL05,4.934692383000026,6.645874023000033
5033837e-4a50-4367-8add-ce0dc5e7718a,Iyara Basic Health Center,,Primary Health Center,Irele,ODSIRL08,4.963500977000024,6.482482910000044
65c7a48b-e2c2-4385-a4aa-e8d7b00b3f74,Ebenezer Medical Clinic,,Primary Health Center,Ilaje,ODSIAE05,4.806701660000044,6.353515625000057
735e8663-7b11-421f-93fa-12d1177bc6c7,Deve Agency Primary Health Care,,Primary Health Center,Ese Odo,ODSESO03,4.890686035000044,6.4221191400000635
00b0f326-6dbc-47de-a0e4-8bb0cf172c8c,St Peters Hospital,,Primary Health Center,Ese Odo,ODSESO03,4.8933105470000555,6.430480957000043
856f785a-52a0-4cc3-bcc4-1f34d5ccfeb8,Saint Loius Hospital,,Primary Health Center,Okitipupa,ODSPUP12,4.822509766000053,6.507507324000073
fc452e1d-e685-4ea5-ba89-62f90c73ad38,Sabomi Basic Health Center,Basic Health Center Sabomi,Primary Health Center,Ese Odo,ODSESO03,4.891296387000068,6.445129395000038
4f32e993-7a8c-483a-b28a-a8fca3b1c1a0,Akpata Primary Health Center,,Primary Health Center,Ilaje,ODSIAE09,4.909301757000037,6.03991699200003
0a694b2b-a852-4a30-a8f9-aabc921c39ae,Igbolomi Basic Health Center,,Primary Health Center,Ilaje,ODSIAE06,4.60827636700003,6.465087891000053
f550dd1f-6afa-41fd-8167-08d4e1c84375,Igbotu Basic Health Center,Basic Health Center Igbotu,Primary Health Center,Ese Odo,ODSESO03,4.8955078130000516,6.428710937000062
23cc475c-5048-4ecd-be60-63ea7cb634cd,Eletu Primary Health Center,,Primary Health Center,Irele,ODSIRL07,5.032287598000039,6.565124512000068
75db9d04-fc5b-43ab-a401-d73278f461fc,Ori Oke Iwamimo Basic Health Center,,Primary Health Center,Ilaje,ODSIAE04,4.681091309000067,6.187072754000042
2c626833-d3f6-4876-bda1-8e145ccc926b,Labon Health Center,,Primary Health Center,Odigbo,ODSODI09,4.436523437000062,6.767272949000073
39cc4a2e-90d2-4e38-8ffe-34e8e0b5c06d,Wakajaye Basic Health Center,,Primary Health Center,Odigbo,ODSODI07,4.566101074000073,6.682312012000068
9b7f9f79-de17-4f47-a9aa-f0d20731a150,Asewele Korede Health Center,,Primary Health Center,Odigbo,ODSODI04,4.855529785000044,6.861694336000028
b439277b-6df8-4ce1-a8de-42f09dcc5f42,Oro Health Center,,Primary Health Center,Odigbo,ODSODI04,4.897277832000043,6.902709961000028
fc762d4e-b97f-424c-977d-c4f832aff583,Omifon Basic Health Center,,Primary Health Center,Odigbo,ODSODI08,4.860900879000042,6.825683594000054
1959d68d-ebb5-4eef-97df-3d29b14482d5,Rainbow Medical Center,,Medical Center,Odigbo,ODSODI10,4.873291016000053,6.7526855470000555
7ef68171-a423-4bfb-968d-f9f6b49f5fdb,Temidire Health Center,,Primary Health Center,Odigbo,ODSODI09,4.455078125000057,6.769470214000023
01fea599-9b42-419d-a486-82cc804622df,Ajue Comprehencive Health Center,Basic Health Center,Primary Health Center,Odigbo,ODSODI04,4.853515625000057,6.895324707000043
9f4ab39b-dce1-4a4c-8540-ff7f26e12711,Obadore Health Center,,Primary Health Center,Odigbo,ODSODI09,4.518493652000075,6.813720703000058
9a1d66cd-8a70-4bf2-8614-199fcf3d25df,Oke Egwure Basic Health Center,,Primary Health Center,Ondo West,ODSOWT01,4.7097167970000555,7.015075684000067
ea61f2af-0171-4844-81b7-c47c29ed9491,Ajebamibo Health Center,,Primary Health Center,Odigbo,ODSODI09,4.434509278000064,6.754882812000062
cac8c6fb-1825-4481-8583-23930b1f69aa,Bashiru Basic Health Center,,Primary Health Center,Ondo West,ODSOWT05,4.628906250000057,7.067077637000068
955cf865-cb3d-4881-8c3b-a2420b3ad2ce,Medway Hospital Annex,,Primary Health Center,Akure South,ODSAKS09,5.199523925000051,7.213317871000072
7f3e9cc6-4220-4ecd-9255-1040b15e5f64,Adewewe Okunriboye Hospital,,Primary Health Center,Owo,ODSOWO02,5.574279785000044,7.19952392600004
d83ddbc4-c770-44f7-a37f-72f52bbe392a,Ijebu Federal Medical Center,,Federal Medical Center,Owo,ODSOWO07,5.593322754000042,7.1862792970000555
56f5e66c-01b8-4377-a081-7f2c3d66262e,Otoro Osogbon Health Center,,Primary Health Center,Owo,ODSOWO09,5.463317871000072,7.177307129000042
9a238f12-97ac-4da7-b166-7d0e0418d5a5,Shekinah Hospital,Shekinah Hospitals,Primary Health Center,Akure North,ODSAKN06,5.220520020000038,7.255310059000067
010caee5-0602-4b96-b72a-7bda1f2024c5,Banjo Memorial Hospital,Banjo Medical,Primary Health Center,Akure South,ODSAKS02,5.164672852000024,7.248474121000072
b680b626-2877-4b6f-933c-a905a0de3f71,Arajomeye Health Post,,Dispensary,Ose,ODSOSE12,5.629516602000024,6.962707519000048
36c0df3d-4b0d-4dee-93f4-c59583535bdd,Ago Iwoye Health Post,,Dispensary,Ose,ODSOSE08,5.672119141000053,6.974487304000036
61e475ab-3b37-47e9-809f-2e0532528cb4,Oluseun Hospital,Kunle Medical Clinic,Primary Health Center,Akure South,ODSAKS09,5.187072754000042,7.237487793000071
38ee5025-2a10-414d-9051-fbcbb55c232f,Abitoye Hospital,Jidemal Clinic,Primary Health Center,Akure South,ODSAKS05,5.199279785000044,7.227905273000033
bb12999f-e6f1-4360-9295-231552f17a18,Bisi Medical Clinic,,Primary Health Center,Akure South,ODSAKS09,5.187683105000076,7.245910644000048
fd76832d-55a5-475e-b234-c5debb75399d,Simlon Medical Center,,Medical Center,Akure South,ODSAKS03,5.167724609000061,7.262084961000028
a0d8c780-f626-4953-bc19-2ceecd698c34,St Michael Hospital,St Michael Center,Primary Health Center,Akure South,ODSAKS02,5.174499512000068,7.244079589000023
40f78c38-092c-4ec5-9ce9-e241328ba5a2,Endurance Clinic,,Primary Health Center,Akoko North West,ODSANW07,5.663330078000058,7.589111328000058
0bb7343d-6c7e-4088-aa6e-8d56e77abc04,Ayomide Clinic,,Primary Health Center,Akure South,ODSAKS06,5.195129395000038,7.230895996000072
119d4a71-c30a-4013-8592-f1b5156b7698,St David Hospital,,Primary Health Center,Akure South,ODSAKS03,5.169311523000033,7.261718750000057
5e886b3a-6c23-42c0-90b1-09105b01cd75,Crown Hospital Annex,,Primary Health Center,Owo,ODSOWO05,5.582092285000044,7.216125488000046
ed891bfb-dfae-440a-b365-1feeb873035d,Kolade Hospital,Kolade Medical Center,Primary Health Center,Akure South,ODSAKS09,5.189086914000029,7.231689453000058
f95465ee-6025-4fe0-992a-e1a3f3496da5,Okatedo Basic Health Center,,Primary Health Center,Akoko North East,ODSANE09,5.621704101000034,7.499694824000073
6adec66a-5135-4f7a-95e4-3e045c0a695c,Okeluse Basic Health Center,,Primary Health Center,Ose,ODSOSE11,5.589721680000025,6.781311035000044
eda10338-7517-4d00-a74b-0a28b71626ee,Abitoye Hospital,,Primary Health Center,Owo,ODSOWO08,5.675903320000032,7.129272461000028
2084693e-3d42-439b-8bdb-e074ebfe7550,Gaga Basic Health Center,,Primary Health Center,Akure South,ODSAKS09,5.171875000000057,7.230102539000029
9fdd4224-337b-47de-8cb2-4542f9af1392,St Abraham Clinic,,Primary Health Center,Akure South,ODSAKS05,5.197082520000038,7.225708008000026
9cc60099-b785-4845-b810-42534130a835,Osun Basic Health Center,,Primary Health Center,Ondo East,ODSOET04,4.950927734000061,7.110900879000042
083fda7c-e205-46bb-b0bb-6c31df4c70fb,Illisa Federal Staff Clinic,,Federal Staff Clinic,Akure South,ODSAKS05,5.214721679000036,7.2329101560000595
4ea6fa31-9a35-4c64-81b2-331321c8b2c8,Utelu Basic Health Center,,Primary Health Center,Owo,ODSOWO10,5.655090332000043,7.191711425000051
887c771b-46f9-4bfa-ab37-f9e1d3c9eedd,Upenmen Primary Health Care,,Primary Health Center,Owo,ODSOWO03,5.607116699000073,7.257080078000058
5fd30867-ba54-40c0-94e8-e6a7511d89c1,Tekuile Basic Health Center,Basic Health Center Tekuile,Primary Health Center,Ondo East,ODSOET10,4.988098145000038,7.029907227000024
26515398-e586-4ad4-b0f0-e6f1dda71af5,Owo General Hospital,General Hospitalc Owo,General Hospital,Owo,ODSOWO09,5.568481446000021,7.198120118000077
7ad44e8f-5c57-4583-8be8-b125c5ee3399,Meyernity Health Cent,,Primary Health Center,Ose,ODSOSE12,5.6232910150000635,6.938110352000024
73bd756d-4f33-4882-9d28-a97ae94aa8f1,Okiti Ofa Basic Health Center,,Primary Health Center,Ose,ODSOSE08,5.671325684000067,7.071289062000062
bef00a04-8592-4b2b-976a-2011256385d8,Idasen Primary Health Care,,Primary Health Center,Owo,ODSOWO07,5.581481934000067,7.184692383000026
2870bad6-598d-438b-a6e7-0f44582ba3ee,Akure Neuro Psychiatric Specialist Hospital,Nevro Phdiatric Specialist,Specialist Hospital,Akure South,ODSAKS05,5.2194824220000555,7.222473144000048
ca4f1500-1845-48c6-a613-bb5b52efa22b,Oju Owa Ojomo Primary Health Care Center,Primary Health Center Ijebu II,Primary Health Center,Owo,ODSOWO07,5.5925292970000555,7.191528320000032
35c53270-1c67-477c-9602-7d5b20a7d4f9,Dcp Mbujmbu Medical,,Primary Health Center,Akure North,ODSAKN12,5.245483398000033,7.331481934000067
1df7dfcb-ee6e-4011-89a1-1ec639e88eb6,Orita Ajana Medical Clinic,,Primary Health Center,Odigbo,ODSODI02,4.974487305000025,6.686889648000033
0c83aac8-2307-4489-986e-077730ddd17d,Ofitebe Health Center,,Primary Health Center,Ose,ODSOSE07,5.6884765630000516,6.748901368000077
5f44a22f-33c6-4849-8a7d-c900adfa5aaa,Ajagbala Basic Health Center,,Primary Health Center,Ose,ODSOSE08,5.690917969000054,7.046691895000038
5d80657c-0242-4b44-a9f6-b9b575fd1b47,Idoani General Hospital,,General Hospital,Ose,ODSOSE02,5.844909668000071,7.292297363000046
8c2da732-a9e3-461e-8b2c-a63e83866e62,Okia Primary Health Center,Health Center Okia,Primary Health Center,Akoko South West,ODSASW12,5.82330322200005,7.448486328000058
b6682b6a-efdd-425d-8880-64e023c7f8ea,Reva Clinic,,Primary Health Center,Akoko South West,ODSASW02,5.738891601000034,7.476684570000032
87db71b7-818a-44b7-ab07-7841272c795a,Alao Basic Health Center,,Primary Health Center,Owo,ODSOWO08,5.698486328000058,7.153503418000071
c061f1b7-a9e6-4f2a-9a0b-16bd98e2caf6,Owalusi Primary Health Center Clinic,Basic Health Center Owalusi,Primary Health Center,Akoko South West,ODSASW13,5.756286621000072,7.442504882000037
0bd3c851-12c6-4800-a6c7-5edfb8966deb,Jj Medical Cinic,,Primary Health Center,Akoko South West,ODSASW06,5.806884766000053,7.4594726560000595
dae9cc78-0207-4a5e-81ce-83c1ae019778,Ikun Primary Health Center,,Primary Health Center,Akoko South West,ODSASW08,5.76452636700003,7.373474121000072
c1859d85-5979-4f67-a49a-e17fc149243f,Akungba Primary Health Center,Comprehensive Health Center,Primary Health Center,Akoko South West,ODSASW02,5.739929200000063,7.472473145000038
75088b76-f886-4ffa-8560-3effacf12dd9,Etioro Basic Health Center,Basic Health Center Etioro,Primary Health Center,Akoko South West,ODSASW14,5.72351074200003,7.443481445000032
a2a06240-76c1-4673-b26a-af31f467271b,Ipori Basic Health Center,,Primary Health Center,Akoko North East,ODSANE07,5.7937011720000555,7.530517579000048
bd0824a7-b119-4a8a-ab8a-2963af7088ff,Tinuola Clinic,,Primary Health Center,Akoko North West,ODSANW01,5.749328613000046,7.644287109000061
2a196c1a-0b5c-4a45-ab3f-e1db44104089,Adelabu Medical Center,,Medical Center,Ose,ODSOSE06,5.777526855000076,6.914916993000077
e8a146b8-b3a7-4e20-b077-ad5719e070c5,Ayegunle New Basic Center,,Primary Health Center,Akoko South West,ODSASW04,5.7250976560000595,7.418884277000075
08e22c72-ab35-47a4-872b-385bbd9c895d,Fashimola Hospital,,Primary Health Center,Ose,ODSOSE05,5.765075684000067,6.933715821000021
2413ec34-68b3-46eb-9d55-e3973b60e3a3,Elegbeka Basic Health Center,,Primary Health Center,Ose,ODSOSE08,5.717712403000064,7.006286621000072
11bc111c-3a08-4fc3-8837-3fdc621c20aa,Afo Basic Health Center,,Primary Health Center,Ose,ODSOSE01,5.8217163080000205,7.368103027000075
67288bb4-c0e4-4308-a919-dc6ce08cc6ac,Oke Ifera Comprihensive Health Center,Comperehensive Center Ward 3,Primary Health Center,Akoko South East,ODSASE03,5.909301758000026,7.373718262000068
f11cc826-cc5d-4827-9910-ee7917afdc3c,Oke Royal Hospital,,Primary Health Center,Akoko North East,ODSANE03,5.755676269000048,7.529113769000048
c3289a53-a88c-40a9-868f-1246e1c49f70,Oro Ohin Health Post,Health Post Ori Ohin,Dispensary,Ose,ODSOSE08,5.743713379000042,6.965270996000072
b21dd236-e34b-4189-b3b5-dd1b0fa7f5f1,Molana Medical Center,,Medical Center,Akoko North West,ODSANW03,5.773315430000025,7.566284179000036
c0c24640-9e2a-4c55-995e-52c5a0c67e00,Korowa Basic Health Center,,Primary Health Center,Akoko South West,ODSASW12,5.81530761700003,7.457275391000053
863cb09b-cf02-4702-9a0b-35d6fbcea4eb,Akoko Lga Staff Clinic,,Federal Staff Clinic,Akoko North West,ODSANW01,5.762329101000034,7.634521484000061
d6a4ab17-9fa3-4137-9cd2-79ad365372b7,Epinmi 2 Basic Health Center,,Primary Health Center,Akoko South East,ODSASE01,5.866882324000073,7.458312988000046
8369b5d2-d083-4733-b6be-5c2faa33a0ad,Ilepa 1 Basic Health Center,,Primary Health Center,Akoko North East,ODSANE05,5.753479004000042,7.522888184000067
6a4bfc54-8888-48a1-a333-3f8dc5610501,Uba Oka Basic Health Center,,Primary Health Center,Akoko South West,ODSASW12,5.823913574000073,7.491516114000035
b888577b-7c16-4671-af5b-3acd588d0a09,Owo Basic Health Center,,Primary Health Center,Owo,ODSOWO04,5.5844726560000595,7.194702148000033
cf4a180e-d1e6-48ac-87ae-5cb0655252ff,New Jerusalem Basic Health Center,,Primary Health Center,Ese Odo,ODSESO06,5.013305664000029,6.267089844000054
4b2e7233-f078-4f5b-b243-2b7d718558f3,Igbobini Model Health Center,,Primary Health Center,Okitipupa,ODSPUP12,4.815673828000058,6.515502930000025
43e9ea96-d33a-44d0-9972-de4e28b5ec20,Ajapa Primary Health Center,,Primary Health Center,Ilaje,ODSIAE08,4.849304199000073,6.085083008000026
d9afd17d-fe02-45c9-9cab-a2cc364b5654,Arogbo Modern Basic Health Center,,Primary Health Center,Ese Odo,ODSESO06,5.0026855470000555,6.259277343000065
e1f07ed6-f9a8-4e2a-8d34-4e43a17a8e63,Ilado Primary Health Center,,Primary Health Center,Okitipupa,ODSPUP04,4.604492187000062,6.596679687000062
c6584ce5-2bc8-4694-85db-37ff3237bd1b,Mulekangbo Basic Health Center,,Primary Health Center,Odigbo,ODSODI02,4.841491699000073,6.657714843000065
c50a7217-03ea-40bf-949e-6e3004f7b343,Ogidigba 1 Primary Health Center,,Primary Health Center,Ilaje,ODSIAE03,4.8833007810000595,6.138671875000057
f3e006d1-9883-4322-b357-fb99b8e9e5b9,Idogun Hospital,,Primary Health Center,Odigbo,ODSODI09,4.581481934000067,6.725708008000026
14d1962f-e3aa-4454-a183-dbbea494bcf9,Aiyetoro Community1 Primary Health Center,,Primary Health Center,Odigbo,ODSODI09,4.533325195000032,6.722717285000044
cd809b24-5fa2-4f5e-b5a8-beb6ce5f463a,Igburowo Primary Health Center,,Primary Health Center,Odigbo,ODSODI04,4.885314942000036,6.930114746000072
218e0a20-99cc-4168-aa3e-a3e900e31c2f,Orotedo Primary Health Clinic,,Primary Health Center,Odigbo,ODSODI04,4.898681641000053,6.854309082000043
13c460fd-5fa7-42ad-bd42-c94a17d15349,Lijoka Showboy Basic Health Center,,Primary Health Center,Odigbo,ODSODI10,4.909729004000042,6.757080078000058
4b913405-1402-4aff-ae46-21260efc3715,Ode Igede Basic Health Center,,Primary Health Center,Akure North,ODSAKN04,5.278503418000071,7.334899902000075
7a33816a-93fd-40c3-b0d1-2b7e20ad502d,Ugbeta Obasoto Basic Health Center,,Primary Health Center,Owo,ODSOWO07,5.498718262000068,7.1411132810000595
04251626-1ae7-4f45-b7f0-060aabae4bf5,Ute Basic Health Cent,,Primary Health Center,Ose,ODSOSE12,5.604492187000062,6.851501465000069
badc640d-d3e6-4619-a594-0db4eb313706,Isimija Basic Health Center,,Primary Health Center,Akure North,ODSAKN09,5.2532958990000225,7.363708496000072
525fd497-db60-4611-a225-3ac3cf5ce275,Imoru Basic Health Cen,,Primary Health Center,Ose,ODSOSE10,5.753112793000071,6.872924804000036
eae85331-7aeb-43ba-b311-9ecfc52b7b49,Owake Community Health Center,,Primary Health Center,Akoko South West,ODSASW04,5.762878418000071,7.438293457000043
a88c2c23-0a3a-4cdf-bc9a-ef39ca139a8a,Sasare Basic Health Center,,Primary Health Center,Ondo East,ODSOET07,4.948601579876573,7.1671165496077975
79befaa6-ff05-453c-984e-0b598b585672,Kiribo Basic Health Center,,Primary Health Center,Ese Odo,ODSESO02,4.973428194226554,6.322538482062522
14f0eccf-6fbf-49a8-bca9-a7f1edd8215a,Igoba Basic Health Center,,Primary Health Center,Akure North,ODSAKN12,5.223364768496944,7.2833781956281
73368bd4-4402-4344-81c8-a74186a5e483,Obe Adun Health Center,,Primary Health Center,Ilaje,ODSIAE09,4.87402017263814,6.017437482062522
2b7baa09-b05d-4d9e-99d7-f7c735e9134f,Ikoya Basic Health Center,,Primary Health Center,Okitipupa,ODSPUP06,4.695934450663314,6.506688587449514
3a6f8bd7-4d5c-413b-981c-76b0cda5750c,Okela Basic Health Center,,Primary Health Center,Akoko North West,ODSANW01,5.7569220582996765,7.6463428486561265
4629c2dd-0baf-4913-b1dc-ce924698af49,Idepe Basic Health Center,,Primary Health Center,Okitipupa,ODSPUP12,4.773067610145347,6.519450710762486
8816c9f4-e19d-4b2c-b407-e875f173829a,Ebute Comprehensive Health Center,,Comprehensive Health Center,Okitipupa,ODSPUP12,4.790002184415738,6.507986455998384
e5146243-bdcb-4220-be99-3a8e3ed6de50,Ifon Basic Health Center,,Primary Health Center,Ose,ODSOSE06,5.774442961321955,6.918101221692239
4dd82381-8dcd-4199-83bc-accce68992b0,Danjuma Basic Health Center,,Primary Health Center,Akure South,ODSAKS03,5.180148224495329,7.2542071928250085
1c375eff-9e97-46ff-9823-cfc1ebcf47b1,Laoso Basic Health Center,,Primary Health Center,Ondo West,ODSOWT01,4.642849512331297,6.962775355381243
bd290f57-98a4-4f81-a6a3-4509472b91fa,Ode Mahin Basic Health Center,,Primary Health Center,Ilaje,ODSIAE05,4.802712228699964,6.3555092589687385
924e5d2d-901d-459a-b246-1c56ae8935fd,Akotogbo Basic Health Center,,Primary Health Center,Irele,ODSIRL04,5.0418805728688465,6.382483319506289
bd78b39f-d558-42d2-817a-19a492a66e10,Model Health Center Ikun,,Primary Health Center,Akoko South West,ODSASW08,5.7764129641710324,7.378873062775423
3a1e85cc-e955-4318-b56c-60e3f548c157,Igbotako Basic Health Center,,Primary Health Center,Okitipupa,ODSPUP02,4.6401131597531435,6.584424289237513
aeb89a63-8cac-462a-940b-e7ba49bf9bef,Igbotako Comprehensive Health Center,,Comprehensive Health Center,Okitipupa,ODSPUP02,4.632931405271649,6.578995479259432
9a28cb40-2df2-4713-8653-9145023db32a,Ode Aye Comprehensive Health Center,,Comprehensive Health Center,Okitipupa,ODSPUP11,4.747718276623608,6.598391259805067
c135d6df-d0d9-43e8-96f6-aff0537f6881,Iyange Basic Health Center,,Primary Health Center,Akure South,ODSAKS03,5.159243289237514,7.27049880156881
0e6c7fff-97e4-4cc3-98de-61b8b3424636,Igbogunrin Basic Health Center,,Primary Health Center,Ilaje,ODSIAE06,4.622448415918793,6.458356837443766
1eb930ea-4cad-48cf-b214-33e559bf140a,Okeagbe Basic Health Center,,Primary Health Center,Akoko North West,ODSANW01,5.754267297646784,7.64364466647826
a3a691b2-ce3d-4d0a-b84a-41b5b1c91ec1,32 Brigade Medical Center,,Military and Paramilitary Clinic,Akure South,ODSAKS02,5.163675228699963,7.2466820964125045
e57d72b7-0fce-46de-b734-a05ebb099387,Ajue Primary Health Center,,Primary Health Center,Odigbo,ODSODI04,4.854239356782788,6.903101352578154
73bc2669-34f6-4806-9c82-67e1acd5a29a,Igbodigo Basic Health Center,,Primary Health Center,Okitipupa,ODSPUP12,4.766999355381244,6.495816608743801
895daa08-de3a-4b5d-bd5b-a88745857453,Isua Oke Basic Health Center,,Primary Health Center,Akoko South East,ODSASE08,5.9057387937247645,7.459194292040603
34ed0f4d-7d16-4e3e-a71d-39b9874d8b49,Ode Mahin Basic Health Center,,Primary Health Center,Ilaje,ODSIAE03,4.797295926012226,6.1714690313992335
ac9d5dbc-8a3a-4113-b688-f5bcdac6b536,Okaodo Basic Health Center,,Primary Health Center,Akoko South West,ODSASW11,5.7672209035874955,7.445716869114084
42792021-9882-4476-8838-74516a09de72,Panapana Comprehensive Health Center,,Comprehensive Health Center,Odigbo,ODSODI10,4.875712833239128,6.753189417320337
52447a0e-6fe0-44ac-85c1-bb3a7ab2df84,Ogo Oluwayo Basic Health Center,,Primary Health Center,Ilaje,ODSIAE04,4.631315865451619,6.252883547075792
2e450990-8890-41d2-8ea0-91c996b12c23,Family Support Program Clinic,,Primary Health Center,Ilaje,ODSIAE05,4.803676775504671,6.351319581278117
46f4754f-eb0d-499b-bd62-f7d3696148a4,Igboegunrin Basic Health Center,,Primary Health Center,Okitipupa,ODSPUP06,4.630869873883952,6.473091068381591
64a0e960-864d-493c-a405-422337f7836d,Mahintedo Basic Health Center,,Primary Health Center,Ilaje,ODSIAE06,4.584097319506288,6.481743641815664
382d9100-94f6-4b4a-829e-5a991314890b,Okedogbon Basic Health Center,,Primary Health Center,Owo,ODSOWO09,5.586150997196908,7.202700353979697
d296ae89-fcb1-4316-869b-e28749972466,32 Artillery Brigade Medical Center,,Military and Paramilitary Clinic,Akure South,ODSAKS02,5.145148110427961,7.241003647421848
8042db96-bae2-4539-9883-caa038b88a7c,Igbado Basic Health Center,,Primary Health Center,Ondo West,ODSOWT02,4.843347950674818,6.998426743834352
a5581796-227a-4997-ad38-28fcb39700f8,Obunkeko Basic Health Center,,Primary Health Center,Ondo West,ODSOWT11,4.839182920862312,7.101911918581156
47541b19-1c02-4b1c-b7bd-ebe9434dfcae,Igbodigo Basic Health Center,,Primary Health Center,Okitipupa,ODSPUP03,4.729656831837583,6.433223739629716
c913be1c-c30e-4394-b7b5-ae45654a41cb,Oloto Basic Health Center,,Primary Health Center,Okitipupa,ODSPUP06,4.628823352578152,6.468334611546892
84df23f2-2b7d-4130-bf60-429e75b655bb,Ikun Basic Health Center,,Primary Health Center,Akoko South West,ODSASW09,5.735602806044531,7.374285176006461
575456ef-abef-4c1b-a79a-a2b8d0c82163,Oba 1 Basic Health Center,,Primary Health Center,Akoko South West,ODSASW09,5.717854909193678,7.368717741031261
d6791891-727a-4797-9268-7e0e2d3af37e,Okeruwa Basic Health Center,,Primary Health Center,Akoko North East,ODSANE11,5.734843355381243,7.509005776906217
2061229a-13b1-48e3-8e99-c1dbd8c3f644,Kofawe Primary Health Center,,Primary Health Center,Ilaje,ODSIAE05,4.79190571636867,6.377099071749912
f880e447-0a0d-4b10-b712-2e07b4b56ce2,Odeaye Basic Health Center,,Primary Health Center,Okitipupa,ODSPUP13,4.767967933856269,6.502878316703196
73a7e6ba-22e6-4816-933d-652826ead8d1,Mulekangbo Primary Health Center,,Primary Health Center,Odigbo,ODSODI02,4.867502829622782,6.699833573999304
b3e5dd4f-0f9c-47a1-a72c-b76dd069a7a2,Isalu Basic Health Center,,Primary Health Center,Akoko South East,ODSASE01,5.866044515134387,7.457835102018687
c4dfd79e-a7f9-47d0-a5c2-0b0f9790d4f3,Isinkan Basic Health Center,,Primary Health Center,Akure South,ODSAKS02,5.182149710762487,7.250533807174991
9244a954-cc27-445c-ac78-d6108ae6413e,Loda Basic Health Center,,Primary Health Center,Irele,ODSIRL05,4.889884537559118,6.646755643217211
e845294f-be8b-4fbb-a171-dd9538ea9239,Abusoro Basic Health Center,,Primary Health Center,Akure South,ODSAKS09,5.179382140696735,7.21039899719691
7b2a3879-7458-400a-b759-a605ec55a9f8,Lepe Basic Health Center,,Primary Health Center,Ilaje,ODSIAE12,4.7404123279155606,6.139114617153074
fa418b41-a907-43ab-a6ed-ff2e6f4bc41a,Ode Aye Basic Health Center,,Primary Health Center,Okitipupa,ODSPUP10,4.741693199267507,6.585445972534318
42d068cd-c26f-4932-8c5f-9f7ce7325a8d,Okeluse Basic Health Center,,Primary Health Center,Ose,ODSOSE06,5.775435421524974,6.920126584081208
ec5d0964-0010-44bc-9619-b8431caf46f2,Ayetoro Basic Health Center,,Primary Health Center,Akure North,ODSAKN01,5.256190455998384,7.389358808576537
2ce4bcb2-8a45-4cae-bb13-d115aeab0e35,Ilale Keji Comprehensive Health Center,,Comprehensive Health Center,Owo,ODSOWO07,5.572480904989042,7.169124355381244
529598d0-a642-4009-9396-193cb633cf9b,Lamudifa Basic Health Center,,Primary Health Center,Odigbo,ODSODI02,4.897998483464067,6.683041453195294
583012b0-856e-4a12-b969-72c1bf49159d,Ipele Basic Health Center,,Primary Health Center,Ose,ODSOSE08,5.680120256165647,7.059801030268774
9da2433c-5b24-4fb9-b6b9-4e688f49d313,Okemapo Primary Health Center,,Primary Health Center,Owo,ODSOWO05,5.586173837443765,7.198267385650016
f4c741fd-82f7-4407-b3a5-8433c4ad4913,Oke Aro Basic Health Center,,Primary Health Center,Akure South,ODSAKS03,5.178397253362556,7.254180030268774
54d298fe-6874-4872-9a60-5aeae728924d,Ajapa Basic Health Center,,Primary Health Center,Ilaje,ODSIAE07,4.788409147975548,6.139599548229312
ca616dc8-feb7-410d-a0f1-9e227e9755fa,Oda Basic Health Center,,Primary Health Center,Akure South,ODSAKS07,5.235284388453109,7.173669614349984
21af8d05-96ea-4c5c-9a5f-1bcc78708a0e,Abusoro Basic Health Center,,Primary Health Center,Ondo West,ODSOWT07,4.833537002803091,7.090493903587495
23a4db90-f294-49b2-92e6-5c246fbf3afc,Sabo Maternity Child Health Center,,Maternity Home,Akoko South West,ODSASW05,5.802906096412504,7.4561842272984205
993137d4-daac-4d96-8c66-0a962d664bb5,Mese Basic Health Center,,Primary Health Center,Ilaje,ODSIAE11,4.966490771300036,5.92263112668128
8d2ae438-d0e1-444f-b24e-6b804711c52d,Oke Iju Basic Health Center,,Primary Health Center,Akure North,ODSAKN12,5.228382191423463,7.2983551611546895
701962cc-47a3-44d2-9039-0b95884dea10,Oke Iju Basic Health Center,,Primary Health Center,Akure North,ODSAKN05,5.244038745506983,7.4072869719690875
6d6618de-58f7-4fd4-b337-def9b47099b4,Aromi Owode Basic Health Center,,Primary Health Center,Akure North,ODSAKN06,5.284614581278118,7.271449030268774
811cf6b1-467b-4b18-9318-567971c9f013,Ilepete Basic Health Center,,Primary Health Center,Ilaje,ODSIAE08,4.851742548206253,6.039958292040604
8bbd0e1e-b53e-463a-bbf7-c15f63932a9a,Ajue Basic Health Center,,Primary Health Center,Odigbo,ODSODI04,4.854951266812783,6.894468540362208
c7706d6a-8206-4a04-96f7-07b95583e68f,Odonla Basic Health Center,Basic Health Center Jinrinwo,Primary Health Center,Ilaje,ODSIAE11,4.96498168594522,5.924147384029023
a8b8a0ae-16dd-434f-a16f-e1a4c890e144,Sabo Basic Health Center,,Primary Health Center,Akoko South West,ODSASW05,5.801868224495329,7.451549476456338
5231d10d-bd4d-4bf3-aee6-995cbe09a2bd,Emure Ile Comprehensive Health Center,,Comprehensive Health Center,Owo,ODSOWO11,5.514856939462452,7.249098257567193
9527d92d-e856-4c60-ad1f-81cba721a040,Epe Comprehensive Health Center,,Comprehensive Health Center,Ile Oluji/Okeigbo,ODSIOU08,4.77569580100004,7.1687011720000555
d1435c19-a00a-4ea4-b2f0-6174c10de8ab,Idanre Health Clinic,,Primary Health Center,Idanre,ODSIDNE04,5.141723633000026,7.0966796880000516
cdbd45a0-fb5b-456a-9d52-a2714db0d111,Onisoosi Basic Health Center,,Primary Health Center,Ile Oluji/Okeigbo,ODSIOU09,4.665527344000054,7.089721680000025
e12ea7fc-d7ce-4dae-92d3-9ea5253d4037,Aratu Oloju Basic Health Center,,Primary Health Center,Ile Oluji/Okeigbo,ODSIOU09,4.631896973000039,7.089111328000058
dba54ac9-4d1b-4eb3-b8c6-11437c496680,Janiyi Basic Health Center,,Primary Health Center,Idanre,ODSIDNE08,5.113098145000038,6.985717773000033
3aecce54-a16d-45fe-bdbd-b523c66d213d,Ofosu Erinjo 1 Basic Health Center,,Primary Health Center,Idanre,ODSIDNE09,5.124328613000046,6.815490723000039
6c109cf3-d485-4bd7-8fbd-b48a648245ce,Awo Abode Basic Health Center,,Primary Health Center,Idanre,ODSIDNE04,5.167907715000069,7.1530761720000555
cc0ab82d-f946-4875-a656-7aba570822f8,Jimekun Health Post,,Dispensary,Ile Oluji/Okeigbo,ODSIOU01,4.853088379000042,7.105285645000038
004992c2-ee13-43bf-80e2-391abb1b285f,Olokuta Health Post,,Dispensary,Idanre,ODSIDNE10,5.098083496000072,7.230895996000072
a1e7816a-c5e6-481e-9127-6f21775a760f,New Day Clinic,,Primary Health Center,Ifedore,ODSIDE06,5.15850830100004,7.301696778000064
cd637d59-7438-4e8e-b488-88fae94aa716,Owena Ijesha Primary Health Care Center,,Primary Health Center,Ifedore,ODSIDE10,5.012329102000024,7.404296875000057
718b9ac8-68b6-4a11-b2af-cf95a16d3bef,Ile Oluji Health Post,,Dispensary,Ile Oluji/Okeigbo,ODSIOU03,4.873474121000072,7.206115723000039
2eb26968-9bc7-487d-aa8e-29b2b5b81b63,Asana Fatanmi Basic Health Center,,Primary Health Center,Ile Oluji/Okeigbo,ODSIOU10,4.741699219000054,7.121276855000076
1e8e6a73-46ad-48d2-a46b-e07af649fb8c,Ajegunle Asunrin Basic Health Center,,Primary Health Center,Idanre,ODSIDNE07,5.186096191000047,7.034912109000061
dcff22f5-f0ac-404e-838f-78101a87ddda,Emmanuel Clinic,,Primary Health Center,Ile Oluji/Okeigbo,ODSIOU01,4.838317871000072,7.110290527000075
601fd2bc-f176-483f-8edb-fcbb5d5be04f,Okeigbo Basic Health Center,Basic Health Center Okeigbo,Primary Health Center,Ile Oluji/Okeigbo,ODSIOU07,4.725524902000075,7.170715332000043
ea1d567c-ce6a-47d6-b192-364b0a6d9058,Surulere Hospital Okeigbo,,Primary Health Center,Ile Oluji/Okeigbo,ODSIOU07,4.739074707000043,7.159301757000037
369b5827-b725-4359-9b28-098d7da9aae1,Olowosunmoye Basic Health Center,,Primary Health Center,Ile Oluji/Okeigbo,ODSIOU05,4.934875488000046,7.233703614000035
5ec81733-125e-4bce-ab11-bb4de280ca78,Ileoluji General Hospital,General Hospital,General Hospital,Ile Oluji/Okeigbo,ODSIOU04,4.879272461000028,7.216125488000046
8dd31423-03d2-4bc0-a374-bab049949a58,Igbo Oja Basic Health Center,Basic Health Center Igbo Oja,Primary Health Center,Ile Oluji/Okeigbo,ODSIOU03,4.863281250000057,7.132507324000073
6e9f942f-7f24-4c7a-a7c4-b69209020a06,Ayetoro Agunla Basic Health Center,,Primary Health Center,Ile Oluji/Okeigbo,ODSIOU05,4.914489746000072,7.273071289000029
d219fe70-14b4-4e43-bf04-ea5e3f9e4a04,Awopeju Basic Health Center,Basic Health Center Awopeju,Primary Health Center,Ile Oluji/Okeigbo,ODSIOU10,4.762084961000028,7.238281250000057
2525fcd7-6ada-4510-b93f-2a4449170dda,Farm Settlement Basic Health Center,Basic Health Center Farm Settlement,Primary Health Center,Ile Oluji/Okeigbo,ODSIOU02,4.851684570000032,7.236083984000061
87cd725d-c0cc-40a9-a93d-7b0da2c9f2b4,Caring Hearth Home Health Service Hospital,,Primary Health Center,Ile Oluji/Okeigbo,ODSIOU03,4.880126953000058,7.2019042970000555
c2314423-d806-4024-96fb-a65aad6bb1db,Saint Lucas Hospital Akinbisehin,St Lucas Hospital Ileoluji,Primary Health Center,Ile Oluji/Okeigbo,ODSIOU01,4.8679199220000555,7.178894043000071
c5e9f753-1445-4a43-8753-43aaacde1880,Agunla Oja Basic Health Center,Basic Health Center Agunla,Primary Health Center,Ile Oluji/Okeigbo,ODSIOU05,4.932922364000035,7.297485352000024
ba39cc7f-dcf1-4f01-8c05-31f496d7aed7,Temitope Hospital,,Primary Health Center,Idanre,ODSIDNE04,5.123474121000072,7.109313965000069
d7b3a1e4-f4ca-4950-900e-dd39dd405e09,Laleepa Basic Health Center,Basic Health Center Laleepa,Primary Health Center,Ile Oluji/Okeigbo,ODSIOU05,4.9675292970000555,7.263671875000057
7c72db02-4b4a-40b1-9855-34ddbfec5214,Isarun Basic Health Center,Basic Health Center,Primary Health Center,Ifedore,ODSIDE10,5.0697021490000225,7.403686523000033
b500bed9-14f8-4996-9db1-24ced06c544c,Ikota Basic Health Center,Basic Health Center,Primary Health Center,Ifedore,ODSIDE06,5.149475098000039,7.347717285000044
43511da8-9f3b-4d85-9fb1-32c7437efac2,Ijare Comprehensive Basic Health Center,Comprehensive Health Center Ijare,Primary Health Center,Ifedore,ODSIDE05,5.181884766000053,7.362121582000043
153d5d89-b73f-4333-be0d-8207f55547c7,Ibuji Comprehensive Health Center,,Comprehensive Health Center,Ifedore,ODSIDE01,5.064086914000029,7.453491211000028
99dce02a-eff5-4706-978c-0b8cad369b7f,Ijama Health Post,,Dispensary,Idanre,ODSIDNE06,5.041687011000022,7.133911132000037
5fdf225e-cd45-47c5-a3c1-63cd6442dceb,Okpeyemi Memorial Hospital,,Primary Health Center,Idanre,ODSIDNE04,5.1376953130000516,7.106079102000024
c0a1660f-9a45-43a6-9033-6c56d298ef46,Iramuje Health Center,,Primary Health Center,Idanre,ODSIDNE08,5.059875489000035,6.998718262000068
a1106d2b-16ff-4d0c-83a5-f87d9ef1dc4d,Abalaka Basic Health Center,,Primary Health Center,Idanre,ODSIDNE06,5.029296875000057,7.116516114000035
af62c720-c685-4a66-b256-fa27625cb098,Imole Ayo Clinic,,Primary Health Center,Idanre,ODSIDNE04,5.147888184000067,7.085083008000026
867278a9-2b5e-4593-b982-c33db983d839,Arowojobe Primary Health Center,Arowojobg Primaary Health Center,Primary Health Center,Ile Oluji/Okeigbo,ODSIOU05,4.962524414000029,7.369323731000065
71149848-5cae-4c97-9f45-28849aee6c24,Sokoto Health Center,,Primary Health Center,Ile Oluji/Okeigbo,ODSIOU05,4.983886719000054,7.345886230000076
19e44223-c074-4142-8990-a82b58c391d7,Orita Obele Basic Health Center,Orita Obele Basic Health Center,Primary Health Center,Ifedore,ODSIDE06,5.160522461000028,7.292297363000046
64dc8bbe-77fa-4958-9d22-396389d5e377,St Raphael Clinic,St Raphael,Primary Health Center,Ifedore,ODSIDE06,5.187316895000038,7.26928711000005
19c44c6d-f0c4-4abe-9fb0-87016cfc52b6,Ipinsa Health Center,Ipinsa Maternity Health Center,Primary Health Center,Ifedore,ODSIDE06,5.147277832000043,7.318481446000021
1b99d6da-cceb-40c3-977c-743bcc0c7b9c,Sacred Heart Clinic,,Primary Health Center,Ifedore,ODSIDE06,5.196105957000043,7.265502930000025
6d5bdbc3-1160-4da0-8b56-021b56c36891,Ogundele Health Center,,Primary Health Center,Ile Oluji/Okeigbo,ODSIOU05,4.989074707000043,7.366516113000046
557826f1-74ef-438d-a4a5-0361a85745a0,Omifunfun Health Center,Omifunfun,Primary Health Center,Idanre,ODSIDNE07,5.202697753000052,6.890686035000044
8e96d83e-6953-4b10-9595-bf41d32c03ba,Obatedo Health Center,Health Center Obatedo,Primary Health Center,Idanre,ODSIDNE06,5.045471191000047,7.105712891000053
06e426a6-75d6-4350-9a4b-8ee986097957,Ala Igbatoro Comprensive Healt Center,,Primary Health Center,Idanre,ODSIDNE02,5.358886718000065,7.088500976000034
4dfcaecb-bfc7-4edd-b164-cb06a4622b2d,Ilunla Basic Health Center,,Primary Health Center,Ile Oluji/Okeigbo,ODSIOU01,4.852515710762487,7.1079756776906216
da51c375-4d4a-4c9d-8396-3b820b103626,Odode Basic Health Center,,Primary Health Center,Idanre,ODSIDNE04,5.142346546804707,7.1008457797093065
e0b58fdd-efc9-4c20-bc9e-c022d9bca79c,Epe Comprehensive Health Center,,Comprehensive Health Center,Ile Oluji/Okeigbo,ODSIOU01,4.817637831837586,7.117452030268775
44054329-4fb6-44dd-ba96-28bb64a86dff,Atamo Basic Health Center,,Primary Health Center,Ile Oluji/Okeigbo,ODSIOU01,4.86573608296227,7.1836449237743425
d02695d2-3d55-4a04-8ac6-39af2b886daf,Irese Basic Health Center,,Primary Health Center,Ifedore,ODSIDE06,5.19541206614373,7.334230482062523
4ad5a36f-cc99-4080-bbb6-ee8abe699ebf,Ilara Comprehensive Health Center,,Comprehensive Health Center,Ifedore,ODSIDE08,5.101719739629717,7.3464903870515625
4fc9f02c-b2dd-4be9-9b0c-c7dde398b423,Alade Basic Health Center,,Primary Health Center,Idanre,ODSIDNE01,5.096843774103126,7.1409639007844055
c714afde-6a03-4c96-8fe2-6c25ce8d59d4,Ibule Basic Health Center,,Primary Health Center,Ifedore,ODSIDE09,5.110321149106,7.3172907488753145
06e60495-57e2-4010-b5a9-69190c5f0ad3,Ipogun Basic Health Center,,Primary Health Center,Ifedore,ODSIDE09,5.0763301020186855,7.316734278025153
7218c31d-ceb9-4630-b4cb-b58376bd3064,Wuraola Basic Health Center,,Primary Health Center,Ifedore,ODSIDE09,5.102077374437657,7.341619975337406
31fef548-6acf-44ff-b25b-5428dd906a43,Owena Basic Health Center,,Primary Health Center,Idanre,ODSIDNE10,5.019323073987783,7.196213047087316
a55ee618-bc6e-4380-9178-f17cd0bc808d,Idioma Basic Health Center,,Primary Health Center,Ile Oluji/Okeigbo,ODSIOU02,4.868834349775064,7.218692614349981
8302d38e-1abf-47ea-a6c8-33a9472d7c0b,Ore Basic Health Center,,Primary Health Center,Idanre,ODSIDNE10,5.034111579605461,7.2015001647941075
ccab40c9-1136-48fe-8245-90bd3a61aacc,Ileoluji Comprehensive Health Center,,Comprehensive Health Center,Ile Oluji/Okeigbo,ODSIOU01,4.869864487668705,7.192397900784404
959a0257-519c-498b-91b6-e0e0432d9e5d,Kajola Basic Health Center,,Primary Health Center,Ifedore,ODSIDE06,5.182649225896874,7.275511969731226
d0bd9cd7-de8e-4c89-9792-9d242afdcfd4,Idiro Basic Health Center,,Primary Health Center,Ile Oluji/Okeigbo,ODSIOU07,4.719067857630634,7.168467283631331
db085b41-469a-4879-94af-0f86a8be01fe,St Michael Basic Health Center,,Primary Health Center,Ifedore,ODSIDE05,5.164335201234283,7.364777545403161
be585afb-7d66-4922-8069-2a557022e8b9,Ayetoro Ijare Basic Health Center,,Primary Health Center,Ifedore,ODSIDE04,5.160477470850157,7.372774837443765
22a3ec9b-095b-476b-8977-f9871a4a2998,Okeode Basic Health Center,,Primary Health Center,Ifedore,ODSIDE08,5.109247195062871,7.3296069473064955
726324e6-fe44-43ef-979b-eec428c0fb8a,Ise Ola Clinic,,Primary Health Center,Akoko South East,ODSASE08,5.9122298870270384,7.453293585530116
bf61a703-0e7c-4905-9dac-9dba50d35550,Idiroko Basic Health Center,,Primary Health Center,Ile Oluji/Okeigbo,ODSIOU09,4.7029758057734465,7.1498120316703195
2cbac8fd-a7a6-4bb2-8a97-da66f3251b89,Ile Oluji Comprehensive Health Center,,Comprehensive Health Center,Ile Oluji/Okeigbo,ODSIOU02,4.864525054931366,7.21808108800323
818dcf07-fa59-4904-b160-ddbea44dbea6,Oke Ijebu Basic Health Center,,Primary Health Center,Ifedore,ODSIDE06,5.210667192825008,7.278711223093782
204faac1-124d-4842-9053-9d2f228bf28d,Ero Basic Health Center,,Primary Health Center,Ifedore,ODSIDE03,5.057078344168878,7.400451826231399
81fbd11b-92b7-44a5-95f2-d44b258466b9,Oludare Hospital,,Primary Health Center,Akure South,ODSAKS03,5.169311523000033,7.257324219000054
24d17e7c-74d8-47a6-9b0a-a55124f78427,Christ Love Hospital,,Private Non Profit,Akure North,ODSAKN11,5.244506836000028,7.372070312000062
3762fc65-7438-4dd2-abbf-769d7e6c0690,Futa Health Center,,Primary Health Center,Ifedore,ODSIDE06,5.149475098000039,7.294921875000057
1cc92112-ab94-4e37-b34e-5f06049c0697,Ilere Basic Health Center,,Primary Health Center,Ifedore,ODSIDE06,5.167114257000037,7.3190917970000555
d251af56-bdfd-4e28-8cb0-bc85f175a532,Ebiaye Health Center,,Primary Health Center,Ese Odo,ODSESO01,4.9030761720000555,6.267272949000073
2cc41e2c-4f26-4fb9-81ac-8b0ae9156fea,Awodikuro Basic Health Center,,Primary Health Center,Ese Odo,ODSESO01,4.882080079000048,6.225708008000026
c225b3f0-f285-457c-830d-d2b1f35bf696,Igangbo Basic Health Center,,Primary Health Center,Ese Odo,ODSESO01,4.8679199220000555,6.294494629000042
37f4748a-b0d6-4b4a-950f-742525963e89,Ojuala Basic Health Center,,Primary Health Center,Ese Odo,ODSESO05,4.877319336000028,6.408081055000025
d5511b7b-2019-4d2a-ade9-e16fd1e23722,Igbekebo Basic Health Center,,Primary Health Center,Ese Odo,ODSESO05,4.870052210773983,6.36519118045922
c750dc15-ea27-4aa5-bc4b-ee27b0e9e4a0,Ebiaye Basic Health Center,,Primary Health Center,Ese Odo,ODSESO01,4.902975506725114,6.2676603195062865
945f5f74-3c27-428a-b75e-1d69ac256606,Ebute Ipare Basic Health Center,,Primary Health Center,Ilaje,ODSIAE04,4.642256264551862,6.24813230268774
4179b4b4-f4b0-49af-8485-1c79381a5249,Oke Ijebu Comprehensive Health Center,,Comprehensive Health Center,Ifedore,ODSIDE06,5.201929512331297,7.258657096412505
d55ac22d-6c87-4bb9-9d04-b696919b655a,Ola Oluwa Clinic Supare,,Primary Health Center,Akoko South West,ODSASW15,5.690450000000055,7.4578200000000265
bcecef1a-b4b2-4b1f-b24f-4b4c0fd622ae,Gods Mercy Clinic,,Primary Health Center,Akoko South West,ODSASW03,5.73088000000007,7.457430000000045
9c356a3e-7e4a-4161-a13d-04e050e7b94c,St Davids Health Center,,Primary Health Center,Ifedore,ODSIDE06,5.198510000000056,7.256200000000035
a6402599-3d33-48ef-b903-01a96e4ca660,Arif Medical Center,,Medical Center,Odigbo,ODSODI10,4.882470000000069,6.752540000000067
2959561e-cd0c-4768-802c-b409f4a1d34e,Dayo Nursing Home,,Primary Health Center,Akoko North East,ODSANE10,5.73078567020469,7.525109015127443
0ef64a54-d469-4bc9-a4b3-26e00ce99b0a,Akungba Comprehensive Health Center,,Comprehensive Health Center,Akoko South West,ODSASW03,5.732869870357378,7.461711635275831
f6aabe4d-67c8-43f1-8548-922acdbf8999,Flomer Garden Specialist Hospital,,Specialist Hospital,Ondo West,ODSOWT04,4.82307000000003,7.079980000000035
59693560-0701-4de2-8341-e63255897414,Sijuwade Specialist Hospital,,Specialist Hospital,Akure South,ODSAKS05,5.205070000000035,7.231990000000053
62134cd8-b818-4229-9983-591a689c176d,Momaak Specialist Hospital,,Specialist Hospital,Akure South,ODSAKS03,5.168440000000032,7.264030000000048
ee6d39ef-9d4d-47cd-aef7-336b5c6da56e,Fujah Specialist Hospital,,Specialist Hospital,Akure South,ODSAKS03,5.184100000000058,7.2526600000000485
5201e5fd-7da1-425f-b3a4-3274445a781f,Hopeland Specialist Hospital,,Specialist Hospital,Akure South,ODSAKS11,5.17112000000003,7.2635400000000345
44653b65-be0e-4704-b792-93d59c2206d5,Temidayo Specialist Hospital,,Specialist Hospital,Akure South,ODSAKS03,5.180060000000026,7.256320000000073
15a26a1c-1c23-4e62-945e-9d98383b0599,First Mercy Specialist Hospital,,Specialist Hospital,Akure South,ODSAKS03,5.1831000000000245,7.253320000000031
c5fe7ee5-227b-4965-b968-7358227c2d3e,Olusuen Specialist Hospital,,Specialist Hospital,Akure South,ODSAKS02,5.186420000000055,7.251480000000072
eaf7de70-d778-4763-83bc-2b1fece219d9,Fujah Specialist Hospital,,Specialist Hospital,Akoko North East,ODSANE07,5.7726200000000745,7.5332200000000284
fdb53aa5-62a1-4e09-b081-0a14a2334bb9,Adekanya Clinic,,Primary Health Center,Akoko South East,ODSASE08,5.912517910153358,7.453575369124409
a39e6987-a397-42c5-89c0-acdfd488bd7e,Tola Clinic,,Primary Health Center,Akoko North East,ODSANE04,5.771760000000029,7.544400000000053
ddbdbdd7-1350-45a6-a35b-d8598a55950c,Molasuru Memorial Hospital,,Primary Health Center,Okitipupa,ODSPUP12,4.779050000000041,6.503090000000043
ea133657-ef8f-44f5-91a5-5cb18fe4bbf1,Our Heritage Poly Clinic,,Educational Clinic,Irele,ODSIRL09,4.85459000000003,6.494270000000029
50d7aa91-811f-4b0f-ba2d-50c36655af18,St Peters Clinic,,Primary Health Center,Irele,ODSIRL09,4.873090000000047,6.486640000000023
04851481-cbcd-4860-a8fc-4494de4928c2,Arif Hospital,,Primary Health Center,Irele,ODSIRL09,4.867160000000069,6.500540000000058
5247b917-45aa-486f-a242-450a70f220ec,Bolatos Clinic,,Primary Health Center,Irele,ODSIRL09,4.870060000000024,6.501760000000047
1ba26496-3fd9-42c9-a51f-e1b7a6bc8d24,Anthony Adeleke Memorial Hospital,,Primary Health Center,Irele,ODSIRL09,4.868790000000047,6.497540000000072
1df355bd-4542-4437-8eea-cb0fa9813156,State Specilist Hospital Okitipupa,,Primary Health Center,Okitipupa,ODSPUP12,4.7876000000000545,6.500930000000039
6b19ddfb-5c0e-4ddd-bcb9-d00ebe62ef20,St Peters Hospital,,Primary Health Center,Okitipupa,ODSPUP02,4.638940000000048,6.571600000000046
955fbadf-9099-480b-849b-7a38599558f1,Anthony Adelekeme Memorial Hospital,,Primary Health Center,Okitipupa,ODSPUP02,4.6381300000000465,6.574960000000033
994dff27-6496-4fc5-8d16-1613be2d3139,Igbodigo Basic Center,,Primary Health Center,Okitipupa,ODSPUP12,4.777360000000044,6.494860000000074
1c24e48f-e9c2-4962-930d-017fe6c32902,Opeyemi Clinic,,Primary Health Center,Odigbo,ODSODI10,4.875930000000039,6.745040000000074
84353442-2c9c-4b49-8d50-a391b3009e22,Pima Hospital,,Primary Health Center,Odigbo,ODSODI10,4.876080000000059,6.739500000000021
ad175f3f-857c-46a3-bf37-e20f4e9c7623,Jijiola Hospital,,Primary Health Center,Odigbo,ODSODI10,4.875350000000026,6.759340000000066
a293672d-9dbb-467e-b60a-76ba67143155,Adeyalo Clinic Hospital,,Primary Health Center,Odigbo,ODSODI10,4.8745400000000245,6.75532000000004
185dc0b1-afc5-4dc8-965f-25ec5c69e1bf,Tolaj Hospital,,Primary Health Center,Odigbo,ODSODI10,4.874940000000038,6.74664000000007
10156e77-a8a7-48bd-a9aa-7a4cd1584f48,Ayomide Medical Center,,Medical Center,Odigbo,ODSODI10,4.882670000000076,6.74786000000006
f44c87c5-2d22-4d3c-8fe9-7b26ec248aba,Peace Clinic,,Primary Health Center,Odigbo,ODSODI08,4.813130000000058,6.752060000000029
5217affc-e157-421e-9366-af307d76dbd5,St Francis Medical Clinic,,Primary Health Center,Odigbo,ODSODI10,4.882060000000024,6.7461000000000695
cf7551b1-dc7f-4187-ad6f-aad0b414a206,Adigun Hospital,,Primary Health Center,Odigbo,ODSODI10,4.882470000000069,6.754640000000052
46686e58-737f-4961-805d-221645b8cc11,Laju Clinic Ondo,,Primary Health Center,Ondo West,ODSOWT12,4.842710000000068,7.100530000000049
47d4c19a-f3da-4498-b3c9-51a3d0dc17ef,Mercyland Medical Center,,Medical Center,Ondo West,ODSOWT04,4.825450000000046,7.077170000000024
40a4f404-75d4-4aea-82fb-7a5603a61360,Adeola Clinic,,Primary Health Center,Akoko North West,ODSANW07,5.670190000000048,7.585770000000025
d336bc5a-6891-44bc-b3a1-039a2034a5cd,Jol Adeyemi Hospital Annex,,Primary Health Center,Akoko South West,ODSASW09,5.6723400000000765,7.319520000000068
a91c7d07-2da1-482d-b75c-eb4c23c134b1,Moyinoluwa Hospital,,Primary Health Center,Akure North,ODSAKN11,5.2399200000000405,7.364340000000027
2fc7fa98-7ea6-4d4b-a4fd-1fcefd649867,Ifeolu Clinic Iju,,Primary Health Center,Akure North,ODSAKN01,5.261370000000056,7.384700000000066
7750188e-3cc9-444b-b625-218cd728000d,Oluwarotimi Specilalist Clinic Ugel,,Primary Health Center,Akure North,ODSAKN06,5.227090000000032,7.232580000000041
bb89d33b-df32-4971-8d0a-5897db9a01a1,Ayotunde Clinic,,Primary Health Center,Akure North,ODSAKN08,5.368790000000047,7.264800000000037
dfcded44-ec77-4b5d-a320-067244ee4315,Adeyemi Memorial Hospital Annex,,Primary Health Center,Akure North,ODSAKN08,5.373420000000067,7.262520000000052
3b17c44e-f838-47b6-bcf1-948b78337087,God Grace Maternity,,Maternity Home,Akure North,ODSAKN12,5.227180000000033,7.2864000000000715
bcf3b3e3-13e1-4135-abb7-c39c86de2e8d,Tolu Clinic,,Primary Health Center,Akoko South West,ODSASW13,5.756310000000042,7.446640000000059
0e77c25f-f7d9-489c-b4b8-dfcf81ef8ba7,Abitoye Hospital Itaogbolu,,Primary Health Center,Akure North,ODSAKN09,5.248360000000048,7.3612000000000535
957d301b-42f9-41f5-a3b6-b741ece92a22,Liberty Hospial,,Primary Health Center,Akure North,ODSAKN08,5.36850000000004,7.259280000000047
66901eb8-48e8-4601-af5b-2ea1b3d935f5,John and Mary Hospital,,Primary Health Center,Akure South,ODSAKS02,5.179920000000038,7.246900000000039
27d4cea6-639d-4d4d-a1a1-0dc27f071e1a,Folaiye Memorial Hospital,,Primary Health Center,Akure South,ODSAKS10,5.192340000000058,7.253220000000056
02d6b393-b26b-49cd-aef9-6204a6ca4b15,Addewe Okunrinboye Medical Center,,Medical Center,Akure South,ODSAKS02,5.172640000000058,7.248210000000029
fb0afd05-cd48-4676-b3e9-10123ef75a1e,Kinyo Memorial Clinic,,Primary Health Center,Akure South,ODSAKS09,5.181560000000047,7.243060000000071
350a388e-2d47-4f4b-9bb2-ebde02fe376e,Ejire Medical Clinic,,Primary Health Center,Akure South,ODSAKS09,5.197340000000054,7.213310000000035
5e7242b3-851b-46eb-a400-420a851eee63,Mao Clinic,,Primary Health Center,Akure South,ODSAKS06,5.19157000000007,7.244700000000023
c6ece323-3c0f-4039-ab65-a92c246437fa,Jande Fatunla Hospital,,Primary Health Center,Akure South,ODSAKS09,5.1804800000000455,7.241810000000044
0917d47f-ee25-4af1-a635-5953fca52011,Liberty Hospital,,Primary Health Center,Akure South,ODSAKS05,5.197620000000029,7.232170000000053
f6f0d6d4-8d57-4f56-af20-a7019b994e16,Bisi Medical Center,,Medical Center,Akure South,ODSAKS06,5.192240000000027,7.241210000000024
917637f8-01c7-413d-8100-e8878d0e4ccf,Prime Medical Clinic,,Primary Health Center,Akure South,ODSAKS08,5.1944800000000555,7.247120000000052
c4486a0b-9558-4068-b23c-bb3a04e5dd8b,Skye Hospital Ltd,,Primary Health Center,Akure South,ODSAKS10,5.193740000000048,7.254290000000026
4d37156d-c538-4074-acdd-df9b815bde9c,Jobarteh Hospital,,Primary Health Center,Akure South,ODSAKS04,5.202510000000075,7.252060000000029
fc2c232a-66ac-4721-b816-ff11a234e6f7,Ayodele Medical Center,,Medical Center,Akure South,ODSAKS05,5.201640000000054,7.249500000000069
2bd39eae-09ec-45d9-bf1d-317fb710c82e,Jidemal Clinic,,Primary Health Center,Akure South,ODSAKS06,5.199090000000069,7.229550000000074
ee20b156-c78d-4bcc-9250-0668cbfcc6ad,Doopes Hospital and Maternity,,Maternity Home,Akure South,ODSAKS02,5.185550000000035,7.249460000000056
80c1b173-9c7f-41b3-ae2c-350fc8314c9d,Kunle Medical Clinic,,Primary Health Center,Akure South,ODSAKS09,5.18625000000003,7.236320000000035
6009c780-6240-4fcf-87d2-78048fb0bda0,City Hospital and Maternity Center,,Maternity Home,Akure South,ODSAKS08,5.197020000000066,7.2489700000000425
c76f33c0-1c72-4d96-82d7-7c170973b258,Owoyemi Hospital,,Primary Health Center,Akure South,ODSAKS06,5.195410000000038,7.239500000000021
93c75a8a-ba40-4e15-b5e7-a0f2beb41a25,St Louis Hospital,,Primary Health Center,Owo,ODSOWO09,5.57630000000006,7.202220000000068
85d49834-74e1-4b5d-b79f-e2efb316dfb1,Adeyemi Hospital Annex,,Primary Health Center,Owo,ODSOWO03,5.572020000000066,7.227600000000052
012090ae-a736-4587-84f8-fa1a03dccbb4,St Davids Hospital,,Primary Health Center,Owo,ODSOWO02,5.572420000000022,7.202120000000036
74a250ff-26af-4850-b4a8-9edaeb0e8676,Osheiza Hospital,,Primary Health Center,Owo,ODSOWO05,5.5857500000000755,7.200460000000021
0a59a9b5-6101-41ee-bd8c-3be632d3c7df,Grace Maternity Home,,Maternity Home,Owo,ODSOWO06,5.603640000000041,7.220540000000028
bef60097-07cf-4755-bc43-24ee69faf6c9,Shekinah Hospital,,Primary Health Center,Owo,ODSOWO06,5.596150000000023,7.196930000000066
d62087d9-b2c9-4183-a340-4a3282cde7ea,Command Hospital,,Primary Health Center,Owo,ODSOWO06,5.607230000000072,7.222090000000037
552f253d-89bf-4870-b99f-577a6ad7639a,Obamoyen Hospital,,Primary Health Center,Owo,ODSOWO06,5.595860000000073,7.192030000000045
95b587e5-2b55-4a48-9524-4e5b88ceeda7,Joladet Hospital,,Primary Health Center,Owo,ODSOWO02,5.576630000000023,7.198190000000068
3491739b-41ee-4967-b583-653797097a34,St Mary Hospital Emure Ile,,Primary Health Center,Owo,ODSOWO11,5.514810000000068,7.2386600000000385
96826347-b1f8-4f4b-9c51-c61720950bf5,Doctor Clinic,,Primary Health Center,Akoko North East,ODSANE06,5.75592000000006,7.525680000000023
c31f43de-ab3a-4fc1-a280-bb858520d246,Wollaston Clinic and Maternity Home,,Maternity Home,Akoko North East,ODSANE06,5.757140000000049,7.5236000000000445
f715fa98-c488-4dbe-a63c-4d594925636b,Inland Medical Center,,Medical Center,Akoko North East,ODSANE04,5.764900000000068,7.53009000000003
f9c029a9-b294-4eaa-b6ab-6fd3ac5e6b17,Adeyemi Memorial Hospital,,Primary Health Center,Akoko North East,ODSANE07,5.7945700000000215,7.522090000000048
ff4a971a-ceb8-427b-b434-00f2d3a1c946,Terebo Omoweta Hospital,,Primary Health Center,Akoko North East,ODSANE04,5.759370000000047,7.530670000000043
f222a341-bbe1-4763-8e72-e451afdada5a,Kolawole Clinic Iku,,Primary Health Center,Akoko North East,ODSANE09,5.740810000000067,7.517480000000035
c3816acd-f035-4c4f-b151-797193487c5b,Jide Medical Center,,Medical Center,Akoko North East,ODSANE12,5.748440000000073,7.519550000000038
995d0a4b-ff9f-4dd8-8066-0040c39f3000,Bb Medical Clinic and Maternity,,Maternity Home,Akoko North East,ODSANE07,5.776860000000056,7.530320000000074
f8a34925-05f5-4fc3-95c4-a39787c75bae,Favour Medical Center,,Medical Center,Akoko North East,ODSANE06,5.760240000000067,7.5248000000000275
2bab0101-5e49-4d04-acd4-201829375d01,Mama Eshe Agbebi Clinic,,Primary Health Center,Akoko North East,ODSANE04,5.760280000000023,7.533610000000067
b3c5003e-804d-4e97-b120-32235421e7e3,Total Care Medical Center,,Medical Center,Akoko North East,ODSANE07,5.7816700000000765,7.530680000000075
2b57735a-2d79-4635-bb95-49254a099b21,St Stephen Basic Health Center,,Primary Health Center,Akoko North East,ODSANE11,5.7495400000000245,7.520640000000071
8a61fbd0-3d9a-45f2-bba4-59ec3fc550e3,Aderemi Clinic,,Primary Health Center,Akoko North West,ODSANW08,5.708990000000028,7.567480000000046
ae8d06df-30ce-46ad-8fab-3cd234dc35a3,Olarewaju Clinic,,Primary Health Center,Akoko North West,ODSANW08,5.707760000000064,7.5714700000000335
06bef6b1-b184-4273-8896-d700047cca1e,Molanah Clinic Arigidi,,Primary Health Center,Akoko South West,ODSASW11,5.773130000000037,7.466300000000047
4aa8bb74-d2e3-4417-b979-330a2773cafc,Kenneth Medical Center,,Medical Center,Akoko North West,ODSANW01,5.760700000000043,7.640950000000032
bceb5080-e147-4b3b-8975-ab69f43bbfd4,Aridek Clinic Arigidi,,Primary Health Center,Akoko North West,ODSANW04,5.779600000000073,7.560600000000022
2e5af348-084f-4286-9b6d-d30a104b9abf,Temitope Medical Clinic Isua,,Primary Health Center,Akoko South East,ODSASE09,5.895290000000045,7.440050000000042
fb40a0d1-8238-4317-b7e4-f1a25bcd550c,Oulwasola Clinic Isua,,Primary Health Center,Akoko South East,ODSASE10,5.89957000000004,7.441900000000032
42e79420-8f89-46bd-87ed-5f3a38e4705d,School Health Service Unity School,,Educational Clinic,Akoko South East,ODSASE01,5.858830000000069,7.462030000000027
56872380-1969-4b7e-8733-157a0d42727b,Poly Clinic Iwaro Oka,,Educational Clinic,Akoko South West,ODSASW11,5.7639500000000226,7.444030000000055
52616138-d965-453f-8cf4-2bc3334b6b0a,Freedom Clinic,,Primary Health Center,Akoko South West,ODSASW01,5.802200000000028,7.46670000000006
9fb2acdc-ce44-4452-86ec-97a7e91b5a12,St Lawrence Clinic,,Primary Health Center,Akoko South West,ODSASW08,5.7835000000000605,7.375330000000076
fe157f28-587e-4193-b8fb-e1a810622ce2,Anu Olu Clinic Oka,,Primary Health Center,Akoko South West,ODSASW06,5.805080000000032,7.457180000000051
f3490562-6ed6-4701-b4e7-9906af772eea,Ireti Clinic Iwaro Oka,,Primary Health Center,Akoko South West,ODSASW13,5.762710000000027,7.440270000000055
287a3c52-5b32-4197-b641-8c9d33a3b5ae,Kajola Medical Clinic Supare,,Primary Health Center,Akoko South West,ODSASW15,5.694840000000056,7.455310000000054
9e723228-cd1c-484c-ac5e-712ab99b82ca,Joyce Medical Clinic,,Primary Health Center,Akoko South West,ODSASW07,5.8021700000000465,7.456770000000063
c19c4ec0-b6b7-4ee8-8192-ae4c8db553cc,Tolulope Clinic Ibaka Oka,,Primary Health Center,Akoko South West,ODSASW05,5.8092300000000705,7.454360000000065
63361eb2-f879-4b27-9dce-971ca65978b2,Lanwo Medical Clinic Supare,,Primary Health Center,Akoko South West,ODSASW15,5.692600000000027,7.4510400000000345
86cdee6b-2098-4516-bf3e-449c28a42d82,Top Medicare Center,,Primary Health Center,Akoko South West,ODSASW13,5.757950000000051,7.441700000000026
3ceae8a7-157f-4c9d-a830-fcd45d15d1f1,Aduloju Memorial Hospital,,Primary Health Center,Akoko South West,ODSASW03,5.740260000000035,7.456680000000063
69f4218f-b809-406b-91b4-c940de94e057,Orisun Iye Clinic,,Primary Health Center,Akoko South West,ODSASW13,5.764050000000054,7.446050000000071
2cfcabc4-ea94-4449-800d-b417d751eda5,Adeyemi Hospital,,Primary Health Center,Akoko South West,ODSASW10,5.730250000000069,7.374460000000056
2aab34c3-e7ba-4dd4-a49f-cf46d4a241f9,Akinyemi Clinic,,Primary Health Center,Ondo East,ODSOET07,4.9338974529401165,7.170601354260719
21e94c68-2337-4961-8807-fc992d903540,Daughters of Charity St Catherine,,Primary Health Center,Akoko South West,ODSASW04,5.772200000000055,7.421320000000037
cbf2647c-5de3-4eb3-9f26-528f851f1680,F M Clinic,,Primary Health Center,Irele,ODSIRL09,4.879280000000051,6.486060000000066
d5883959-9f63-4f75-98f8-dea9e4d5216d,Fak Hospital,,Primary Health Center,Irele,ODSIRL09,4.867360000000076,6.463770000000068
d5ffcf9a-8737-443c-9013-f48e2e4df512,Akinyemi Clinic Igba,,Primary Health Center,Ondo East,ODSOET05,4.886920000000032,7.132980000000032
89d09392-a143-4e49-9f19-ec7a1aefafca,Adeyemi Memorial Hospital,,Primary Health Center,Akure North,ODSAKN05,5.2546500000000265,7.397930000000031
ab360963-9fe8-4a4a-9db5-7660ace39a1b,His Mercy Medical Clinic Ifira,,Primary Health Center,Akoko South East,ODSASE03,5.909170000000074,7.38677000000007
094e1f84-1e85-4112-b3f3-4a4f280e1fd4,Ifon Dispensary,,Dispensary,Ose,ODSOSE05,5.7706730995089135,6.929914219602039
a4ed627d-7edc-4327-b5c6-3972cff8e633,Powa Health Center,,Primary Health Center,Akure South,ODSAKS05,5.207132290963773,7.232683015948624
300e84ca-5c24-42b2-b304-7ab4f63ee5a2,Cdu Health Center,,Primary Health Center,Akure South,ODSAKS05,5.204612476739133,7.234759721507795
58f3af04-5674-4c16-8fc3-2beab6a3425c,Fiwasaye School Clinic,,Primary Health Center,Akure South,ODSAKS05,5.207174815256279,7.233053550798753
329f11ef-860a-4661-b42b-b31a32cf2e9b,Iyaduni Clinic,,Primary Health Center,Akoko South West,ODSASW07,5.803632955512504,7.4591136254324795
383765bd-682b-4535-89aa-75f24b7d3735,Iya Ewe Basic Health Center,,Primary Health Center,Ondo West,ODSOWT08,4.8430770174002795,7.0846850508524915
674b543b-7a02-4575-9efb-7cc960779e8e,Ago Hunu Basic Health Center,,Primary Health Center,Ondo West,ODSOWT12,4.843876306212785,7.101327318904543
dded3935-be7b-466f-ba30-329f0dbf7d7f,Ago Itunu Fagbo,,Primary Health Center,Ondo East,ODSOET07,4.9317266137343525,7.163841006216233
b6999d1d-89b3-4dbb-9b92-ada5207e3807,Eti Ose Isua Oke Basic Health Center,,Primary Health Center,Akoko South East,ODSASE08,5.95804215858291,7.444378966327773
234e8459-9a4d-4dcd-a6a1-4dd0559c933a,Epinmi Basic Health Center,,Primary Health Center,Akoko South East,ODSASE01,5.867274032648562,7.459723263161637
ad36d94e-d00b-4cdf-a1a0-716b6fad9c63,Molad Clinic,,Primary Health Center,Akoko South East,ODSASE10,5.900040973403237,7.440220232494291
6d7543a0-5a55-4f3e-9172-fb5688395be0,Toly Medical Clinic,Olufunk Clinic,Primary Health Center,Akoko South West,ODSASW07,5.7958851069474875,7.459039176121658
1588b5a0-eb70-485c-86f6-384c13adf0f6,Ireti Oluwa Clinic,,Primary Health Center,Akoko North East,ODSANE04,5.7603733450475065,7.549046270995691
93c37b49-e649-4280-a387-ddc9702bdc45,Orun Health Center,,Primary Health Center,Akoko North East,ODSANE11,5.751639234112218,7.522846262845019
d07cb18d-1753-4b6f-993e-5c7536765d5c,Ogunsusi Specialist Hospital,,Specialist Hospital,Ile Oluji/Okeigbo,ODSIOU02,4.86832000000004,7.222010000000068
20ed55a8-5719-4720-bed9-a2976e062832,Alarere Primary Health Center,,Primary Health Center,Ile Oluji/Okeigbo,ODSIOU10,4.761960000000045,7.321480000000065
ea97c733-1ac3-462f-a85e-e3ca989a3935,Ayo Specialist Hospital,,Specialist Hospital,Ifedore,ODSIDE06,5.163220000000024,7.278790000000072
da3d3f82-182d-4268-9c83-20b55ba8602e,Rohi Specialist Hospital,,Specialist Hospital,Ifedore,ODSIDE06,5.169330000000059,7.272280000000023
1734c9bf-9e6b-4a9b-8f04-c847dc6a5fc1,Olumorin Specialist Hosspital,,Specialist Hospital,Ifedore,ODSIDE06,5.169290000000046,7.2674500000000535
c22b0acf-5333-45b4-a38f-ebbd8e7094ee,Babalola Nine Wells Specialist Hospital,,Specialist Hospital,Ifedore,ODSIDE06,5.199960000000033,7.2775400000000445
01306ff6-3b15-48d8-99ca-e7390f6ef7a9,Sijuade Specialist,,Specialist Hospital,Idanre,ODSIDNE01,5.1007900000000745,7.138030000000072
253aff5c-81ae-4c69-bb98-78303d2d1e62,Baptist Hospital,,Primary Health Center,Ile Oluji/Okeigbo,ODSIOU02,4.867150000000038,7.215280000000064
f51acb6d-f02f-4943-b227-609268c3aa20,Adefegha Memorial Clinic,,Primary Health Center,Ile Oluji/Okeigbo,ODSIOU02,4.868780000000072,7.207050000000038
a4d91679-3898-4203-8ba8-cb164e9ed413,Grace Maternity Home,,Maternity Home,Ile Oluji/Okeigbo,ODSIOU02,4.864690000000053,7.207300000000032
282eed90-0dbb-4478-b054-ce19e3aa42f7,Temitope Clinic,,Primary Health Center,Ile Oluji/Okeigbo,ODSIOU03,4.871780000000058,7.2082000000000335
756f66eb-7375-4310-805b-0c496626a84a,Happy Day Maternity Home,,Maternity Home,Ile Oluji/Okeigbo,ODSIOU07,4.725850000000037,7.18082000000004
40249286-e886-44c3-9d3f-a71b1cf4f985,Ajiboye Hospital,,Primary Health Center,Ile Oluji/Okeigbo,ODSIOU01,4.831420000000037,7.107480000000066
ee424ede-4a27-4b85-b761-45faf25e5a0f,Mona Mediclinic Ltd,,Primary Health Center,Ile Oluji/Okeigbo,ODSIOU01,4.851920000000064,7.10755000000006
b5fe71c6-2a40-4bdf-b60d-8785433a9e7c,Omololu Hospital,,Primary Health Center,Ifedore,ODSIDE06,5.2043800000000715,7.2711400000000594
708d64ed-c46a-402c-b709-582a7ae5330c,Joe Jane Medical Center,,Medical Center,Ifedore,ODSIDE06,5.205450000000042,7.270450000000039
f6e093d8-ddb7-46ba-bccf-29522f18463b,Adetale Hospital,,Primary Health Center,Ifedore,ODSIDE06,5.167700000000025,7.272690000000068
b30d1055-5762-4681-8be3-0f00891a672e,Joy Max Hospital,,Primary Health Center,Ifedore,ODSIDE06,5.187620000000038,7.259230000000059
497c075e-0967-4089-be98-6324d7bb5d57,Bathsaida Faith Clinic,,Primary Health Center,Ifedore,ODSIDE06,5.194360000000074,7.269240000000025
b3bbbf4e-c4a0-4e2e-8af4-6508ca1f830f,Freedom Clinic,,Primary Health Center,Ifedore,ODSIDE06,5.175200000000075,7.26487000000003
acf604a6-6b2b-459b-875d-a4e955e3a1a9,Goshen Clinic,,Primary Health Center,Ifedore,ODSIDE06,5.186600000000055,7.262160000000051
6c90b5b7-1431-4453-95f5-cf2f60ed96d0,Medway Hospital,,Primary Health Center,Ifedore,ODSIDE06,5.216300000000047,7.26974000000007
b42b1417-b713-4e97-b718-544c078d4905,St Margare Hospital Odode Idanre,,Primary Health Center,Idanre,ODSIDNE04,5.10704000000004,7.123980000000074
a2efd1c8-3c47-48bb-8186-d31c24fecd8f,Adedewe Okunrinboye Hospital,,Primary Health Center,Idanre,ODSIDNE04,5.109880000000032,7.111480000000029
c8900d7e-7de6-48ea-a3e7-9b8ed350d764,Chest Clinic Opa,,Primary Health Center,Idanre,ODSIDNE04,5.1498000000000275,7.086720000000071
80101adf-98e1-4a56-afbe-9aec8c9b6f73,Hope Hospital and Maternity,,Maternity Home,Idanre,ODSIDNE04,5.10895000000005,7.111560000000054
1b890ef8-9538-45a5-9db5-0883ba68135c,Victoria Medical Center,,Medical Center,Ifedore,ODSIDE02,5.046730000000025,7.4095400000000495
ca6ed983-c2e9-4e24-9335-4c494914964b,Olusegun Hospital,,Primary Health Center,Ifedore,ODSIDE10,5.004910000000052,7.405730000000062
51ae6e8a-d1de-4c57-ad35-8fc8e814fdb6,Crown Hospital,,Primary Health Center,Ifedore,ODSIDE06,5.1946700000000305,7.257400000000075
4156e0ab-0fa8-4b72-b22e-6274b0777dfd,Molayo Hospital,,Primary Health Center,Ifedore,ODSIDE06,5.206870000000038,7.276140000000055
c571ab72-d891-46c5-8edf-20528cb77115,Staff Clinic,,Primary Health Center,Ile Oluji/Okeigbo,ODSIOU01,4.825780739384035,7.1042170671065366
aaf4a8bd-9651-4ba1-9bf1-d894d92d9d93,Better Life Basic Health Center,,Primary Health Center,Ondo West,ODSOWT10,4.8242252099177865,7.094619058908294
079f5207-af75-48df-87c9-7b2ead508f5d,Iro Ekiti Basic Health Center,,Primary Health Center,Akoko North West,ODSANW05,5.699423333333334,7.635494999999999
9cc2c3cf-9b53-40ef-b628-e80f62ebe2d6,Okua Basic Health Center,,Primary Health Center,Akoko South East,ODSASE07,5.888226654111361,7.437431715551403
51eb52f4-f5fe-46f5-b8ec-06bd65690526,Melege Primary Health Center,,Primary Health Center,Owo,ODSOWO08,5.6649132401525595,7.084459900902658
779fc33a-cea4-45b9-b292-cc5b1bca7165,Ilu Titun Basic Health Center,,Primary Health Center,Ondo West,ODSOWT05,4.686220061929816,7.0267888774830345
859bd963-5974-44ce-ba40-2e3cd4249932,Jilamu Basic Health Center,,Primary Health Center,Ondo West,ODSOWT04,4.831461179653194,7.083988490847227
4c76a8f3-bcda-4ab3-908a-90513f483443,Ayetoro Basic Health Center,,Primary Health Center,Ondo West,ODSOWT05,4.670897889926636,7.02447370444895
ac28d624-4298-4da2-bc1a-9e3a87c1e860,Mdg Isarun,,Primary Health Center,Ifedore,ODSIDE10,5.074359518515094,7.399712342505751
0bf4a13b-8e57-4ed9-ba95-f2737935a20d,Maroko Primary Health Care Center,,Primary Health Center,Ondo West,ODSOWT07,4.835823213990488,7.089177297251114
807443b3-77f2-4864-8131-402a81364024,Ayeyemi Ondo Basic Health Center,,Primary Health Center,Ondo West,ODSOWT09,4.846411731992348,7.079583261272989
df1e66f5-4b23-474a-9a9f-fa7f1ef7ed26,Oka Ondo Basic Health Center,,Primary Health Center,Ondo West,ODSOWT09,4.838438626400114,7.069582815829693
c0aeff5b-1542-4715-9f44-d1dfd265aac1,State Specialist Hospital,,Specialist Hospital,Ondo West,ODSOWT10,4.826036931912797,7.091800403761603
fd8f28f0-d705-4825-9dab-21a92c9dfb97,Alade Idanre General Hospital,,General Hospital,Idanre,ODSIDNE01,5.0997247784897,7.133003776646908
e1af7f23-af9f-434c-83e6-6474d82d824d,Ugbe Basic Health Center Akoko,,Primary Health Center,Akoko North East,ODSANE07,5.783250000000066,7.529610000000048
b409f837-9530-4a3e-ad4f-131c45fd439d,Oyinmo Ikare Basic Health Center,,Primary Health Center,Akoko North East,ODSANE13,5.745480000000043,7.5102300000000355
1c452730-87b5-4973-abcc-a118b0fd50d7,Ise Model Health Center Ise Akoko,,Primary Health Center,Akoko North East,ODSANE07,5.916330000000073,7.5170100000000275
5dbf0caf-aa53-42d6-afe6-f07201dcb4a3,Erusu Comprehensive Health Center,,Comprehensive Health Center,Akoko North West,ODSANW06,5.813940000000059,7.5894100000000435
3f4d15b7-9eb2-43d5-8e93-d6a9ab8c3fa6,Igbokoda Comprehensive Health Center,,Comprehensive Health Center,Ilaje,ODSIAE05,4.8032100000000355,6.353870000000029
6a01ea61-6c05-4057-a019-49fa1942d5d4,Alobu Comprehensive Health Center,,Comprehensive Health Center,Odigbo,ODSODI05,4.498140000000035,6.6011400000000435
7515fb93-7cf8-4146-97ea-cae5c7e5af38,Ilutitu Comprehensive Health Center,,Comprehensive Health Center,Okitipupa,ODSPUP08,4.639570000000049,6.527460000000076
1a64e7e1-2cf3-47ed-bcc1-fd6ca34d67d6,Ajue Comprehensive Health Center,,Comprehensive Health Center,Odigbo,ODSODI10,4.879530000000045,6.751250000000027
92dc5df5-63ad-4eeb-a7a0-85a6c2b54330,Igunshi Comprehensive Health Center,,Comprehensive Health Center,Ondo West,ODSOWT02,4.855560000000025,6.957110000000057
41792f58-f001-4d40-bae0-7e0423b63a4b,Odowo Basic Health Care,,Primary Health Center,Ondo West,ODSOWT02,4.800960000000032,7.002720000000068
3bf18f19-3fad-401a-b66a-60d13708f18d,Omope Eleepo Basic Health Care,,Primary Health Center,Ondo West,ODSOWT01,4.743650000000059,6.974550000000022
387fb48e-4401-4f49-81a3-6d634a440feb,Basiri Basic Health Care,,Primary Health Center,Ondo West,ODSOWT05,4.630730000000028,7.066760000000045
87e79534-2c4e-49a7-a316-44f63e71fc28,Orisunmbare Basic Health Care,,Primary Health Center,Ondo West,ODSOWT05,4.721010000000035,7.058470000000057
fb9e9d43-43d3-4f8d-b4d1-bb5a6b8f6409,Ala Comprehensive Health Center,,Comprehensive Health Center,Akure North,ODSAKN08,5.3587700000000495,7.288350000000037
eb6932b9-d5dd-407c-bf93-135f311d64ca,Uso Primary Health Center,,Primary Health Center,Owo,ODSOWO11,5.4223400000000765,7.273390000000063
234e4b37-9a89-45a6-9d3d-84c5f6301a63,Owo Comprehensive Health Center,,Comprehensive Health Center,Owo,ODSOWO10,5.61396000000002,7.1761900000000765
d1c48858-9bde-4968-a19d-22d03bc0ce0f,Emure Comprehensive Health Center,,Comprehensive Health Center,Owo,ODSOWO11,5.51580000000007,7.251340000000027
2aa8053a-08a4-472f-a004-fe31209bb22e,Ipele Comprehensive Health Center,,Comprehensive Health Center,Owo,ODSOWO08,5.66856000000007,7.131940000000043
e26984cc-e0f3-4791-bb57-6adc778e9a9b,Okela Health Center,,Primary Health Center,Akoko North East,ODSANE03,5.753320000000031,7.529540000000054
0ec19b1c-9a51-428f-b745-93134dc1a93f,Akunu Comprehensive Health Center,,Comprehensive Health Center,Akoko North East,ODSANE08,5.927300000000059,7.6281000000000745
0dca7823-cada-418a-8529-bf341d540ded,Alapata Health Center,,Primary Health Center,Akoko North East,ODSANE06,5.763870000000054,7.5244200000000205
7cdfc00e-f214-4285-bdd3-bcd7369a311a,Afin Basic Health Care,,Primary Health Center,Akoko North West,ODSANW05,5.710380000000043,7.638930000000073
3ecfb78f-21d2-4ac8-b961-029e3beebf41,Okeagbe Basic Health Care,,Primary Health Center,Akoko North West,ODSANW01,5.756670000000042,7.645640000000071
2792f363-8c80-4c48-92f0-3b673297010a,Ajowa Basic Health Care,,Primary Health Center,Akoko North West,ODSANW02,5.896150000000034,7.682030000000054
0cda195d-d9aa-4815-b5db-70b19b3e48a5,Oba Maternity Health Center,,Maternity Home,Akoko South West,ODSASW09,5.723310000000026,7.371440000000064
0446f79e-c830-49b9-ba18-f18e17795fea,Sapare Maternity Health Center,,Maternity Home,Akoko South West,ODSASW15,5.693780000000061,7.4518300000000295
9fbd16cb-673a-4b85-a87f-2eaf6742dc8a,Supare Basic Comprehensive Health Center,,Comprehensive Health Center,Akoko South West,ODSASW14,5.6957400000000575,7.444900000000075
9ddfcbac-e57d-46fd-b566-288ff9881fc6,Owase Comprehensive Health Center,,Comprehensive Health Center,Akoko South West,ODSASW07,5.79287000000005,7.461430000000064
68e8fc4e-870e-4ea1-be4e-93e855164ed8,Oke Afo Maternityernal Health Center,,Maternity Home,Akoko South West,ODSASW08,5.816260000000057,7.396790000000067
0c46dc87-5e00-494e-9ec6-5759260e2a60,Ode Ire Comprehensive Health Center,,Comprehensive Health Center,Irele,ODSIRL09,4.866750000000025,6.476270000000056
b850a20e-8e99-4c98-83c8-798858b8b2b2,Ogho Ilunla Basic Health Care,,Primary Health Center,Ondo West,ODSOWT03,4.888990000000035,6.983660000000043
ee0a020f-c54f-4fd6-a6c0-0e32f5530d92,Orisunmbare 2 Basic Health Care,,Primary Health Center,Ondo West,ODSOWT05,4.694660000000056,7.066050000000075
aa85d672-acf2-4a7c-91c3-534fdc7f8e38,Igasi Eriti Basic Health Care,,Primary Health Center,Akoko North West,ODSANW02,5.7954200000000355,7.7255100000000425
33218d96-78cd-4464-9e64-7fe82d876cc7,Owo Primary Health Center,,Primary Health Center,Owo,ODSOWO04,5.58331000000004,7.1975100000000225
82d8fe47-80dd-40d5-a54b-8d0e39da8e95,Ipoke Basic Health Center,,Primary Health Center,Ese Odo,ODSESO03,4.891580000000033,6.426830000000052
9b366eab-6e01-4073-879d-00a90bbd71a8,Inikorogha Basic Health Center,,Primary Health Center,Ese Odo,ODSESO03,4.878280000000075,6.428540000000055
20d769d5-7365-4e1c-ba2e-3d4b53dbb4d0,Apoi Zoin Basic Health Center,,Primary Health Center,Ese Odo,ODSESO03,4.896370000000047,6.425160000000062
8f65549c-74f7-4d02-86e8-ec4495cb5a81,Olo Agbo Basic Health Center,,Primary Health Center,Okitipupa,ODSPUP12,4.7974700000000325,6.522000000000048
74d5003a-b68e-4c00-8e53-c7289141e606,Atijere Basic Health Center,,Primary Health Center,Ilaje,ODSIAE03,4.7843200000000365,6.2432000000000585
f3ee09ec-94e6-44a2-95a0-b9389190d8d8,Ugbonla Basic Health Center,,Primary Health Center,Ilaje,ODSIAE07,4.7892700000000445,6.140140000000031
1ac54f45-3baa-47bb-8e3f-352b67f42284,Zion Pepe Basic Health Center,,Primary Health Center,Ilaje,ODSIAE01,4.595060000000046,6.293010000000038
653ebc3a-9c1c-439a-955b-af320fd42d09,Igbokoda General Hospital,,General Hospital,Ilaje,ODSIAE05,4.79033000000004,6.366540000000043
6c812579-99dc-4aa9-a0ee-a009f04e80d2,Ayetoro Basic Health Center,,Primary Health Center,Ilaje,ODSIAE07,4.7801900000000614,6.10492000000005
0a4eb51e-2115-43ad-a11b-1b5dc3d97a4c,Abetobo Model Health Center,,Primary Health Center,Ilaje,ODSIAE11,4.963520000000074,5.925780000000032
ba4610f0-6ba3-4bca-839b-eb9536ca0705,Obe Rebiminu Basic Health Center,,Primary Health Center,Ilaje,ODSIAE09,4.892610000000047,5.9978700000000345
ee5469a2-10dd-4079-a3f7-3a15d11a42bb,Aboto Basic Health Center,,Primary Health Center,Ilaje,ODSIAE05,4.7520300000000475,6.309880000000021
24d8d490-db2e-4e38-977c-5e8bb5279668,Oke Siri Basic Health Center,,Primary Health Center,Ilaje,ODSIAE03,4.795550000000048,6.174600000000055
c7370b85-aa30-4c40-9577-3640f8c96e3b,Ruwahe Basic Health Center,,Primary Health Center,Irele,ODSIRL08,5.0273200000000315,6.487590000000068
908c0eff-06e6-4f14-ac90-400356463d27,Idogun Basic Health Center,,Primary Health Center,Irele,ODSIRL05,4.895220000000052,6.638340000000028
bb5f295f-1c1c-48c8-9ef8-148946ca16f1,Ayadi Basic Health Center,,Primary Health Center,Irele,ODSIRL05,4.892110000000059,6.636030000000062
c23aad0c-137b-41f8-ad45-1d2ac61eb00f,Ode Irele General Hospital,,General Hospital,Irele,ODSIRL09,4.861980000000074,6.49368000000004
a031e871-c6b5-42ef-8e39-551a788ba06b,Koseru Health Center,,Primary Health Center,Odigbo,ODSODI07,4.525840000000073,6.677020000000027
358ad82b-710d-4ce5-8080-43398498e16f,Buodo Basic Health Center,,Primary Health Center,Okitipupa,ODSPUP02,4.64492000000007,6.5458000000000425
71133456-1caa-451b-b012-9cc6546f8579,Odeaye Basic Health Center,,Primary Health Center,Okitipupa,ODSPUP02,4.690490000000068,6.5848700000000235
9139783c-ded3-4b73-8cca-877cced424af,Erekiti Basic Health Center,,Primary Health Center,Okitipupa,ODSPUP02,4.624500000000069,6.5821900000000255
2ed5ced4-6226-4186-8045-ed5188702883,Odigbo Basic Health Center,,Primary Health Center,Odigbo,ODSODI09,4.55364000000003,6.726960000000076
39c83338-b735-4253-8fe8-4bdbb9a23a99,Orotedo Basic Health Center,,Primary Health Center,Odigbo,ODSODI10,4.863290000000063,6.723630000000071
e1bb041a-b61b-40fe-950e-2f3a94c48458,Ajana Basic Health Center,,Primary Health Center,Odigbo,ODSODI04,4.939500000000066,6.847320000000025
53e5b75d-aad9-4f2d-aa21-d6d921c7dd71,Kajola Ojurin Basic Health Center,,Primary Health Center,Odigbo,ODSODI10,4.9390900000000215,6.74717000000004
87a0c45f-1396-41b4-a60f-75c247b5eeb4,Oniparaga Health Center,,Primary Health Center,Odigbo,ODSODI09,4.454990000000066,6.723740000000021
3e189fdc-0bec-48d0-b2b1-c3a4da83b351,Akinfolarin Health Center,,Primary Health Center,Odigbo,ODSODI08,4.9138000000000375,6.8032700000000546
514afbef-436b-4456-94be-f8c58e62738f,Obadore Basic Health Center,,Primary Health Center,Odigbo,ODSODI09,4.550770000000057,6.726920000000064
77079faf-fd68-4a6a-bce6-fbc8dbc173a1,Agbabu Health Center,,Primary Health Center,Odigbo,ODSODI10,4.87611000000004,6.732880000000023
1f8c8bdf-31fb-4edd-b2e9-8523dd8f92a8,Orita Odigbo Basic Health Center,,Primary Health Center,Odigbo,ODSODI08,4.872670000000028,6.789290000000051
4abeae1f-772b-42c5-bcb3-bbe1d354ffe0,Oloto Basic Health Center,,Primary Health Center,Okitipupa,ODSPUP11,4.6632900000000745,6.723630000000071
b717a96d-df8f-475c-a109-407032e9d731,Oboto Basic Health Center,,Primary Health Center,Ondo East,ODSOET07,4.932680000000062,7.163720000000069
fef4b4a4-ab3c-4b0a-9ea6-f1b6a6a44b67,Moferee Oja Community Health Center,,Primary Health Center,Ondo West,ODSOWT08,4.838110000000029,7.091470000000072
220bca0a-9d0d-477b-a8dc-e19eee126e95,Market Basic Clinic Sabo,,Primary Health Center,Ondo West,ODSOWT10,4.815900000000056,7.0908300000000395
3ea4224c-4bd4-435d-8723-b829826bb94b,Tokunbo Basic Health Center,,Primary Health Center,Ondo West,ODSOWT02,4.793420000000026,6.924710000000061
b1d06514-1196-48e3-854d-3dd2f732be9a,Surulere Basic Health Center,,Primary Health Center,Ondo West,ODSOWT11,4.839950000000044,7.100060000000042
984da4b7-dee9-4c79-be3a-b96f4c40d361,Egure Oba Basic Health Center,,Primary Health Center,Ondo West,ODSOWT01,4.721950000000049,7.019670000000076
765f75d5-12a1-4d28-88be-faf6d6be5205,Ekanile Ikare Basic Health Center,,Primary Health Center,Akoko North West,ODSANW09,5.675290000000075,7.574760000000026
4bd4001b-437d-4402-b8dd-18127f96c6ce,Irun Basic Health Care,,Primary Health Center,Akoko North West,ODSANW07,5.669110000000046,7.5863800000000765
fb4df7d9-9428-4e31-b7e1-8aee92f72484,Surulere Health Post,,Dispensary,Akoko North East,ODSANE09,5.62253000000004,7.525750000000073
60bfc0c7-076d-405f-9c13-80ac17c7ecb6,Irun General Hospital,,General Hospital,Akoko North West,ODSANW09,5.6795000000000755,7.573190000000068
bfbdbef5-75f9-4e22-ba13-279f23c7f210,Ose Oba Basic Health Center,,Primary Health Center,Akoko South West,ODSASW09,5.6708000000000425,7.314670000000035
8ea07f1f-0da7-46e6-a6b0-77331db85843,Gbegun Health Post,,Dispensary,Akoko South West,ODSASW15,5.601680000000044,7.429980000000057
a6fd00e9-8507-4061-985d-f59ab73bfc33,Supare Model Health Center,,Primary Health Center,Akoko South West,ODSASW15,5.686140000000023,7.448610000000031
5d0c693d-feb2-48a1-9e15-3367cae1dbe4,Ogbese Basic Health Center,,Primary Health Center,Akure North,ODSAKN08,5.367960000000039,7.261660000000063
3bf67458-e78b-41d3-a02b-3c3154265055,Osi Basic Health Center,,Primary Health Center,Akure North,ODSAKN12,5.267360000000053,7.308670000000063
987c21e5-0b22-4855-8ab0-b9ea5f5dfefe,Oba Ile Basic Health Center,,Primary Health Center,Akure North,ODSAKN06,5.2611400000000685,7.261590000000069
e7027696-f129-4329-9486-9c2dfa401285,Akure Road Basic Health Center,,Primary Health Center,Akure North,ODSAKN09,5.249780000000044,7.3486800000000585
3873dc49-d2b7-40c5-8413-797e386eea93,Ilu Abo Basic Health Center,,Primary Health Center,Akure North,ODSAKN03,5.323120000000074,7.265530000000069
a30f380c-921b-492e-9608-72a79d56caca,Oke Agunla Basic Health Center,,Primary Health Center,Akure North,ODSAKN08,5.372960000000035,7.19607000000002
5746e4ac-d5ed-481b-8cfb-eda1eeb32d31,Orojuda Basic Health Center,,Primary Health Center,Akure North,ODSAKN12,5.230230000000063,7.308930000000032
544494d8-be0f-489c-8c71-073651a261e2,Iju General Hospital,,General Hospital,Akure North,ODSAKN01,5.257210000000043,7.382020000000068
4c56efed-5139-4081-bfd1-74ef22b1ae18,Eleyewo Basic Health Center,,Primary Health Center,Akure North,ODSAKN03,5.304980000000057,7.273640000000057
9b01c70e-b4e2-4cb2-a1fc-6fc22380e87d,Okeju Basic Health Center,,Primary Health Center,Akure North,ODSAKN10,5.2629400000000714,7.400240000000053
6d15c484-bb9e-4080-a31b-42e62dbf69fb,Ugele Basic Health Center,,Primary Health Center,Akure North,ODSAKN12,5.227140000000077,7.281630000000064
8f0adc3c-aa96-49d3-815c-c4a1f0d247cb,Alayere Basic Health Center,,Primary Health Center,Akure North,ODSAKN03,5.353680000000054,7.260810000000049
5d52a98a-50b8-4827-a974-a7ab3a02dfbc,Osinigbo Basic Health Center,,Primary Health Center,Akure North,ODSAKN12,5.255480000000034,7.315720000000056
736fcbbe-77b5-4ba8-a39e-ccda4f40772d,Iju Basic Health Center,,Primary Health Center,Akure North,ODSAKN01,5.259760000000028,7.391360000000077
45649ee6-44b5-44c7-b350-49e3d9d6ad0c,Kajola Basic Health Center,,Primary Health Center,Akure North,ODSAKN02,5.306210000000021,7.192390000000046
2a68ec88-7a06-4e16-9b80-b38c43b8baf3,Oke Aro Health Center,,Primary Health Center,Akure South,ODSAKS09,5.183040000000062,7.24619000000007
cfa47e37-dfe7-4120-9ecd-cdc39b5e232e,Police Health Center,,Military and Paramilitary Clinic,Akure South,ODSAKS05,5.205200000000048,7.2397300000000655
df8c83bb-723c-48d7-9c99-5c6430b4c185,Oda Health Center Akure,,Primary Health Center,Akure South,ODSAKS07,5.23849000000007,7.169400000000053
a36f6f5c-08cf-41fa-aff2-3b8450898b54,Iloro Health Center,,Primary Health Center,Akure South,ODSAKS09,5.1897500000000605,7.239460000000065
25c062ee-ec26-4d62-b34f-1956a8f5c794,Esure Basic Health Center,,Primary Health Center,Akure South,ODSAKS05,5.204630000000066,7.220000000000027
35cb357e-a72c-485a-a98a-a4a53e4baa37,Igisogba Health Center,,Primary Health Center,Akure South,ODSAKS09,5.2008500000000595,7.192520000000059
844c5397-74ac-467b-93b9-18dd01b744ef,Iyange Health Center,,Primary Health Center,Akure South,ODSAKS03,5.15990000000005,7.258920000000046
90e76049-daa2-4bd3-a3c2-34695fbc92b3,Mother and Child,,Primary Health Center,Akure South,ODSAKS09,5.183910000000026,7.240230000000054
4f1db340-7bb8-4d5c-b4cd-68b8f6b2bab6,Aodfin Basic Health Center,,Primary Health Center,Akure South,ODSAKS09,5.165080000000046,7.196110000000033
e8419b78-2998-4fc1-aede-d617fc7bc023,Staff Clinic Secretariat,,Federal Staff Clinic,Akure North,ODSAKN06,5.214870000000076,7.238980000000026
014359ce-f7e9-4df6-b402-27c9dc85fd48,Prison Clinic,,Military and Paramilitary Clinic,Akure South,ODSAKS01,5.1216700000000515,7.239170000000058
938403cf-d1f8-4cf7-83fc-43682e37fcb1,Ebijan Basic Health Center,,Primary Health Center,Odigbo,ODSODI10,4.968470000000025,6.764080000000035
77943d6f-eabd-4833-813d-38bbf1410ab2,Mile 9 Health Center,,Primary Health Center,Odigbo,ODSODI11,4.991850000000056,6.73395000000005
e9bce8ae-f736-400a-8f43-6539372c2eba,Lasia Basic Health Center,,Primary Health Center,Odigbo,ODSODI11,4.983960000000025,6.767970000000048
81ab05c3-b5cd-46f7-aa89-3a951afbaff3,Fagb Community Health Center,,Primary Health Center,Ondo East,ODSOET04,4.972500000000025,7.101790000000051
547f3a0e-94a5-4037-8c9d-a3051cfc1184,Basci Health Center Asantan Oja,,Primary Health Center,Ondo East,ODSOET01,4.957520000000045,6.983120000000042
3999077e-a87f-4fd1-ae59-561e43941fb5,Wasimi Basic Health Center,,Primary Health Center,Ondo East,ODSOET02,4.987730000000056,7.1466100000000665
ac70bb73-93c2-4863-bfd3-537ef00f725a,Okeluse Cottage Hospital,,Cottage Hospital,Ose,ODSOSE11,5.580740000000048,6.780430000000024
6df47881-09b5-4a94-b2e1-b14dfac7a28d,Ugbeta Primary Health Center,,Primary Health Center,Owo,ODSOWO06,5.59940000000006,7.194510000000037
1c484ac0-6213-4cb1-a8e0-5209b9d185c3,Ipele Primary Health Center,,Primary Health Center,Owo,ODSOWO08,5.673690000000022,7.130860000000041
8c140a3b-771f-4829-9fba-c59b50b7b722,Igboroko 1 Basic Health Center,,Primary Health Center,Owo,ODSOWO05,5.585730000000069,7.198570000000075
6f1acd82-4caa-47e0-9920-e4deabde38fb,Amurin Primary Health Center,,Primary Health Center,Owo,ODSOWO11,5.466710000000035,7.269160000000056
459cc646-2f18-4741-b284-2f5fc5084c65,Oke Odo Basic Health Center,,Primary Health Center,Akure North,ODSAKN08,5.386740000000032,7.266010000000051
b33ee0bb-d332-4985-b7bb-a53904b3b9f0,Upenmen Primary Health Center,,Primary Health Center,Owo,ODSOWO03,5.607090000000028,7.236780000000067
486c100f-3025-45d2-bf65-5eb6ac1a209c,Uso Basic Health Center,,Primary Health Center,Owo,ODSOWO11,5.421850000000063,7.279700000000048
155c80cb-04cb-4166-a3e1-8ba1ffe802c1,Ago Panu Primary Health Center,,Primary Health Center,Owo,ODSOWO03,5.623020000000054,7.278730000000053
c3f7c4c5-0fde-40e3-a297-2b4d5ee96f2a,Ijebu 1 Ward 4 Primary Health Center,,Primary Health Center,Owo,ODSOWO06,5.598660000000052,7.1912300000000755
6739d2e1-698e-4312-8795-8181f73c4ebc,Igboroko Ii Basic Health Center,,Primary Health Center,Owo,ODSOWO05,5.588160000000073,7.2027400000000625
6478d73f-2010-44e7-acf3-efd73e2de1ff,Ehinogbe Primary Health Center,,Primary Health Center,Owo,ODSOWO02,5.576620000000048,7.189420000000041
d9cce4a2-5589-47bd-b9b4-0016b117d0a9,Iboropa Akoko Health Center,,Primary Health Center,Akoko North East,ODSANE07,5.847720000000038,7.5363700000000335
26127bb5-70eb-4c26-9d08-0a8c6da1c23f,Iku Ikare Akoko Basic Health Center,,Primary Health Center,Akoko North East,ODSANE09,5.737150000000042,7.517950000000042
8643a3dd-17f5-4767-a13b-88f946449881,Auga Basic Health Center Auga Akoko,,Primary Health Center,Akoko North East,ODSANE08,5.916570000000036,7.558170000000075
1ac11177-35ea-4d86-8f49-7aa6df6fcf30,New Iyame Basic Health Center,,Primary Health Center,Akoko North East,ODSANE04,5.765210000000025,7.548380000000066
6a9b7d5d-8407-491a-89a8-15c32ee50629,Okeigbagbo Auga Basic Health Center,,Primary Health Center,Akoko North East,ODSANE08,5.921260000000075,7.571790000000021
3055a649-d1bb-4bd6-a36b-4d4fad0cd15c,Ilepa 1 Ikare Basic Health Center,,Primary Health Center,Akoko North East,ODSANE06,5.757140000000049,7.522600000000068
00c15ad4-9899-45c9-9f5b-9f5596506271,Okegbe Basic Health Center,,Primary Health Center,Akoko North East,ODSANE10,5.739420000000052,7.5221800000000485
e71ef3c0-eb9c-424d-894b-236aabfbfd1f,Ogbagi Model Primary Health Care,,Primary Health Center,Akoko North West,ODSANW08,5.714560000000063,7.575590000000034
c4662d28-7bdc-4966-8d4a-5bf6a0cdce50,Imo Basic Health Center,,Primary Health Center,Akoko North West,ODSANW04,5.795590000000061,7.573830000000044
f7fccf50-60df-422b-8273-2e9d16a523d7,Iye Health Post,,Dispensary,Akoko North West,ODSANW03,5.7493500000000495,7.593330000000037
8538a122-c373-4db2-b219-b99591410ab4,Ese Basic Health Center,,Primary Health Center,Akoko North West,ODSANW05,5.696800000000053,7.609330000000057
4740bfd5-d81c-4017-97df-aa95d943242c,Agbaluku Basic Health Center,,Primary Health Center,Akoko North West,ODSANW04,5.778920000000028,7.556260000000066
cf8104e2-acd5-4ec2-8a09-8b5017925bbc,Agbaluku Health Post,,Dispensary,Akoko North East,ODSANE04,5.775150000000053,7.543490000000077
b1d7e018-ceea-48e6-a43f-b91f29fab576,Arigidi Basic Health Center,,Primary Health Center,Akoko North West,ODSANW03,5.776320000000055,7.563060000000064
e03ad7a4-d0f5-451b-9203-a6de60591f50,Gedegede Basic Health Center,,Primary Health Center,Akoko North West,ODSANW02,5.881520000000023,7.637270000000058
bd86e4a1-7f85-4b4b-bf22-145a92fb5561,Emurin Epinmi Basic Health Center,,Primary Health Center,Akoko South East,ODSASE04,5.866530000000068,7.416550000000029
d45d3814-cfd7-4eb7-96d6-95ec37fe9b9b,Isua Basic Health Center,,Primary Health Center,Akoko South East,ODSASE08,5.909290000000055,7.453700000000026
f7ca29d3-d084-4e77-b4fa-56221ddc5c53,Ogbon Titun Basic Health Center,,Primary Health Center,Akoko South East,ODSASE01,5.862850000000037,7.460200000000043
838a090a-4627-464a-992f-3d3bbeb9b7e8,Ward 9 Isua Basic Health Center,,Primary Health Center,Akoko South East,ODSASE10,5.898130000000037,7.442380000000071
7df50ab3-33b1-4acd-bb04-c25bd98d1c5f,Sosan Oke Basic Health Center,,Primary Health Center,Akoko South East,ODSASE11,5.918090000000063,7.427220000000034
ece24c81-5d84-4224-95ab-1baa69d494b7,Sosan Ile Basic Health Center,,Primary Health Center,Akoko South East,ODSASE11,5.923140000000046,7.405300000000068
025b6c43-3909-4453-a13d-b56278143da6,Ipe General Hospial,,General Hospital,Akoko South East,ODSASE05,5.850250000000074,7.421930000000032
5581bc9e-7e7a-4af0-800a-170a57342017,Ifira Riad Basic Health Center,,Primary Health Center,Akoko South East,ODSASE03,5.919520000000034,7.3910900000000765
3f6d5f34-bbf5-47da-b75c-569371289b7f,Ward 8 Isua Basic Health Center,,Primary Health Center,Akoko South East,ODSASE09,5.89530000000002,7.4356200000000285
5defd1cb-c3ab-40da-a901-cabef78b0815,Oyara Isua Basic Health Center,,Primary Health Center,Akoko South East,ODSASE08,5.892680000000041,7.4597400000000675
70df5b0a-6848-4cd8-b1fe-ea5eb2a6e42e,Ipe Road Basic Health Center,,Primary Health Center,Akoko South East,ODSASE02,5.856180000000052,7.450680000000034
2acca312-d68e-4a06-8b95-07285b94a0c6,Igbede Ipe Basic Health Center,,Primary Health Center,Akoko South East,ODSASE02,5.853950000000054,7.438660000000027
4926e6be-9890-4f82-916d-ae59bff5cced,Ward 5 Itoto Ip Basic Health Center,,Primary Health Center,Akoko South East,ODSASE05,5.855060000000037,7.431440000000066
e5a123ad-4f5a-48ce-a415-bd59d87b93f9,Sabo Oka Health Center,,Primary Health Center,Akoko South West,ODSASW05,5.802790000000073,7.455210000000022
a95a9646-2aad-4d4e-a927-73f24c2a07a4,Ayegunle Basic Health Center,,Primary Health Center,Akoko South West,ODSASW04,5.725550000000055,7.424280000000067
72688fa0-6efe-4ee6-935b-cb15eca1f973,Simerin Basic Health Center,,Primary Health Center,Akoko South East,ODSASE02,5.832130000000063,7.480300000000057
d9229239-ec52-4b70-8c6a-9a44738c6c5b,Ikun Basic Health Center,,Primary Health Center,Akoko South West,ODSASW08,5.776790000000062,7.376040000000046
81a33020-12a8-48e7-bbf0-80027deb9c05,Iwaro Oka General Hospital,,General Hospital,Akoko South West,ODSASW13,5.75374000000005,7.444740000000024
d2742ad8-4cc0-4c33-a696-38985b74e4a2,Akungba Basic Health Center,,Primary Health Center,Akoko South West,ODSASW03,5.728500000000054,7.458190000000059
4ecb688c-2b24-4960-9ebf-d5acf7b7d1be,Oka Family Support Programme Clinic,,Primary Health Center,Akoko South West,ODSASW07,5.8028000000000475,7.457680000000039
52e37141-829f-4148-8708-2c791f86afcd,Ikanmu Health Post,,Dispensary,Akoko South West,ODSASW06,5.810640000000035,7.463460000000055
1cdd3e2e-3767-41f4-8632-29bb8ceb51b1,Uba Basic Health Center,,Primary Health Center,Akoko South West,ODSASW12,5.818550000000073,7.492210000000057
02035fe5-e8f3-4ba6-8bd4-630294e7abf2,Agba Basic Health Center,,Primary Health Center,Akoko South West,ODSASW01,5.80373000000003,7.4706200000000536
13e62d2e-11e2-4bbb-9aee-a343917d8cfe,Iroho Basic Health Center,,Primary Health Center,Akoko South West,ODSASW12,5.813090000000045,7.454030000000046
eb470153-e798-4c84-bfab-619947eb4372,Okeluju Idoani Basic Health Center,,Primary Health Center,Ose,ODSOSE03,5.842440000000067,7.308610000000044
61887aef-fbaf-4dab-a391-77a12b853947,Ifon Ward 6 Basic Health Center,,Primary Health Center,Ose,ODSOSE06,5.768910000000062,6.922880000000021
3137adc2-f20e-41ac-bad5-e177b09b3c28,Ifon Community Health Center,,Primary Health Center,Ose,ODSOSE05,5.761180000000024,6.936490000000049
0d45c113-d6f9-4044-9c0a-6aa4e729a836,Arimogija Basic Health Center,,Primary Health Center,Ose,ODSOSE10,5.708250000000021,6.825040000000058
df24a9f6-1a7a-4f17-82be-09595a9db378,Ikaro Basic Health Center,,Primary Health Center,Ose,ODSOSE08,5.781030000000044,6.943020000000047
2e4c00f9-cd77-4562-add3-8ab27c0ebd80,Ifon Ward 5 Basic Health Center,,Primary Health Center,Ose,ODSOSE05,5.778480000000059,6.9300700000000575
777c5ad9-96a0-417f-85ac-9431bc07218a,Ikiran Oke Primary Health Center,,Primary Health Center,Akoko South East,ODSASE08,5.9833000000000425,7.45613000000003
73189b47-3c8c-4b02-94f9-d868b38d04fc,Sobe 1 Primary Health Center,,Primary Health Center,Ose,ODSOSE10,5.777380000000051,6.8589300000000435
d65f90f6-7565-4d1e-a255-eb6fdf4ef585,Sobe 2 Primary Health Center,,Primary Health Center,Ose,ODSOSE07,5.768170000000055,6.849300000000028
861020be-2646-4bc4-a965-3cf0534a6fe7,Ugba Afo Basic Health Center,,Primary Health Center,Akoko South West,ODSASW08,5.801187652000067,7.365210457000046
a60bffb2-a706-4e48-aadf-2a0ce49a1aa6,Oboro Basic Health Center,,Primary Health Center,Ese Odo,ODSESO03,4.881950000000074,6.429140000000075
9cc0ca2a-cb78-4234-802f-ca523ac517b4,Ode Etikan Basic Health Center,,Primary Health Center,Ilaje,ODSIAE02,4.613480000000038,6.283400000000029
0053365f-d2f1-4a8b-88dc-f2effdf792a0,Enu Ama Basic Health Center,,Primary Health Center,Ilaje,ODSIAE01,4.503260000000068,6.321910000000059
c74413a5-2730-4aa4-b35d-21d863dc1dee,Iyansan Basic Health Center,,Primary Health Center,Irele,ODSIRL10,5.121140000000025,6.462440000000072
c3dff424-daf0-43c4-9f07-4eef07387e44,Ode Omi Basic Health Center,,Primary Health Center,Irele,ODSIRL09,4.8885400000000345,6.480570000000057
e74eecd9-7fa7-40f1-8ea8-44aa9af9d026,Lipanu Basic Health Center,,Primary Health Center,Irele,ODSIRL05,4.895800000000065,6.58698000000004
11ab80d0-ec44-45f5-9559-257314e5d1bb,Ije Osun Basic Health,,Primary Health Center,Irele,ODSIRL02,4.9426500000000715,6.424290000000042
1c566d0f-7f78-4d7f-9080-7b6d431388e9,Ebute Basic Health Center,,Primary Health Center,Okitipupa,ODSPUP13,4.759540000000072,6.505850000000066
eb908024-edc0-43fe-bbd1-848e525596ef,Erinje Basic Health Center,,Primary Health Center,Okitipupa,ODSPUP13,4.757360000000062,6.5068200000000616
5b851049-03ab-4258-b626-c39df13c026d,Igodan Basic Health Center,,Primary Health Center,Okitipupa,ODSPUP01,4.78973000000002,6.494860000000074
59fb2c14-6ed8-4d2f-9254-3577d4dd5b2c,Oloruntedo Basic Health Center,,Primary Health Center,Odigbo,ODSODI04,4.853240000000028,6.906490000000076
cab63d5c-8aa1-42ce-a30a-66f97f5ffb32,Oro Basic Center,,Primary Health Center,Odigbo,ODSODI04,4.853580000000022,6.899980000000028
d7416852-7113-427f-b3b1-a3d02d381cad,Omotoso Basic Health Center,,Primary Health Center,Odigbo,ODSODI09,4.5079600000000255,6.727090000000032
ca740dea-4cb3-4737-b043-19efb783a3ec,Igba Basic Health Center,,Primary Health Center,Ondo East,ODSOET05,4.884300000000053,7.131880000000024
50423de2-db1e-4796-9449-14f68ba09e97,Erinla Basic Health Center,,Primary Health Center,Ondo West,ODSOWT02,4.814960000000042,6.963540000000023
7a50cb87-5e80-4c7a-878f-a7255c3fc22d,Olorunsogo Basic Health Center,,Primary Health Center,Odigbo,ODSODI04,4.788950000000057,6.893500000000074
7750ac6e-a452-40e0-b545-73e57a4553a4,Ago Igbo Basic Health Center,,Primary Health Center,Ondo West,ODSOWT05,4.672602235000056,7.022786292000035
313a7c66-858c-4d35-85c7-106ed71a7e7f,Onipanu Basic Health Center,,Primary Health Center,Akure South,ODSAKS07,5.3270500000000425,7.1340900000000715
d1acf81d-e522-48be-8aed-9bd567926c6a,Imafon Basic Health Center,,Primary Health Center,Akure North,ODSAKN02,5.2582400000000575,7.207520000000045
054f3a02-be7b-4254-839d-a115b21f7ffe,Bolorunduro Basic Health Center,,Primary Health Center,Akure North,ODSAKN03,5.346320000000048,7.261010000000056
0eb454db-9f50-4d85-a5be-1b5ef771affe,Moferere Basic Health Center,,Primary Health Center,Akure North,ODSAKN05,5.2559700000000475,7.397010000000023
7fefbb50-87ec-4e6d-9418-fcf7665f1177,Iju Staff Clinic,,Federal Staff Clinic,Akure North,ODSAKN01,5.252760000000023,7.374330000000043
176ade40-9337-43a2-966d-3f17cba1fa81,Obas Palace Basic Health Center,,Primary Health Center,Akure North,ODSAKN01,5.249380000000031,7.369650000000036
d89e40f3-30d2-4564-a053-0cc882786864,Iwoye Health Center,,Primary Health Center,Akure South,ODSAKS01,5.114760000000047,7.214890000000025
711c883f-3075-4d8a-8b7c-4840daf17068,Ararpmi Aje Health Center,,Primary Health Center,Akure South,ODSAKS07,5.27526000000006,7.112990000000025
63525ae8-f2be-45e2-b2b6-369b87e88c92,Abugoro Community Health Center,,Primary Health Center,Akure South,ODSAKS09,5.191620000000057,7.204520000000059
afaa5d76-1923-4af0-84e9-22ce8ec998a2,Abalaka Health Center,,Primary Health Center,Akure South,ODSAKS07,5.29260000000005,7.116490000000056
8b025fbb-0dc7-428c-927b-73ca7a324694,Mile 13 Basic Health Center,,Primary Health Center,Odigbo,ODSODI11,5.05126000000007,6.7271500000000515
6d056d71-0d7b-42e0-8e26-f79adb4614ae,Ikaram Basic Helth Center,,Primary Health Center,Akoko North West,ODSANW06,5.874300000000062,7.61447000000004
6fbb6887-058a-4cfb-b530-8fa6dc723a7e,Ifira Basic Health Center,,Primary Health Center,Akoko South East,ODSASE03,5.913250000000062,7.386750000000063
2236f866-ff83-4435-9e24-2cfbca930093,Ajegunle Basic Health Center,,Primary Health Center,Ondo West,ODSOWT05,4.647049643000059,7.087088785000049
d6ec0aa1-b770-4974-a14d-447aad9ce45c,Ayede Health Clinic,,Primary Health Center,Odigbo,ODSODI05,4.5435300000000325,6.612410000000068
85974b9d-be53-4a63-b250-723fd294c238,Orisunbare Primary Health Center,,Primary Health Center,Ile Oluji/Okeigbo,ODSIOU06,4.890090000000043,7.364300000000071
d9f00302-7beb-4e3e-af8f-006b2dbdb6ad,Okeigbo Comprehensive Health Center,,Comprehensive Health Center,Ile Oluji/Okeigbo,ODSIOU07,4.723880000000065,7.172310000000039
8e2f07fb-1d52-46b2-bf17-4c5f9d4e58ae,Aratudin Basic Health Care,,Primary Health Center,Ile Oluji/Okeigbo,ODSIOU01,4.827240000000074,7.107480000000066
83e691bc-b07b-41ee-bb47-e79247e0fe55,Yaba Basic Health Care,,Primary Health Center,Ile Oluji/Okeigbo,ODSIOU01,4.845290000000034,7.102580000000046
e8629389-fa3d-4ca2-901f-097dc93c8281,Oke Ode Basic Health Care,,Primary Health Center,Ifedore,ODSIDE07,5.1153600000000665,7.3480500000000575
bbdf4c48-9a54-4c6a-a194-ce57a1d05bb6,Kolawole Comprehensive Health Center,,Comprehensive Health Center,Ile Oluji/Okeigbo,ODSIOU05,5.010370000000023,7.270080000000064
e5a33038-635f-4b02-b2aa-f389cd62feca,Orisunmibare Comprehensive Health Center,,Comprehensive Health Center,Ile Oluji/Okeigbo,ODSIOU05,4.944350000000043,7.358220000000074
1dfc05ff-0fd5-4dbb-aad7-29cc44c71803,Olorunsogo Comprehensive Health Center,,Comprehensive Health Center,Ile Oluji/Okeigbo,ODSIOU05,4.992580000000032,7.329240000000027
c2f51c4c-44cb-4138-b95e-6e8a46cab5bf,Owena Apomu Comprehensive Health Center,,Comprehensive Health Center,Idanre,ODSIDNE10,5.026130000000023,7.193550000000073
dbfde87c-47a0-4d90-becf-a991b9885937,Ilara Mokin Comprehensive Health Center,,Comprehensive Health Center,Ifedore,ODSIDE08,5.101910000000032,7.347000000000037
554919b6-89b7-4fe3-ac38-79e9dc99cef4,Dagbaja Primary Health Care Center,,Primary Health Center,Ile Oluji/Okeigbo,ODSIOU06,4.8533500000000345,7.333850000000041
cd823679-d23d-44f9-8353-6db3a8fba371,Apefon Idanre Federal Primary School Health Center,,Educational Clinic,Idanre,ODSIDNE04,5.1529200000000515,7.0836400000000594
26fb6e99-3698-4c12-8a31-d4c7210bc53f,Alaka Comprehensive Health Center,,Comprehensive Health Center,Ile Oluji/Okeigbo,ODSIOU05,4.958550000000059,7.3628700000000435
32f3b45b-112f-4e52-a286-f83c4f15448b,Adeyemi Memorial Hospital Annex Oyin,,Primary Health Center,Akoko North West,ODSANW10,5.758327627800413,7.6672245486214265
534dcf03-3a9e-4718-9074-07d76fec2b78,Laworo Health Post,,Dispensary,Ile Oluji/Okeigbo,ODSIOU01,4.813940000000059,7.192440000000033
f7ae6589-d8a1-4f70-994c-1af45b1f717b,Fiade Onigba Primary Health Center,,Primary Health Center,Ile Oluji/Okeigbo,ODSIOU06,4.858130000000074,7.372550000000047
87156225-cedd-480a-bc65-ee34997ecac7,Idi Iroko Basic Health Center,,Primary Health Center,Ile Oluji/Okeigbo,ODSIOU09,4.703380000000038,7.150120000000072
8150c170-4d92-4471-bb07-45bf94c72cfa,Balagbe Basic Health Center,,Primary Health Center,Ile Oluji/Okeigbo,ODSIOU09,4.69291000000004,7.1329600000000255
1b33a5d2-a71f-4e79-b66e-a8ae5265259a,Popoola Basic Health Center,,Primary Health Center,Ile Oluji/Okeigbo,ODSIOU08,4.751040000000046,7.172810000000027
977c0f6d-48be-434f-9421-4a384ee3f664,Orisunmibare Basic Health Center,,Primary Health Center,Ile Oluji/Okeigbo,ODSIOU10,4.759120000000053,7.26371000000006
0483c33c-d198-4c15-8974-5406ad319daf,Araromi Fasawe Basic Health Center,,Primary Health Center,Ile Oluji/Okeigbo,ODSIOU09,4.673520000000053,7.118010000000027
97d74225-a9d4-42ab-b36b-c0bb22e69209,Olojo Fagunwa Basic Health Center,,Primary Health Center,Ile Oluji/Okeigbo,ODSIOU09,4.644360000000063,7.104170000000067
ce0ae301-b083-4779-9038-03ce67ab08b4,Eyingun Basic Health Center,,Primary Health Center,Ile Oluji/Okeigbo,ODSIOU06,4.814230000000066,7.262730000000033
8335b1ad-d149-4399-be1b-13da373d44e2,Kajola Arepa Basic Health Center,,Primary Health Center,Ile Oluji/Okeigbo,ODSIOU10,4.742420000000038,7.202430000000049
5d127867-6724-4421-99d1-76ca3da51d65,Olorunkemi Basic Health Center,,Primary Health Center,Ile Oluji/Okeigbo,ODSIOU10,4.721270000000061,7.1268400000000725
ce0d6038-75f6-41cb-8b94-35f04cf89088,Oloruntele Basic Health Center,,Primary Health Center,Ile Oluji/Okeigbo,ODSIOU08,4.753840000000025,7.152550000000076
e45c7ad1-f877-4e92-acb4-dc637f1ffd9e,Seriki Basic Health Center,,Primary Health Center,Ile Oluji/Okeigbo,ODSIOU10,4.70339000000007,7.109800000000064
b94e787f-d592-49f3-879c-4bcb4fec3c4a,Mobiire Basic Health Center,,Primary Health Center,Ile Oluji/Okeigbo,ODSIOU05,4.907670000000053,7.214290000000062
07bcd498-77d3-4cb6-9796-33f061e4c5cb,Atamo Basic Health Center,,Primary Health Center,Ile Oluji/Okeigbo,ODSIOU07,4.800250000000062,7.187100000000044
f183ea7a-8290-498c-9616-335c1b3e3ef6,Lomileju Basic Health Center,,Primary Health Center,Ile Oluji/Okeigbo,ODSIOU01,4.817890000000034,7.157350000000065
ac66f935-e1fa-46dc-8348-c9b4b1d45d2a,Italurowu Basic Health Center,,Primary Health Center,Ile Oluji/Okeigbo,ODSIOU01,4.861060000000066,7.115190000000041
79c7aa52-f6ec-4afc-a3ec-ebaa1b7469a7,Obunkeko Basic Health Center,,Primary Health Center,Ile Oluji/Okeigbo,ODSIOU10,4.6936900000000605,7.094120000000032
652c5ae8-bb4c-4fca-815d-fdb751485b77,Amula Primary Health Center,,Primary Health Center,Ile Oluji/Okeigbo,ODSIOU09,4.686380000000042,7.16106000000002
40c91e8c-53da-4be9-893f-59a85a2a29a7,Uloen Basic Health Center,,Primary Health Center,Ile Oluji/Okeigbo,ODSIOU05,4.912780000000055,7.3014400000000705
79c65b43-8b5c-4644-b8dc-5b3109cb95b8,Bamikemo Oja Basic Health Center,,Primary Health Center,Ile Oluji/Okeigbo,ODSIOU06,4.881910000000062,7.313060000000064
04749680-c163-4e53-8485-04d6302a6355,Bamikemo Jegun Basic Health Center,,Primary Health Center,Ile Oluji/Okeigbo,ODSIOU06,4.878900000000044,7.29830000000004
d3c45163-ccec-4e1b-aa15-4a961b46f658,Owode Usamo Basic Health Center,,Primary Health Center,Ile Oluji/Okeigbo,ODSIOU06,4.80424000000005,7.290610000000072
0c6bc199-1deb-4046-8a7f-e795891e93e2,Akinye Basic Health Center,,Primary Health Center,Ile Oluji/Okeigbo,ODSIOU05,4.9434700000000475,7.279690000000073
6552d38d-60ff-4f2f-9a02-2c77b15b8d36,Iyere Basic Health Center,,Primary Health Center,Ile Oluji/Okeigbo,ODSIOU06,4.889290000000074,7.335150000000056
e745eb0f-1799-483b-9762-2bded12fffda,Leegun Basic Health Center,,Primary Health Center,Ile Oluji/Okeigbo,ODSIOU06,4.842960000000062,7.30155000000002
c658cd59-095c-4cb0-806d-853350ea7dbc,Ramonu Basic Health Center,,Primary Health Center,Ile Oluji/Okeigbo,ODSIOU10,4.751660000000072,7.300680000000057
29cf469a-d962-4edf-b8a2-72b4ed8eaa49,Olowu Primary Health Center,,Primary Health Center,Ile Oluji/Okeigbo,ODSIOU10,4.76571000000007,7.316730000000064
db02e26e-3ae3-4e02-b942-0f7489d7f08c,Temidire Health Center,,Primary Health Center,Ile Oluji/Okeigbo,ODSIOU10,4.784940000000063,7.3161700000000565
ddd75dbe-a718-47f5-8409-39928d29182e,Agamo Basic Health Center,,Primary Health Center,Ifedore,ODSIDE04,5.184150000000045,7.394880000000057
d078d950-8b0e-4e9b-8c3e-78a5cced162e,Awule Basic Health Center,,Primary Health Center,Ifedore,ODSIDE09,5.127340000000061,7.2921700000000556
e5119a55-de9c-44aa-a615-0f0bc7c36178,Shagari Health Center,,Primary Health Center,Ifedore,ODSIDE06,5.191720000000032,7.283100000000047
ccab9d8a-072f-4815-970a-50967450ee72,Apomu Health Center Akure,,Primary Health Center,Idanre,ODSIDNE10,5.063560000000052,7.241000000000042
6c740394-661c-4ed1-bcbe-d5dd09b75c8a,Millenum Basic Health Center,,Primary Health Center,Ifedore,ODSIDE04,5.182830000000024,7.3905900000000315
3e3c38a3-88d6-4c80-ab2d-81d9d4462e92,Don Bosco Health Center,,Primary Health Center,Ifedore,ODSIDE06,5.195400000000063,7.268050000000073
4f270087-fd49-4623-a0f5-30ece0b1c3be,Ese Oke Basic Health Center,,Primary Health Center,Idanre,ODSIDNE04,5.1091500000000565,7.109400000000051
4489079f-b231-4c21-968e-8a1fd1f0373c,Ala Elofosan Health Center,,Primary Health Center,Idanre,ODSIDNE02,5.363590000000045,7.0861600000000635
f0eb63ce-72e4-4f72-ad96-621e411c94d4,Bajare Health Center,,Primary Health Center,Idanre,ODSIDNE03,5.208930000000066,7.042570000000069
a3075631-b5f3-4980-af77-e747ce03f63f,Aponmu Health Center,,Primary Health Center,Idanre,ODSIDNE10,5.063780000000065,7.23544000000004
ad6cfb13-06bb-4551-a43f-6b1c23cc4629,Ofosu Health Center,,Primary Health Center,Idanre,ODSIDNE09,5.140630000000044,6.753640000000075
4bdf98da-d8a1-451d-9395-66d4c1ca2be7,Idanre Basic Health Center,,Primary Health Center,Idanre,ODSIDNE04,5.1439300000000685,7.101780000000076
4a95f232-c26c-43b8-af8f-dc604b678613,Italorun Health Center,,Primary Health Center,Idanre,ODSIDNE01,5.133720000000039,7.168160000000057
8ba93357-d545-4dbe-888f-f44107384847,Jimgbe Health Center,,Primary Health Center,Idanre,ODSIDNE07,5.186590000000024,6.9940200000000345
5e93d045-a1a6-4356-8d2d-336040a597ad,Ipilerere Health Post,,Dispensary,Idanre,ODSIDNE04,5.209780000000023,7.107300000000066
f9de0cd0-3d64-4c96-a2ba-40db3f76610c,Ominiyan Health Center,,Primary Health Center,Idanre,ODSIDNE02,5.287020000000041,7.0622600000000375
fbfc227f-3729-4197-b37b-90872363114a,Isalu Health Center,,Primary Health Center,Idanre,ODSIDNE04,5.127040000000022,7.111330000000066
ce74afdb-5f34-48f4-8c2b-836de882d279,Ipoba Health Post,,Dispensary,Idanre,ODSIDNE01,5.091730000000041,7.174890000000062
6e314c40-dff1-481a-90a6-cb4cf8bf92ca,Igboolokun Health Center,,Primary Health Center,Idanre,ODSIDNE08,5.137000000000057,7.0554200000000264
afad5d7d-3ced-4b96-ab38-0890f4f9e8bc,Ajegunle Health Center,,Primary Health Center,Idanre,ODSIDNE04,5.213670000000036,7.089120000000037
ef09a8f4-2d75-4663-809e-b3874e075bcc,Aseigbo Health Center,,Primary Health Center,Idanre,ODSIDNE01,5.080260000000067,7.182550000000049
a6807f6b-cb8f-4404-ba9b-2d4ebbe4f08f,Igbeipo Health Center,,Primary Health Center,Idanre,ODSIDNE05,5.058020000000056,7.030350000000055
626bc29f-5cf7-461b-8841-6855a2e8db03,Egbeda Health Center,,Primary Health Center,Idanre,ODSIDNE05,5.017320000000041,7.0075500000000375
78970a4b-38d0-4c02-8539-8fb73a86678a,Alalisa Health Center,,Primary Health Center,Idanre,ODSIDNE02,5.296730000000025,7.059890000000053
8affcded-c2b4-4b1f-baff-bce2c7b58657,Ayede Irowa Health Center,,Primary Health Center,Idanre,ODSIDNE08,5.156220000000076,7.017620000000022
42528c0d-4e6e-41ae-8bdc-d15a7aebbedf,Lanika Onikokod Basic Health Center,,Primary Health Center,Idanre,ODSIDNE10,5.05609000000004,7.165670000000034
9009043a-5feb-475d-a012-8acbd3745ff0,Ajebamibo Health Center,,Primary Health Center,Idanre,ODSIDNE02,5.247790000000066,7.083790000000022
21933b0c-4229-47ca-8ee4-e6114c234173,Wura Ola Basic Health Center,,Primary Health Center,Ifedore,ODSIDE08,5.110730000000046,7.350530000000049
c0d627a3-5d92-4ccd-ab0f-a43dea4b2d06,Molete Basic Health Center,,Primary Health Center,Ifedore,ODSIDE02,5.054730000000063,7.410950000000071
10a500c3-6580-4892-84c0-7ee9adb4fbd5,Iloro Basic Health Center,,Primary Health Center,Ifedore,ODSIDE03,5.0651600000000485,7.41297000000003
c905181b-f552-43cf-8e22-5a004acb7ae5,Aaye Basic Health Center,,Primary Health Center,Ifedore,ODSIDE06,5.179720000000032,7.34012000000007
3a97c530-e47e-411e-953f-22450fcb8668,Ibuji Health Center,,Primary Health Center,Ifedore,ODSIDE01,5.069790000000069,7.453540000000032
951d8f7b-19e0-448e-8988-295ccb7bad67,Ero Federal Primary Health Center,,Primary Health Center,Ifedore,ODSIDE01,5.091640000000041,7.385440000000074
1ceebc18-7b31-45ed-95a6-2626a4bf2903,Bolorunduro Basic Health Center,,Primary Health Center,Ifedore,ODSIDE10,5.01144000000005,7.420870000000036
48049fc3-bb1a-4f08-aff4-088bf3823b05,Ajebamidele Basic Health Center,,Primary Health Center,Ifedore,ODSIDE10,5.046970000000044,7.384410000000059
13a409df-f7b1-4659-a715-8c3ae2ce6b80,Odo Eshi Health Post,,Dispensary,Ifedore,ODSIDE05,5.16876000000002,7.359350000000063
ec9c42ad-5baf-4f02-9840-ee3542438e14,Awaye Basic Health Center,,Primary Health Center,Ile Oluji/Okeigbo,ODSIOU05,4.960370000000069,7.231670000000065
99d6dd9b-d482-4edb-bbdb-13b17bed0123,Olorunsogo Basic Health Center,,Primary Health Center,Ile Oluji/Okeigbo,ODSIOU05,4.999740000000031,7.241790000000037
9d5aa7c3-9681-42ce-a384-97f5e53b47e7,Lota Basic Health Center,,Primary Health Center,Ile Oluji/Okeigbo,ODSIOU05,4.955710000000067,7.207320000000038
fb56d373-d477-4b81-b9e5-cf0a43044998,Apurere Basic Health Center,,Primary Health Center,Idanre,ODSIDNE10,5.012780000000021,7.179920000000038
146e74ad-bc57-4de8-b5a5-55e4fadc3031,Tepo Basic Health Center,,Primary Health Center,Idanre,ODSIDNE05,5.012710000000027,7.000250000000051
be9107fb-bdb4-47d4-9083-559e486b3256,Owena Bridge Basic Health Center,,Primary Health Center,Idanre,ODSIDNE10,5.020370000000071,7.194250000000068
f971a21e-501c-488e-9fdd-4c2c0fab2341,Onigbogi Primary Health Center,,Primary Health Center,Ile Oluji/Okeigbo,ODSIOU05,4.959820000000036,7.348950000000059
b846e3f8-a229-45b2-8698-70096e7f1a28,Faforji Primary Health Center,,Primary Health Center,Ile Oluji/Okeigbo,ODSIOU05,4.962980000000073,7.372560000000021
9f578b1d-8c63-4b96-be9e-0b4fea4a6f12,Olomida Basic Health Center,,Primary Health Center,Ifedore,ODSIDE10,5.013850000000048,7.396720000000073
ff7d939e-2c7c-4241-8060-c36eec55b926,Erigi Health Clinic,,Primary Health Center,Ifedore,ODSIDE10,5.106100000000026,7.432160000000067
306ffaf8-376d-49eb-bf84-aa659cda2904,Oke Ijebu Health Center,,Primary Health Center,Ifedore,ODSIDE06,5.2108800000000315,7.279440000000022
9b00bf30-894f-44c0-8ace-e48f25d90e44,Ajegunle Basic Health Center,,Primary Health Center,Idanre,ODSIDNE10,5.045190000000048,7.209860000000049
9297ee4a-ccc8-4f8a-97f5-4af207d908bc,Kajola Health Post,,Dispensary,Idanre,ODSIDNE04,5.205540000000042,7.120760000000075
c0cd6ce9-9ce3-4836-8201-55777f0d9e60,Igbelowowa Health Center,,Primary Health Center,Idanre,ODSIDNE03,5.238450000000057,7.0201300000000515
69d66616-cb8d-4ce5-be00-765fe71cd840,Laogbo Health Center,,Primary Health Center,Idanre,ODSIDNE04,5.205200000000048,7.0701100000000565
43790f46-d75a-44c8-b58b-358e3bae81f3,Opaarapa Health Center,,Primary Health Center,Idanre,ODSIDNE04,5.175200000000075,7.079490000000021
62fdf587-08a1-40d8-986b-743c8da0b6ff,Oniyeu Abusoro Health Center,,Primary Health Center,Idanre,ODSIDNE07,5.1780200000000605,7.019980000000032
4d22be3e-f300-4277-99cf-4b81d04226ca,Itaonarow Health Center,,Primary Health Center,Idanre,ODSIDNE07,5.148790000000076,7.069280000000049
228c471d-028d-4c89-b952-e88ff5cedcc1,Ajebamidele Health Center,,Primary Health Center,Idanre,ODSIDNE04,5.185670000000073,7.093960000000038
141c590e-9de2-4bf3-8e80-22e7a1c14ce8,Legbira Health Center,,Primary Health Center,Idanre,ODSIDNE07,5.170920000000024,7.026580000000024
7b8d0f17-9424-4bdb-9bd7-175bca8e92ba,Ijare Basic Health Center,,Primary Health Center,Ifedore,ODSIDE05,5.173440000000028,7.373580000000061
e0c5ccc3-dd06-4a54-827e-102e964bc01b,Idepe Idepe Basic Health Center,,Primary Health Center,Idanre,ODSIDNE09,5.063290000000052,6.773630000000026
8d597fe6-e412-4854-8c75-e7ca4cf83322,Elegbeka Basic Health Center,,Primary Health Center,Idanre,ODSIDNE07,5.177550000000053,7.006150000000048
2f01d6d8-c08c-4598-b5e6-af089f41ffa7,Sokoto Primary Health Center Musceu,,Primary Health Center,Ile Oluji/Okeigbo,ODSIOU05,4.960040000000049,7.363920000000064
2c5b30e9-4095-44a8-ac45-719d231d6b7a,Igbekebo Communtiy Health Center,,Primary Health Center,Ese Odo,ODSESO05,4.864460000000065,6.357960000000048
cfedb987-881d-489d-a229-c000354ab5f3,Igbekebo General Hospital,,General Hospital,Ese Odo,ODSESO05,4.864960000000053,6.356200000000058
5f1a96c6-e237-4759-96b3-b9766f932727,Abusoro Basic Health Center,,Primary Health Center,Ondo East,ODSOET09,4.933080000000075,7.03087000000005
bf4288f3-697f-4f2e-8a61-033bbe995817,Ode Ajagba Model Primary Health Center,,Primary Health Center,Ese Odo,ODSESO04,4.911910000000034,6.430360000000064
855555d0-ccc4-4e75-a5cc-fa945615e382,May Hospital,,Primary Health Center,Ondo West,ODSOWT11,4.838177816179337,7.100523765822862
5d8aa599-b8d6-4b52-a169-fe0196b73cd1,High Chief Ogunye Memorial Hospital,,Primary Health Center,Ondo West,ODSOWT10,4.830500149839259,7.098293958055628
6176d3cc-fc96-4ff4-861e-2d1dfcec7c16,Ade Olotu Wellfast Hospital,,Primary Health Center,Ondo West,ODSOWT10,4.825787789953523,7.089863029289339
9b4e11f3-2e9c-43ac-83cb-cafa79e0206e,Babalola Medical Center,,Medical Center,Ondo West,ODSOWT10,4.826162344399815,7.093783827236413
9f80c5fa-ed7b-4456-9e66-a594b720e1bb,Tinuade Clinic and Maternity Home,,Maternity Home,Ifedore,ODSIDE10,5.00887917888864,7.399213530664378
e4f659e0-9569-4daf-91bc-1e1035ec6856,Okanimiwei Basic Health Center,,Primary Health Center,Ese Odo,ODSESO08,4.997897969657642,6.1590416117762325
b5a065c2-ec63-4fc5-9065-66118be804d5,Ojdoama Basic Health Center,,Primary Health Center,Ilaje,ODSIAE09,4.898056533072831,6.024969847463106
17defb4a-5aae-40db-b1d5-67a1eaf8a49b,Ago Obe Basic Health Center,,Primary Health Center,Idanre,ODSIDNE03,5.263113657436034,7.041875985011501
593f7402-bd54-4b50-88dc-7d3312167cdc,Elelu Basic Health Center,,Primary Health Center,Idanre,ODSIDNE08,5.079513279221609,7.01832694345472
6f03b61e-b772-4092-b126-0d184300bcd4,Elemo Basic Health Center,,Primary Health Center,Ifedore,ODSIDE10,5.044927935263297,7.372465866481792
e6c81a0e-dd59-4f4f-baaf-a92e32882078,Mariwo Basic Health Center,,Primary Health Center,Ifedore,ODSIDE01,5.101764975520367,7.378257577790849
13d117ff-3a45-4ad9-aa8b-05fdbd4f7293,Igbobi Basic Health Center,,Primary Health Center,Ilaje,ODSIAE06,4.597454988865589,6.467437403599427
1a0ffc24-47f8-4f96-936b-ca0417d7d960,Ode Ugbo Basic Health Center,,Primary Health Center,Ilaje,ODSIAE07,4.7900294787762325,6.160865691208902
9f7b1611-d82f-4629-8894-761c015e20f8,Arenewo Basic Health Center,,Primary Health Center,Ilaje,ODSIAE09,4.901446778272641,5.988128713126977
88f78099-0177-42fc-8871-d08b7d604868,Mese Basic Health Center,,Primary Health Center,Okitipupa,ODSPUP01,4.7723567410531915,6.452796944769049
2ffb4d09-8cf6-461c-b558-5fb7892fb6c9,Sasere Basic Health Center,,Primary Health Center,Ile Oluji/Okeigbo,ODSIOU05,4.9699691678543365,7.208212144345472
1c3c1fe6-e6ae-4f6e-82e5-b4702d45dd73,Okesiri Basic Health Center,,Primary Health Center,Ilaje,ODSIAE01,4.537773333,6.301056667
719e4f3f-14d9-4566-9867-46e60bf9524b,Idig Bengben Hospital,,Private Non Profit,Ilaje,ODSIAE01,4.538696289000029,6.300109863000046
86f11252-e248-4a14-85fe-a965d6583392,Kolawole Comprehensive Health Center,,Comprehensive Health Center,Ondo East,ODSOET08,4.988869,7.176934
9d2dd26d-2fd8-43fe-94fc-31980e240178,Obun Ondo Basic Health Center,,Primary Health Center,Ondo East,ODSOET08,5.003164442060374,7.173569990027072
7eb411f2-e87f-4e25-a195-01fae757ee46,Jirinwo Basic Health Center,,Primary Health Center,Ilaje,ODSIAE11,4.957358333,5.930336667
ad37bd8d-f1c6-461c-a0c9-29a53a12f127,Ajapa Comprehensive Health Center,,Comprehensive Health Center,Ilaje,ODSIAE07,4.839904785000044,6.101928711000028
5792410d-d0fd-4800-84c8-019d16554601,Bolowou Primary Health Center,,Primary Health Center,Ilaje,ODSIAE08,4.911315918000071,6.065673828000058
baddd86a-42e5-4625-8645-bc35cc05fb6f,Ikorigho Basic Health Center,,Primary Health Center,Ilaje,ODSIAE11,4.932627279586971,5.954376654260183
2f0a0f8f-b4fe-475b-a63d-12e53bfc3344,Odonla Basic Health Center,,Primary Health Center,Ilaje,ODSIAE11,4.9456750669635845,5.940587023472449
3f74184b-589f-4edb-815d-140ff020b456,Ukpe Primary Health Center,,Primary Health Center,Ilaje,ODSIAE08,4.950500488000046,6.0825195310000595
